ISO-10303-21;
HEADER;
FILE_DESCRIPTION((''),'2;1');
FILE_NAME('XSR700_BARENDMIRRORMOUNT','2026-05-01T19:38:14',('kelly'),(''),
'CREO PARAMETRIC BY PTC INC, 2025102','CREO PARAMETRIC BY PTC INC, 2025102','');
FILE_SCHEMA(('CONFIG_CONTROL_DESIGN'));
ENDSEC;
DATA;
#1=CARTESIAN_POINT('',(0.E0,7.9E-1,0.E0));
#2=DIRECTION('',(0.E0,-1.E0,0.E0));
#3=DIRECTION('',(1.E0,0.E0,0.E0));
#4=AXIS2_PLACEMENT_3D('',#1,#2,#3);
#6=CARTESIAN_POINT('',(0.E0,7.9E-1,0.E0));
#7=DIRECTION('',(0.E0,-1.E0,0.E0));
#8=DIRECTION('',(-1.E0,0.E0,0.E0));
#9=AXIS2_PLACEMENT_3D('',#6,#7,#8);
#11=CARTESIAN_POINT('',(0.E0,7.9E-1,0.E0));
#12=DIRECTION('',(0.E0,1.E0,0.E0));
#13=DIRECTION('',(-1.E0,0.E0,0.E0));
#14=AXIS2_PLACEMENT_3D('',#11,#12,#13);
#16=CARTESIAN_POINT('',(0.E0,7.9E-1,0.E0));
#17=DIRECTION('',(0.E0,1.E0,0.E0));
#18=DIRECTION('',(1.E0,0.E0,0.E0));
#19=AXIS2_PLACEMENT_3D('',#16,#17,#18);
#21=CARTESIAN_POINT('',(6.011811023622E-1,7.4E-1,-2.744072330474E-13));
#22=DIRECTION('',(4.564456451694E-13,0.E0,1.E0));
#23=DIRECTION('',(-2.109423746788E-13,1.E0,0.E0));
#24=AXIS2_PLACEMENT_3D('',#21,#22,#23);
#26=CARTESIAN_POINT('',(-6.011811023622E-1,7.4E-1,2.746119304176E-13));
#27=DIRECTION('',(-4.567873856942E-13,0.E0,-1.E0));
#28=DIRECTION('',(2.131628207280E-13,1.E0,0.E0));
#29=AXIS2_PLACEMENT_3D('',#26,#27,#28);
#31=CARTESIAN_POINT('',(0.E0,7.4E-1,0.E0));
#32=DIRECTION('',(0.E0,-1.E0,0.E0));
#33=DIRECTION('',(-1.E0,0.E0,0.E0));
#34=AXIS2_PLACEMENT_3D('',#31,#32,#33);
#36=CARTESIAN_POINT('',(0.E0,5.E-2,0.E0));
#37=DIRECTION('',(0.E0,1.E0,0.E0));
#38=DIRECTION('',(1.E0,0.E0,0.E0));
#39=AXIS2_PLACEMENT_3D('',#36,#37,#38);
#41=DIRECTION('',(0.E0,1.E0,5.516514932056E-14));
#42=VECTOR('',#41,6.9E-1);
#43=CARTESIAN_POINT('',(-5.511811023622E-1,5.E-2,-1.543701037314E-14));
#44=LINE('',#43,#42);
#45=CARTESIAN_POINT('',(0.E0,7.4E-1,0.E0));
#46=DIRECTION('',(0.E0,-1.E0,0.E0));
#47=DIRECTION('',(1.E0,0.E0,0.E0));
#48=AXIS2_PLACEMENT_3D('',#45,#46,#47);
#50=CARTESIAN_POINT('',(0.E0,5.E-2,0.E0));
#51=DIRECTION('',(0.E0,1.E0,0.E0));
#52=DIRECTION('',(-1.E0,0.E0,0.E0));
#53=AXIS2_PLACEMENT_3D('',#50,#51,#52);
#55=DIRECTION('',(0.E0,1.E0,-5.524697385837E-14));
#56=VECTOR('',#55,6.9E-1);
#57=CARTESIAN_POINT('',(5.511811023622E-1,5.E-2,1.547968943916E-14));
#58=LINE('',#57,#56);
#59=CARTESIAN_POINT('',(-5.011811023622E-1,5.E-2,-4.080997692557E-13));
#60=DIRECTION('',(-8.142739954531E-13,0.E0,1.E0));
#61=DIRECTION('',(-1.E0,0.E0,-8.142739954531E-13));
#62=AXIS2_PLACEMENT_3D('',#59,#60,#61);
#64=CARTESIAN_POINT('',(5.011811023622E-1,5.E-2,4.080989018940E-13));
#65=DIRECTION('',(8.142739954531E-13,0.E0,-1.E0));
#66=DIRECTION('',(1.E0,0.E0,8.142739954531E-13));
#67=AXIS2_PLACEMENT_3D('',#64,#65,#66);
#69=CARTESIAN_POINT('',(0.E0,0.E0,0.E0));
#70=DIRECTION('',(0.E0,-1.E0,0.E0));
#71=DIRECTION('',(1.E0,0.E0,0.E0));
#72=AXIS2_PLACEMENT_3D('',#69,#70,#71);
#74=CARTESIAN_POINT('',(0.E0,0.E0,0.E0));
#75=DIRECTION('',(0.E0,-1.E0,0.E0));
#76=DIRECTION('',(-1.E0,0.E0,0.E0));
#77=AXIS2_PLACEMENT_3D('',#74,#75,#76);
#79=CARTESIAN_POINT('',(0.E0,0.E0,0.E0));
#80=DIRECTION('',(0.E0,1.E0,0.E0));
#81=DIRECTION('',(-1.E0,0.E0,0.E0));
#82=AXIS2_PLACEMENT_3D('',#79,#80,#81);
#84=CARTESIAN_POINT('',(0.E0,0.E0,0.E0));
#85=DIRECTION('',(0.E0,1.E0,0.E0));
#86=DIRECTION('',(1.E0,0.E0,0.E0));
#87=AXIS2_PLACEMENT_3D('',#84,#85,#86);
#89=DIRECTION('',(0.E0,-1.E0,0.E0));
#90=VECTOR('',#89,5.E-2);
#91=CARTESIAN_POINT('',(4.25E-1,0.E0,0.E0));
#92=LINE('',#91,#90);
#93=DIRECTION('',(0.E0,-1.E0,0.E0));
#94=VECTOR('',#93,5.E-2);
#95=CARTESIAN_POINT('',(-4.25E-1,0.E0,0.E0));
#96=LINE('',#95,#94);
#97=CARTESIAN_POINT('',(0.E0,-5.E-2,0.E0));
#98=DIRECTION('',(0.E0,-1.E0,0.E0));
#99=DIRECTION('',(1.E0,0.E0,0.E0));
#100=AXIS2_PLACEMENT_3D('',#97,#98,#99);
#102=CARTESIAN_POINT('',(0.E0,-5.E-2,0.E0));
#103=DIRECTION('',(0.E0,-1.E0,0.E0));
#104=DIRECTION('',(-1.E0,0.E0,0.E0));
#105=AXIS2_PLACEMENT_3D('',#102,#103,#104);
#107=CARTESIAN_POINT('',(0.E0,-5.E-2,0.E0));
#108=DIRECTION('',(0.E0,-1.E0,0.E0));
#109=DIRECTION('',(-1.E0,0.E0,0.E0));
#110=AXIS2_PLACEMENT_3D('',#107,#108,#109);
#112=CARTESIAN_POINT('',(0.E0,-5.E-2,0.E0));
#113=DIRECTION('',(0.E0,-1.E0,0.E0));
#114=DIRECTION('',(1.E0,0.E0,0.E0));
#115=AXIS2_PLACEMENT_3D('',#112,#113,#114);
#117=CARTESIAN_POINT('',(-7.E-1,0.E0,2.344339999905E-13));
#118=DIRECTION('',(-3.349057142721E-13,0.E0,-1.E0));
#119=DIRECTION('',(0.E0,-1.E0,0.E0));
#120=AXIS2_PLACEMENT_3D('',#117,#118,#119);
#122=CARTESIAN_POINT('',(7.E-1,0.E0,-2.343420596462E-13));
#123=DIRECTION('',(3.347738752879E-13,0.E0,1.E0));
#124=DIRECTION('',(0.E0,-1.E0,0.E0));
#125=AXIS2_PLACEMENT_3D('',#122,#123,#124);
#127=DIRECTION('',(0.E0,1.E0,0.E0));
#128=VECTOR('',#127,5.25E-1);
#129=CARTESIAN_POINT('',(0.E0,1.075E-1,7.5E-1));
#130=LINE('',#129,#128);
#131=CARTESIAN_POINT('',(-3.630949453371E-1,7.325000735788E-1,
6.562483140264E-1));
#132=CARTESIAN_POINT('',(-3.553369879315E-1,7.324998995213E-1,
6.605410536864E-1));
#133=CARTESIAN_POINT('',(-3.398150070061E-1,7.318737387855E-1,
6.687681659698E-1));
#134=CARTESIAN_POINT('',(-3.167123493995E-1,7.294776273218E-1,
6.800072963811E-1));
#135=CARTESIAN_POINT('',(-2.935908939479E-1,7.258957970997E-1,
6.902993377652E-1));
#136=CARTESIAN_POINT('',(-2.706205632530E-1,7.213714141270E-1,
6.996196041541E-1));
#137=CARTESIAN_POINT('',(-2.473113039449E-1,7.159676095301E-1,
7.082000778877E-1));
#138=CARTESIAN_POINT('',(-2.229193356503E-1,7.095786170730E-1,
7.162679174590E-1));
#139=CARTESIAN_POINT('',(-1.966480755213E-1,7.019944047005E-1,
7.239453222724E-1));
#140=CARTESIAN_POINT('',(-1.681394150086E-1,6.930840794553E-1,
7.311222151169E-1));
#141=CARTESIAN_POINT('',(-1.474409438455E-1,6.861836781330E-1,
7.354460280662E-1));
#142=CARTESIAN_POINT('',(-1.366836259778E-1,6.824999905512E-1,
7.374398866277E-1));
#144=CARTESIAN_POINT('',(0.E0,7.325E-1,0.E0));
#145=DIRECTION('',(0.E0,-1.E0,0.E0));
#146=DIRECTION('',(-4.841141648483E-1,0.E0,8.750048430684E-1));
#147=AXIS2_PLACEMENT_3D('',#144,#145,#146);
#149=CARTESIAN_POINT('',(-7.374398844760E-1,6.824999944705E-1,
1.366836375867E-1));
#150=CARTESIAN_POINT('',(-7.356866485668E-1,6.857391349434E-1,
1.461427384329E-1));
#151=CARTESIAN_POINT('',(-7.318043480304E-1,6.920831834177E-1,
1.650815054741E-1));
#152=CARTESIAN_POINT('',(-7.246822953224E-1,7.011984290925E-1,
1.939841988372E-1));
#153=CARTESIAN_POINT('',(-7.165665814600E-1,7.093560482356E-1,
2.220468851654E-1));
#154=CARTESIAN_POINT('',(-7.076400135437E-1,7.164328815164E-1,
2.490441519238E-1));
#155=CARTESIAN_POINT('',(-6.972362988315E-1,7.227659976297E-1,
2.768963286018E-1));
#156=CARTESIAN_POINT('',(-6.852991459145E-1,7.279184804177E-1,
3.052499646781E-1));
#157=CARTESIAN_POINT('',(-6.721634001109E-1,7.314465293505E-1,
3.332231975081E-1));
#158=CARTESIAN_POINT('',(-6.618062034457E-1,7.324997725285E-1,
3.530493641725E-1));
#159=CARTESIAN_POINT('',(-6.562550033505E-1,7.325003890957E-1,
3.630829370793E-1));
#161=CARTESIAN_POINT('',(0.E0,6.825E-1,0.E0));
#162=DIRECTION('',(0.E0,1.E0,0.E0));
#163=DIRECTION('',(-1.E0,0.E0,0.E0));
#164=AXIS2_PLACEMENT_3D('',#161,#162,#163);
#166=DIRECTION('',(0.E0,1.E0,5.543941975352E-13));
#167=VECTOR('',#166,5.75E-2);
#168=CARTESIAN_POINT('',(-7.5E-1,6.825E-1,0.E0));
#169=LINE('',#168,#167);
#170=CARTESIAN_POINT('',(0.E0,7.4E-1,0.E0));
#171=DIRECTION('',(0.E0,1.E0,0.E0));
#172=DIRECTION('',(-1.E0,0.E0,0.E0));
#173=AXIS2_PLACEMENT_3D('',#170,#171,#172);
#175=DIRECTION('',(0.E0,-1.E0,0.E0));
#176=VECTOR('',#175,7.4E-1);
#177=CARTESIAN_POINT('',(7.5E-1,7.4E-1,-3.168544368574E-14));
#178=LINE('',#177,#176);
#179=CARTESIAN_POINT('',(0.E0,0.E0,0.E0));
#180=DIRECTION('',(0.E0,-1.E0,0.E0));
#181=DIRECTION('',(1.E0,0.E0,0.E0));
#182=AXIS2_PLACEMENT_3D('',#179,#180,#181);
#184=DIRECTION('',(0.E0,1.E0,-4.292452121574E-13));
#185=VECTOR('',#184,5.75E-2);
#186=CARTESIAN_POINT('',(-7.5E-1,0.E0,2.458975118912E-14));
#187=LINE('',#186,#185);
#188=CARTESIAN_POINT('',(0.E0,5.75E-2,0.E0));
#189=DIRECTION('',(0.E0,1.E0,0.E0));
#190=DIRECTION('',(-1.E0,0.E0,0.E0));
#191=AXIS2_PLACEMENT_3D('',#188,#189,#190);
#193=CARTESIAN_POINT('',(-6.562494181702E-1,7.499805607479E-3,
3.630925382036E-1));
#194=CARTESIAN_POINT('',(-6.612276971598E-1,7.500052360679E-3,
3.540956148810E-1));
#195=CARTESIAN_POINT('',(-6.707512788080E-1,8.338686470783E-3,
3.360092348888E-1));
#196=CARTESIAN_POINT('',(-6.837518184147E-1,1.156995226886E-2,
3.086808922962E-1));
#197=CARTESIAN_POINT('',(-6.953864659361E-1,1.633176705476E-2,
2.814576661618E-1));
#198=CARTESIAN_POINT('',(-7.056324283635E-1,2.220530405682E-2,
2.546722735312E-1));
#199=CARTESIAN_POINT('',(-7.149764600378E-1,2.923758926987E-2,
2.271449286440E-1));
#200=CARTESIAN_POINT('',(-7.233378115756E-1,3.730991339292E-2,
1.989308078603E-1));
#201=CARTESIAN_POINT('',(-7.308034744540E-1,4.644184946439E-2,
1.695833466262E-1));
#202=CARTESIAN_POINT('',(-7.353561274585E-1,5.365023113941E-2,
1.479259758197E-1));
#203=CARTESIAN_POINT('',(-7.374398827805E-1,5.750000235846E-2,
1.366836467345E-1));
#205=CARTESIAN_POINT('',(0.E0,7.5E-3,0.E0));
#206=DIRECTION('',(0.E0,1.E0,0.E0));
#207=DIRECTION('',(-8.750104304384E-1,0.E0,4.841040659031E-1));
#208=AXIS2_PLACEMENT_3D('',#205,#206,#207);
#210=CARTESIAN_POINT('',(-1.366836384575E-1,5.750000516187E-2,
7.374398843146E-1));
#211=CARTESIAN_POINT('',(-1.468524879214E-1,5.401782936835E-2,
7.355550979911E-1));
#212=CARTESIAN_POINT('',(-1.665181277281E-1,4.745112658807E-2,
7.314741370614E-1));
#213=CARTESIAN_POINT('',(-1.938806391709E-1,3.885065605040E-2,
7.246789273901E-1));
#214=CARTESIAN_POINT('',(-2.194870288619E-1,3.137959349198E-2,
7.173213231509E-1));
#215=CARTESIAN_POINT('',(-2.436893318286E-1,2.493831017809E-2,
7.094544401220E-1));
#216=CARTESIAN_POINT('',(-2.672570727954E-1,1.935631673112E-2,
7.009170218551E-1));
#217=CARTESIAN_POINT('',(-2.908319322123E-1,1.459178839076E-2,
6.914736271371E-1));
#218=CARTESIAN_POINT('',(-3.143767514537E-1,1.083094219942E-2,
6.810926606558E-1));
#219=CARTESIAN_POINT('',(-3.378799025398E-1,8.254885588920E-3,
6.697619870259E-1));
#220=CARTESIAN_POINT('',(-3.545951170868E-1,7.500275483929E-3,
6.609513350965E-1));
#221=CARTESIAN_POINT('',(-3.630882126731E-1,7.499831750357E-3,
6.562518835930E-1));
#223=CARTESIAN_POINT('',(-3.750000016261E-1,3.7E-1,7.5E-1));
#224=DIRECTION('',(0.E0,0.E0,1.E0));
#225=DIRECTION('',(0.E0,-1.E0,0.E0));
#226=AXIS2_PLACEMENT_3D('',#223,#224,#225);
#228=CARTESIAN_POINT('',(-3.750000016261E-1,3.7E-1,7.5E-1));
#229=DIRECTION('',(0.E0,0.E0,1.E0));
#230=DIRECTION('',(0.E0,1.E0,0.E0));
#231=AXIS2_PLACEMENT_3D('',#228,#229,#230);
#233=DIRECTION('',(1.E0,0.E0,0.E0));
#234=VECTOR('',#233,6.5E-1);
#235=CARTESIAN_POINT('',(-6.5E-1,6.325E-1,7.5E-1));
#236=LINE('',#235,#234);
#237=DIRECTION('',(-1.E0,0.E0,0.E0));
#238=VECTOR('',#237,6.5E-1);
#239=CARTESIAN_POINT('',(0.E0,1.075E-1,7.5E-1));
#240=LINE('',#239,#238);
#241=DIRECTION('',(0.E0,-1.E0,0.E0));
#242=VECTOR('',#241,5.25E-1);
#243=CARTESIAN_POINT('',(-6.5E-1,6.325E-1,7.5E-1));
#244=LINE('',#243,#242);
#245=CARTESIAN_POINT('',(-3.750000017481E-1,1.231496062992E-1,8.E-1));
#246=DIRECTION('',(1.E0,-4.942792251883E-10,0.E0));
#247=DIRECTION('',(0.E0,1.493000167940E-10,-1.E0));
#248=AXIS2_PLACEMENT_3D('',#245,#246,#247);
#250=CARTESIAN_POINT('',(-3.750000015041E-1,6.168503937008E-1,8.E-1));
#251=DIRECTION('',(-1.E0,4.942792251883E-10,0.E0));
#252=DIRECTION('',(0.E0,-1.492983514595E-10,-1.E0));
#253=AXIS2_PLACEMENT_3D('',#250,#251,#252);
#255=CARTESIAN_POINT('',(-3.750000016261E-1,3.7E-1,1.37E0));
#256=DIRECTION('',(0.E0,0.E0,1.E0));
#257=DIRECTION('',(0.E0,1.E0,0.E0));
#258=AXIS2_PLACEMENT_3D('',#255,#256,#257);
#260=CARTESIAN_POINT('',(-3.750000016261E-1,3.7E-1,8.E-1));
#261=DIRECTION('',(0.E0,0.E0,1.E0));
#262=DIRECTION('',(0.E0,1.E0,0.E0));
#263=AXIS2_PLACEMENT_3D('',#260,#261,#262);
#265=DIRECTION('',(7.157544537568E-10,0.E0,1.E0));
#266=VECTOR('',#265,5.7E-1);
#267=CARTESIAN_POINT('',(-3.750000016425E-1,5.668503937008E-1,8.E-1));
#268=LINE('',#267,#266);
#269=CARTESIAN_POINT('',(-3.750000015734E-1,5.168503937008E-1,1.37E0));
#270=DIRECTION('',(-1.E0,3.590628419592E-10,0.E0));
#271=DIRECTION('',(0.E0,0.E0,1.E0));
#272=AXIS2_PLACEMENT_3D('',#269,#270,#271);
#274=CARTESIAN_POINT('',(-3.750000016261E-1,3.7E-1,1.42E0));
#275=DIRECTION('',(0.E0,0.E0,1.E0));
#276=DIRECTION('',(0.E0,-1.E0,0.E0));
#277=AXIS2_PLACEMENT_3D('',#274,#275,#276);
#279=CARTESIAN_POINT('',(-3.750000016261E-1,3.7E-1,1.42E0));
#280=DIRECTION('',(0.E0,0.E0,1.E0));
#281=DIRECTION('',(0.E0,1.E0,0.E0));
#282=AXIS2_PLACEMENT_3D('',#279,#280,#281);
#284=CARTESIAN_POINT('',(-3.750000016788E-1,2.231496062992E-1,1.37E0));
#285=DIRECTION('',(1.E0,-3.590627378758E-10,0.E0));
#286=DIRECTION('',(0.E0,0.E0,1.E0));
#287=AXIS2_PLACEMENT_3D('',#284,#285,#286);
#289=CARTESIAN_POINT('',(-3.750000016261E-1,3.7E-1,1.37E0));
#290=DIRECTION('',(0.E0,0.E0,1.E0));
#291=DIRECTION('',(0.E0,-1.E0,0.E0));
#292=AXIS2_PLACEMENT_3D('',#289,#290,#291);
#294=CARTESIAN_POINT('',(-3.750000016261E-1,3.7E-1,8.E-1));
#295=DIRECTION('',(0.E0,0.E0,1.E0));
#296=DIRECTION('',(0.E0,-1.E0,0.E0));
#297=AXIS2_PLACEMENT_3D('',#294,#295,#296);
#299=DIRECTION('',(-7.157544537568E-10,0.E0,1.E0));
#300=VECTOR('',#299,5.7E-1);
#301=CARTESIAN_POINT('',(-3.750000016096E-1,1.731496062992E-1,8.E-1));
#302=LINE('',#301,#300);
#303=CARTESIAN_POINT('',(-6.5E-1,6.325E-1,7.E-1));
#304=DIRECTION('',(-1.E0,0.E0,0.E0));
#305=DIRECTION('',(0.E0,0.E0,1.E0));
#306=AXIS2_PLACEMENT_3D('',#303,#304,#305);
#308=DIRECTION('',(-6.023890989600E-8,-2.013236635353E-7,1.E0));
#309=VECTOR('',#308,2.627017432194E-1);
#310=CARTESIAN_POINT('',(-6.999999841751E-1,6.825000528881E-1,
3.872982567806E-1));
#311=LINE('',#310,#309);
#312=CARTESIAN_POINT('',(0.E0,6.825E-1,0.E0));
#313=DIRECTION('',(0.E0,-1.E0,0.E0));
#314=DIRECTION('',(-4.841229182759E-1,0.E0,8.75E-1));
#315=AXIS2_PLACEMENT_3D('',#312,#313,#314);
#317=DIRECTION('',(1.E0,1.144873392828E-7,1.000608205765E-7));
#318=VECTOR('',#317,2.627015372372E-1);
#319=CARTESIAN_POINT('',(-6.5E-1,6.825E-1,7.E-1));
#320=LINE('',#319,#318);
#321=CARTESIAN_POINT('',(-6.5E-1,6.825E-1,6.5E-1));
#322=DIRECTION('',(0.E0,1.E0,0.E0));
#323=DIRECTION('',(-1.E0,0.E0,-1.332267629550E-14));
#324=AXIS2_PLACEMENT_3D('',#321,#322,#323);
#326=DIRECTION('',(0.E0,0.E0,1.E0));
#327=VECTOR('',#326,6.5E-1);
#328=CARTESIAN_POINT('',(-7.5E-1,6.325E-1,0.E0));
#329=LINE('',#328,#327);
#330=DIRECTION('',(0.E0,-1.E0,0.E0));
#331=VECTOR('',#330,5.25E-1);
#332=CARTESIAN_POINT('',(-7.5E-1,6.325E-1,6.5E-1));
#333=LINE('',#332,#331);
#334=DIRECTION('',(0.E0,0.E0,-1.E0));
#335=VECTOR('',#334,6.5E-1);
#336=CARTESIAN_POINT('',(-7.5E-1,1.075E-1,6.5E-1));
#337=LINE('',#336,#335);
#338=CARTESIAN_POINT('',(-6.5E-1,1.075E-1,6.5E-1));
#339=DIRECTION('',(0.E0,-1.E0,0.E0));
#340=DIRECTION('',(0.E0,0.E0,1.E0));
#341=AXIS2_PLACEMENT_3D('',#338,#339,#340);
#343=CARTESIAN_POINT('',(-6.5E-1,1.075E-1,7.E-1));
#344=DIRECTION('',(-1.E0,0.E0,0.E0));
#345=DIRECTION('',(0.E0,-1.E0,0.E0));
#346=AXIS2_PLACEMENT_3D('',#343,#344,#345);
#348=DIRECTION('',(-1.E0,2.360520892794E-7,-8.857363223201E-8));
#349=VECTOR('',#348,2.627015516962E-1);
#350=CARTESIAN_POINT('',(-3.872984483038E-1,5.749993798875E-2,
7.000000232684E-1));
#351=LINE('',#350,#349);
#352=CARTESIAN_POINT('',(0.E0,5.75E-2,0.E0));
#353=DIRECTION('',(0.E0,1.E0,0.E0));
#354=DIRECTION('',(-8.75E-1,0.E0,4.841229182759E-1));
#355=AXIS2_PLACEMENT_3D('',#352,#353,#354);
#357=DIRECTION('',(-7.575014685275E-8,-2.897575958292E-7,-1.E0));
#358=VECTOR('',#357,2.627015678937E-1);
#359=CARTESIAN_POINT('',(-7.E-1,5.75E-2,6.5E-1));
#360=LINE('',#359,#358);
#361=CARTESIAN_POINT('',(-6.5E-1,5.75E-2,6.5E-1));
#362=DIRECTION('',(0.E0,-1.E0,0.E0));
#363=DIRECTION('',(0.E0,0.E0,1.E0));
#364=AXIS2_PLACEMENT_3D('',#361,#362,#363);
#366=CARTESIAN_POINT('',(0.E0,1.075E-1,7.5E-1));
#367=CARTESIAN_POINT('',(-1.484569965421E-2,1.019012676954E-1,
7.500000159970E-1));
#368=CARTESIAN_POINT('',(-4.474258652598E-2,9.063196543184E-2,
7.490769445961E-1));
#369=CARTESIAN_POINT('',(-8.744021365066E-2,7.481404672249E-2,
7.453437748110E-1));
#370=CARTESIAN_POINT('',(-1.199146422961E-1,6.324236356920E-2,
7.405479792985E-1));
#371=CARTESIAN_POINT('',(-1.366836384575E-1,5.750000516187E-2,
7.374398843146E-1));
#373=CARTESIAN_POINT('',(0.E0,1.075E-1,7.5E-1));
#374=CARTESIAN_POINT('',(-1.583775591322E-2,1.047002950959E-1,
7.500000159994E-1));
#375=CARTESIAN_POINT('',(-4.772358379993E-2,9.906621865029E-2,
7.495077533498E-1));
#376=CARTESIAN_POINT('',(-9.327247865520E-2,9.115664695189E-2,
7.475164865183E-1));
#377=CARTESIAN_POINT('',(-1.279033771623E-1,8.537192853601E-2,
7.449593495208E-1));
#378=CARTESIAN_POINT('',(-1.457958338062E-1,8.250000957938E-2,
7.433012757199E-1));
#380=CARTESIAN_POINT('',(-3.872986618674E-1,7.499503889702E-3,
6.999996504504E-1));
#381=DIRECTION('',(-8.749985367758E-1,-5.350360213258E-6,-4.841255628570E-1));
#382=DIRECTION('',(-6.109006449016E-6,9.999999999813E-1,-1.030416413874E-8));
#383=AXIS2_PLACEMENT_3D('',#380,#381,#382);
#385=CARTESIAN_POINT('',(-1.457958338062E-1,8.250000957938E-2,
7.433012757199E-1));
#386=CARTESIAN_POINT('',(-1.566422610341E-1,8.075899697191E-2,
7.422961009969E-1));
#387=CARTESIAN_POINT('',(-1.776203686497E-1,7.747538914618E-2,
7.401194255642E-1));
#388=CARTESIAN_POINT('',(-2.068073322929E-1,7.317514161035E-2,
7.364952422395E-1));
#389=CARTESIAN_POINT('',(-2.341215356843E-1,6.943952984199E-2,
7.325710512011E-1));
#390=CARTESIAN_POINT('',(-2.599381837882E-1,6.621883115322E-2,
7.283751862087E-1));
#391=CARTESIAN_POINT('',(-2.850777537249E-1,6.342780408415E-2,
7.238217208906E-1));
#392=CARTESIAN_POINT('',(-3.102249505108E-1,6.104564809395E-2,
7.187849964588E-1));
#393=CARTESIAN_POINT('',(-3.353386892416E-1,5.916518039067E-2,
7.132486776562E-1));
#394=CARTESIAN_POINT('',(-3.604183230389E-1,5.787741799550E-2,
7.072029241097E-1));
#395=CARTESIAN_POINT('',(-3.782268660096E-1,5.750007607505E-2,
7.025098264070E-1));
#396=CARTESIAN_POINT('',(-3.872984483038E-1,5.749993798875E-2,
7.000000232684E-1));
#398=CARTESIAN_POINT('',(-1.457958962074E-1,5.750000013130E-2,
7.866025404543E-1));
#399=DIRECTION('',(-9.376487441491E-1,-3.010168178115E-1,-1.737921401856E-1));
#400=DIRECTION('',(1.253132042578E-9,4.999999957594E-1,-8.660254062328E-1));
#401=AXIS2_PLACEMENT_3D('',#398,#399,#400);
#403=CARTESIAN_POINT('',(-7.000000198997E-1,5.749992388023E-2,
3.872984321064E-1));
#404=CARTESIAN_POINT('',(-7.026577591333E-1,5.750007180891E-2,
3.776922937456E-1));
#405=CARTESIAN_POINT('',(-7.077315855962E-1,5.791953479771E-2,
3.584188219537E-1));
#406=CARTESIAN_POINT('',(-7.146680179579E-1,5.953511256022E-2,
3.292579796983E-1));
#407=CARTESIAN_POINT('',(-7.208720483327E-1,6.191571079191E-2,
3.002247662125E-1));
#408=CARTESIAN_POINT('',(-7.263371320505E-1,6.485258473029E-2,
2.716512031505E-1));
#409=CARTESIAN_POINT('',(-7.313205714386E-1,6.836866891725E-2,
2.422890479388E-1));
#410=CARTESIAN_POINT('',(-7.357800771386E-1,7.240488159434E-2,
2.121934124673E-1));
#411=CARTESIAN_POINT('',(-7.397617836562E-1,7.697081135965E-2,
1.808895076004E-1));
#412=CARTESIAN_POINT('',(-7.421900434620E-1,8.057530048111E-2,
1.577867173847E-1));
#413=CARTESIAN_POINT('',(-7.433012785285E-1,8.250001444395E-2,
1.457958023923E-1));
#415=CARTESIAN_POINT('',(-6.999972886060E-1,7.499390801849E-3,
3.873028635149E-1));
#416=DIRECTION('',(4.841313253020E-1,4.465863322793E-6,8.749953484685E-1));
#417=DIRECTION('',(8.749953483859E-1,1.218363478752E-5,-4.841313253185E-1));
#418=AXIS2_PLACEMENT_3D('',#415,#416,#417);
#420=CARTESIAN_POINT('',(-7.374398827805E-1,5.750000235846E-2,
1.366836467345E-1));
#421=CARTESIAN_POINT('',(-7.401253592095E-1,6.246154183860E-2,
1.221947969814E-1));
#422=CARTESIAN_POINT('',(-7.446628761734E-1,7.288329029028E-2,
9.276714229583E-2));
#423=CARTESIAN_POINT('',(-7.488280738555E-1,8.884558961167E-2,
4.949281110419E-2));
#424=CARTESIAN_POINT('',(-7.499999277256E-1,1.011344075931E-1,
1.687885471866E-2));
#425=CARTESIAN_POINT('',(-7.5E-1,1.075E-1,0.E0));
#427=CARTESIAN_POINT('',(-7.433012785285E-1,8.250001444395E-2,
1.457958023923E-1));
#428=CARTESIAN_POINT('',(-7.447336683709E-1,8.498102656904E-2,
1.303388389744E-1));
#429=CARTESIAN_POINT('',(-7.471534653693E-1,9.019150414847E-2,
9.895300038332E-2));
#430=CARTESIAN_POINT('',(-7.493750042531E-1,9.817292185859E-2,
5.279091454834E-2));
#431=CARTESIAN_POINT('',(-7.499999277165E-1,1.043169651729E-1,
1.800648853365E-2));
#432=CARTESIAN_POINT('',(-7.5E-1,1.075E-1,0.E0));
#434=CARTESIAN_POINT('',(-7.866025401630E-1,5.749999962677E-2,
1.457958977790E-1));
#435=DIRECTION('',(-1.737921421011E-1,3.010168170793E-1,-9.376487440291E-1));
#436=DIRECTION('',(8.660253576823E-1,5.000000798513E-1,3.258233460812E-8));
#437=AXIS2_PLACEMENT_3D('',#434,#435,#436);
#439=DIRECTION('',(0.E0,1.E0,0.E0));
#440=VECTOR('',#439,5.25E-1);
#441=CARTESIAN_POINT('',(-7.5E-1,1.075E-1,0.E0));
#442=LINE('',#441,#440);
#443=CARTESIAN_POINT('',(0.E0,0.E0,0.E0));
#444=DIRECTION('',(0.E0,-1.E0,0.E0));
#445=DIRECTION('',(-1.E0,0.E0,0.E0));
#446=AXIS2_PLACEMENT_3D('',#443,#444,#445);
#448=CARTESIAN_POINT('',(0.E0,7.4E-1,0.E0));
#449=DIRECTION('',(0.E0,1.E0,0.E0));
#450=DIRECTION('',(1.E0,0.E0,0.E0));
#451=AXIS2_PLACEMENT_3D('',#448,#449,#450);
#453=CARTESIAN_POINT('',(-7.5E-1,6.325E-1,0.E0));
#454=CARTESIAN_POINT('',(-7.500000114039E-1,6.381517939081E-1,
1.498639653628E-2));
#455=CARTESIAN_POINT('',(-7.490574615360E-1,6.494902284413E-1,
4.506863104194E-2));
#456=CARTESIAN_POINT('',(-7.453231992343E-1,6.652365819925E-1,
8.758124820843E-2));
#457=CARTESIAN_POINT('',(-7.405369711464E-1,6.767779742108E-1,
1.199740333681E-1));
#458=CARTESIAN_POINT('',(-7.374398844760E-1,6.824999944705E-1,
1.366836375867E-1));
#460=CARTESIAN_POINT('',(-7.5E-1,6.325E-1,0.E0));
#461=CARTESIAN_POINT('',(-7.500000114056E-1,6.353262273184E-1,
1.598781691033E-2));
#462=CARTESIAN_POINT('',(-7.494973623108E-1,6.409948838210E-1,
4.807138497390E-2));
#463=CARTESIAN_POINT('',(-7.475055164310E-1,6.488686597475E-1,
9.342286799462E-2));
#464=CARTESIAN_POINT('',(-7.449534701770E-1,6.546382548332E-1,
1.279668248951E-1));
#465=CARTESIAN_POINT('',(-7.433012770220E-1,6.574999881655E-1,
1.457958186003E-1));
#467=CARTESIAN_POINT('',(-7.000004487550E-1,7.325011663218E-1,
3.872968571639E-1));
#468=DIRECTION('',(4.841260352104E-1,1.851424824767E-5,8.749982752490E-1));
#469=DIRECTION('',(3.317601254866E-6,-9.999999998078E-1,1.932359363501E-5));
#470=AXIS2_PLACEMENT_3D('',#467,#468,#469);
#472=CARTESIAN_POINT('',(-7.433012770220E-1,6.574999881655E-1,
1.457958186003E-1));
#473=CARTESIAN_POINT('',(-7.423661423968E-1,6.591196875831E-1,
1.558865410535E-1));
#474=CARTESIAN_POINT('',(-7.402954994742E-1,6.622918146905E-1,
1.760882680822E-1));
#475=CARTESIAN_POINT('',(-7.364968518730E-1,6.668496209351E-1,
2.069192255181E-1));
#476=CARTESIAN_POINT('',(-7.321682408905E-1,6.709285139384E-1,
2.368537793593E-1));
#477=CARTESIAN_POINT('',(-7.274069722700E-1,6.744671491528E-1,
2.656529840377E-1));
#478=CARTESIAN_POINT('',(-7.218578786570E-1,6.776335269236E-1,
2.953630662541E-1));
#479=CARTESIAN_POINT('',(-7.154919245747E-1,6.802097419027E-1,
3.256047718241E-1));
#480=CARTESIAN_POINT('',(-7.084814106972E-1,6.819735074178E-1,
3.554601828004E-1));
#481=CARTESIAN_POINT('',(-7.029661048254E-1,6.824999616413E-1,
3.765772821401E-1));
#482=CARTESIAN_POINT('',(-6.999999841751E-1,6.825000528881E-1,
3.872982567806E-1));
#484=CARTESIAN_POINT('',(-7.866025403781E-1,6.825000000006E-1,
1.457958966182E-1));
#485=DIRECTION('',(1.737921406863E-1,3.010168176201E-1,9.376487441177E-1));
#486=DIRECTION('',(8.660254173842E-1,-4.999999764444E-1,-1.008532035662E-8));
#487=AXIS2_PLACEMENT_3D('',#484,#485,#486);
#489=CARTESIAN_POINT('',(-3.872984627628E-1,6.825000300760E-1,
7.000000262861E-1));
#490=CARTESIAN_POINT('',(-3.790177707916E-1,6.824999204982E-1,
7.022908910275E-1));
#491=CARTESIAN_POINT('',(-3.624769270403E-1,6.821868131535E-1,
7.066744369224E-1));
#492=CARTESIAN_POINT('',(-3.378262044391E-1,6.809887999434E-1,
7.126706531089E-1));
#493=CARTESIAN_POINT('',(-3.131656090009E-1,6.791979567304E-1,
7.181591874336E-1));
#494=CARTESIAN_POINT('',(-2.886633285258E-1,6.769358245020E-1,
7.231301682957E-1));
#495=CARTESIAN_POINT('',(-2.637998655837E-1,6.742339108585E-1,
7.277064870466E-1));
#496=CARTESIAN_POINT('',(-2.377811973827E-1,6.710393764489E-1,
7.320094518111E-1));
#497=CARTESIAN_POINT('',(-2.097581647741E-1,6.672472270307E-1,
7.361041251425E-1));
#498=CARTESIAN_POINT('',(-1.793492378083E-1,6.627921392803E-1,
7.399317870919E-1));
#499=CARTESIAN_POINT('',(-1.572695361563E-1,6.593416871064E-1,
7.422379709232E-1));
#500=CARTESIAN_POINT('',(-1.457958341304E-1,6.574999905421E-1,
7.433012756498E-1));
#502=CARTESIAN_POINT('',(-3.873026573337E-1,7.325002408014E-1,
6.999975190630E-1));
#503=DIRECTION('',(-8.749963690524E-1,-8.521599248766E-6,-4.841294806893E-1));
#504=DIRECTION('',(4.841294807372E-1,-4.815355672449E-6,-8.749963690541E-1));
#505=AXIS2_PLACEMENT_3D('',#502,#503,#504);
#507=CARTESIAN_POINT('',(-1.366836259778E-1,6.824999905512E-1,
7.374398866277E-1));
#508=CARTESIAN_POINT('',(-1.224279698858E-1,6.776183062306E-1,
7.400821407798E-1));
#509=CARTESIAN_POINT('',(-9.330813581264E-2,6.673132964876E-1,
7.445965801169E-1));
#510=CARTESIAN_POINT('',(-4.964320572377E-2,6.512118543588E-1,
7.488254558293E-1));
#511=CARTESIAN_POINT('',(-1.694131752972E-2,6.388891644162E-1,
7.499999196694E-1));
#512=CARTESIAN_POINT('',(0.E0,6.325E-1,7.5E-1));
#514=CARTESIAN_POINT('',(-1.457958341304E-1,6.574999905421E-1,
7.433012756498E-1));
#515=CARTESIAN_POINT('',(-1.305879398361E-1,6.550589557655E-1,
7.447105858402E-1));
#516=CARTESIAN_POINT('',(-9.952988604525E-2,6.499067625237E-1,
7.471181219760E-1));
#517=CARTESIAN_POINT('',(-5.295136964151E-2,6.418558085425E-1,
7.493736054585E-1));
#518=CARTESIAN_POINT('',(-1.807315198797E-2,6.356948185757E-1,
7.499999196592E-1));
#519=CARTESIAN_POINT('',(0.E0,6.325E-1,7.5E-1));
#521=CARTESIAN_POINT('',(-1.457958993774E-1,6.825000008864E-1,
7.866025398667E-1));
#522=DIRECTION('',(9.376487439071E-1,-3.010168163347E-1,1.737921440493E-1));
#523=DIRECTION('',(-7.702056492587E-8,-5.000001887994E-1,-8.660252947810E-1));
#524=AXIS2_PLACEMENT_3D('',#521,#522,#523);
#526=CARTESIAN_POINT('',(7.E-1,7.4E-1,1.318355147273E-13));
#527=DIRECTION('',(1.883389277868E-13,0.E0,-1.E0));
#528=DIRECTION('',(0.E0,1.E0,0.E0));
#529=AXIS2_PLACEMENT_3D('',#526,#527,#528);
#531=CARTESIAN_POINT('',(-7.E-1,7.4E-1,-1.315805103763E-13));
#532=DIRECTION('',(-1.879746358568E-13,0.E0,1.E0));
#533=DIRECTION('',(0.E0,1.E0,0.E0));
#534=AXIS2_PLACEMENT_3D('',#531,#532,#533);
#536=CARTESIAN_POINT('',(-7.E-1,1.075E-1,6.5E-1));
#537=DIRECTION('',(0.E0,0.E0,1.E0));
#538=DIRECTION('',(-1.E0,0.E0,0.E0));
#539=AXIS2_PLACEMENT_3D('',#536,#537,#538);
#541=CARTESIAN_POINT('',(-6.5E-1,6.325E-1,6.5E-1));
#542=DIRECTION('',(0.E0,1.E0,0.E0));
#543=DIRECTION('',(-1.E0,0.E0,0.E0));
#544=AXIS2_PLACEMENT_3D('',#541,#542,#543);
#546=CARTESIAN_POINT('',(-7.E-1,6.325E-1,6.5E-1));
#547=DIRECTION('',(0.E0,0.E0,1.E0));
#548=DIRECTION('',(0.E0,1.E0,0.E0));
#549=AXIS2_PLACEMENT_3D('',#546,#547,#548);
#551=CARTESIAN_POINT('',(4.25E-1,0.E0,0.E0));
#552=CARTESIAN_POINT('',(-4.25E-1,0.E0,0.E0));
#553=VERTEX_POINT('',#551);
#554=VERTEX_POINT('',#552);
#555=CARTESIAN_POINT('',(4.25E-1,-5.E-2,0.E0));
#556=CARTESIAN_POINT('',(-4.25E-1,-5.E-2,0.E0));
#557=VERTEX_POINT('',#555);
#558=VERTEX_POINT('',#556);
#559=CARTESIAN_POINT('',(-3.750000016261E-1,1.231496062992E-1,7.5E-1));
#560=CARTESIAN_POINT('',(-3.750000016261E-1,6.168503937008E-1,7.5E-1));
#561=VERTEX_POINT('',#559);
#562=VERTEX_POINT('',#560);
#563=CARTESIAN_POINT('',(-3.750000016261E-1,1.731496062992E-1,8.E-1));
#564=CARTESIAN_POINT('',(-3.750000016261E-1,5.668503937008E-1,8.E-1));
#565=VERTEX_POINT('',#563);
#566=VERTEX_POINT('',#564);
#567=CARTESIAN_POINT('',(-5.511811023622E-1,5.E-2,0.E0));
#568=CARTESIAN_POINT('',(5.511811023622E-1,5.E-2,0.E0));
#569=VERTEX_POINT('',#567);
#570=VERTEX_POINT('',#568);
#571=CARTESIAN_POINT('',(-5.011811023622E-1,0.E0,0.E0));
#572=CARTESIAN_POINT('',(5.011811023622E-1,0.E0,0.E0));
#573=VERTEX_POINT('',#571);
#574=VERTEX_POINT('',#572);
#575=CARTESIAN_POINT('',(-7.E-1,-5.E-2,0.E0));
#576=CARTESIAN_POINT('',(7.E-1,-5.E-2,0.E0));
#577=VERTEX_POINT('',#575);
#578=VERTEX_POINT('',#576);
#579=CARTESIAN_POINT('',(-7.5E-1,0.E0,0.E0));
#580=CARTESIAN_POINT('',(7.5E-1,0.E0,0.E0));
#581=VERTEX_POINT('',#579);
#582=VERTEX_POINT('',#580);
#583=CARTESIAN_POINT('',(6.011811023622E-1,7.9E-1,0.E0));
#584=CARTESIAN_POINT('',(-6.011811023622E-1,7.9E-1,0.E0));
#585=VERTEX_POINT('',#583);
#586=VERTEX_POINT('',#584);
#587=CARTESIAN_POINT('',(5.511811023622E-1,7.4E-1,0.E0));
#588=CARTESIAN_POINT('',(-5.511811023622E-1,7.4E-1,0.E0));
#589=VERTEX_POINT('',#587);
#590=VERTEX_POINT('',#588);
#591=CARTESIAN_POINT('',(-7.E-1,7.9E-1,0.E0));
#592=CARTESIAN_POINT('',(7.E-1,7.9E-1,0.E0));
#593=VERTEX_POINT('',#591);
#594=VERTEX_POINT('',#592);
#595=CARTESIAN_POINT('',(-7.5E-1,7.4E-1,0.E0));
#596=CARTESIAN_POINT('',(7.5E-1,7.4E-1,0.E0));
#597=VERTEX_POINT('',#595);
#598=VERTEX_POINT('',#596);
#599=CARTESIAN_POINT('',(-3.750000016261E-1,2.231496062992E-1,1.42E0));
#600=CARTESIAN_POINT('',(-3.750000016261E-1,5.168503937008E-1,1.42E0));
#601=VERTEX_POINT('',#599);
#602=VERTEX_POINT('',#600);
#603=CARTESIAN_POINT('',(-3.750000016261E-1,1.731496062992E-1,1.37E0));
#604=CARTESIAN_POINT('',(-3.750000016261E-1,5.668503937008E-1,1.37E0));
#605=VERTEX_POINT('',#603);
#606=VERTEX_POINT('',#604);
#607=CARTESIAN_POINT('',(-7.5E-1,6.325E-1,0.E0));
#608=CARTESIAN_POINT('',(-7.5E-1,6.325E-1,6.5E-1));
#609=VERTEX_POINT('',#607);
#610=VERTEX_POINT('',#608);
#611=CARTESIAN_POINT('',(-6.999999841751E-1,6.825000528881E-1,
3.872982567806E-1));
#612=CARTESIAN_POINT('',(-7.E-1,6.825E-1,6.5E-1));
#613=VERTEX_POINT('',#611);
#614=VERTEX_POINT('',#612);
#615=CARTESIAN_POINT('',(-3.630856236362E-1,7.325E-1,6.562536323013E-1));
#616=CARTESIAN_POINT('',(-6.562636827241E-1,7.325E-1,3.630674575577E-1));
#617=VERTEX_POINT('',#615);
#618=VERTEX_POINT('',#616);
#619=CARTESIAN_POINT('',(-3.872983346207E-1,6.825E-1,7.E-1));
#620=VERTEX_POINT('',#619);
#621=CARTESIAN_POINT('',(-6.5E-1,6.825E-1,7.E-1));
#622=VERTEX_POINT('',#621);
#623=CARTESIAN_POINT('',(-6.5E-1,6.325E-1,7.5E-1));
#624=CARTESIAN_POINT('',(0.E0,6.325E-1,7.5E-1));
#625=VERTEX_POINT('',#623);
#626=VERTEX_POINT('',#624);
#627=CARTESIAN_POINT('',(-6.5E-1,1.075E-1,7.5E-1));
#628=VERTEX_POINT('',#627);
#629=CARTESIAN_POINT('',(-7.5E-1,1.075E-1,6.5E-1));
#630=VERTEX_POINT('',#629);
#631=CARTESIAN_POINT('',(0.E0,1.075E-1,7.5E-1));
#632=VERTEX_POINT('',#631);
#633=CARTESIAN_POINT('',(-3.872984483038E-1,5.749993798875E-2,
7.000000232684E-1));
#634=CARTESIAN_POINT('',(-6.5E-1,5.75E-2,7.E-1));
#635=VERTEX_POINT('',#633);
#636=VERTEX_POINT('',#634);
#637=CARTESIAN_POINT('',(-7.E-1,5.75E-2,6.5E-1));
#638=CARTESIAN_POINT('',(-7.000000198997E-1,5.749992388023E-2,
3.872984321064E-1));
#639=VERTEX_POINT('',#637);
#640=VERTEX_POINT('',#638);
#641=CARTESIAN_POINT('',(-7.5E-1,1.075E-1,0.E0));
#642=VERTEX_POINT('',#641);
#643=CARTESIAN_POINT('',(-6.562578228288E-1,7.5E-3,3.630780494274E-1));
#644=CARTESIAN_POINT('',(-3.630796244136E-1,7.5E-3,6.562569514570E-1));
#645=VERTEX_POINT('',#643);
#646=VERTEX_POINT('',#644);
#647=CARTESIAN_POINT('',(-7.5E-1,5.75E-2,0.E0));
#648=CARTESIAN_POINT('',(-7.374398814002E-1,5.75E-2,1.366836541817E-1));
#649=VERTEX_POINT('',#647);
#650=VERTEX_POINT('',#648);
#651=VERTEX_POINT('',#210);
#652=VERTEX_POINT('',#142);
#653=CARTESIAN_POINT('',(-7.5E-1,6.825E-1,0.E0));
#654=CARTESIAN_POINT('',(-7.374398813584E-1,6.825E-1,1.366836544070E-1));
#655=VERTEX_POINT('',#653);
#656=VERTEX_POINT('',#654);
#657=CARTESIAN_POINT('',(-7.433012722788E-1,8.250000361933E-2,
1.457958994081E-1));
#658=VERTEX_POINT('',#657);
#659=CARTESIAN_POINT('',(-1.457958961447E-1,8.249999991927E-2,
7.433012701426E-1));
#660=VERTEX_POINT('',#659);
#661=CARTESIAN_POINT('',(-1.457959032284E-1,6.574999914464E-1,
7.433012751276E-1));
#662=VERTEX_POINT('',#661);
#663=CARTESIAN_POINT('',(-7.433012695089E-1,6.575000011784E-1,
1.457958961139E-1));
#664=VERTEX_POINT('',#663);
#665=CARTESIAN_POINT('',(0.E0,7.9E-1,0.E0));
#666=DIRECTION('',(0.E0,1.E0,0.E0));
#667=DIRECTION('',(1.E0,0.E0,0.E0));
#668=AXIS2_PLACEMENT_3D('',#665,#666,#667);
#669=PLANE('',#668);
#671=ORIENTED_EDGE('',*,*,#670,.F.);
#673=ORIENTED_EDGE('',*,*,#672,.F.);
#674=EDGE_LOOP('',(#671,#673));
#675=FACE_OUTER_BOUND('',#674,.F.);
#677=ORIENTED_EDGE('',*,*,#676,.F.);
#679=ORIENTED_EDGE('',*,*,#678,.F.);
#680=EDGE_LOOP('',(#677,#679));
#681=FACE_BOUND('',#680,.F.);
#682=ADVANCED_FACE('',(#675,#681),#669,.T.);
#683=CARTESIAN_POINT('',(0.E0,7.4E-1,0.E0));
#684=DIRECTION('',(0.E0,1.E0,0.E0));
#685=DIRECTION('',(9.998805598432E-1,0.E0,-1.545529190025E-2));
#686=AXIS2_PLACEMENT_3D('',#683,#684,#685);
#687=TOROIDAL_SURFACE('',#686,6.011811023622E-1,5.E-2);
#688=ORIENTED_EDGE('',*,*,#676,.T.);
#690=ORIENTED_EDGE('',*,*,#689,.T.);
#692=ORIENTED_EDGE('',*,*,#691,.F.);
#694=ORIENTED_EDGE('',*,*,#693,.F.);
#695=EDGE_LOOP('',(#688,#690,#692,#694));
#696=FACE_OUTER_BOUND('',#695,.F.);
#697=ADVANCED_FACE('',(#696),#687,.T.);
#698=CARTESIAN_POINT('',(0.E0,7.4E-1,0.E0));
#699=DIRECTION('',(0.E0,1.E0,0.E0));
#700=DIRECTION('',(-9.998805598432E-1,0.E0,1.545529190025E-2));
#701=AXIS2_PLACEMENT_3D('',#698,#699,#700);
#702=TOROIDAL_SURFACE('',#701,6.011811023622E-1,5.E-2);
#703=ORIENTED_EDGE('',*,*,#678,.T.);
#704=ORIENTED_EDGE('',*,*,#693,.T.);
#706=ORIENTED_EDGE('',*,*,#705,.F.);
#707=ORIENTED_EDGE('',*,*,#689,.F.);
#708=EDGE_LOOP('',(#703,#704,#706,#707));
#709=FACE_OUTER_BOUND('',#708,.F.);
#710=ADVANCED_FACE('',(#709),#702,.T.);
#711=CARTESIAN_POINT('',(0.E0,0.E0,0.E0));
#712=DIRECTION('',(0.E0,1.E0,0.E0));
#713=DIRECTION('',(1.E0,0.E0,0.E0));
#714=AXIS2_PLACEMENT_3D('',#711,#712,#713);
#715=CYLINDRICAL_SURFACE('',#714,5.511811023622E-1);
#716=ORIENTED_EDGE('',*,*,#705,.T.);
#718=ORIENTED_EDGE('',*,*,#717,.F.);
#720=ORIENTED_EDGE('',*,*,#719,.T.);
#722=ORIENTED_EDGE('',*,*,#721,.T.);
#723=EDGE_LOOP('',(#716,#718,#720,#722));
#724=FACE_OUTER_BOUND('',#723,.F.);
#725=ADVANCED_FACE('',(#724),#715,.F.);
#726=CARTESIAN_POINT('',(0.E0,0.E0,0.E0));
#727=DIRECTION('',(0.E0,1.E0,0.E0));
#728=DIRECTION('',(1.E0,0.E0,0.E0));
#729=AXIS2_PLACEMENT_3D('',#726,#727,#728);
#730=CYLINDRICAL_SURFACE('',#729,5.511811023622E-1);
#731=ORIENTED_EDGE('',*,*,#691,.T.);
#732=ORIENTED_EDGE('',*,*,#721,.F.);
#734=ORIENTED_EDGE('',*,*,#733,.T.);
#735=ORIENTED_EDGE('',*,*,#717,.T.);
#736=EDGE_LOOP('',(#731,#732,#734,#735));
#737=FACE_OUTER_BOUND('',#736,.F.);
#738=ADVANCED_FACE('',(#737),#730,.F.);
#739=CARTESIAN_POINT('',(0.E0,5.E-2,0.E0));
#740=DIRECTION('',(0.E0,1.E0,0.E0));
#741=DIRECTION('',(-9.999349646127E-1,0.E0,-1.140467207210E-2));
#742=AXIS2_PLACEMENT_3D('',#739,#740,#741);
#743=TOROIDAL_SURFACE('',#742,5.011811023622E-1,5.E-2);
#744=ORIENTED_EDGE('',*,*,#733,.F.);
#746=ORIENTED_EDGE('',*,*,#745,.T.);
#748=ORIENTED_EDGE('',*,*,#747,.T.);
#750=ORIENTED_EDGE('',*,*,#749,.F.);
#751=EDGE_LOOP('',(#744,#746,#748,#750));
#752=FACE_OUTER_BOUND('',#751,.F.);
#753=ADVANCED_FACE('',(#752),#743,.F.);
#754=CARTESIAN_POINT('',(0.E0,5.E-2,0.E0));
#755=DIRECTION('',(0.E0,1.E0,0.E0));
#756=DIRECTION('',(9.999349646127E-1,0.E0,1.140467207210E-2));
#757=AXIS2_PLACEMENT_3D('',#754,#755,#756);
#758=TOROIDAL_SURFACE('',#757,5.011811023622E-1,5.E-2);
#759=ORIENTED_EDGE('',*,*,#719,.F.);
#760=ORIENTED_EDGE('',*,*,#749,.T.);
#762=ORIENTED_EDGE('',*,*,#761,.T.);
#763=ORIENTED_EDGE('',*,*,#745,.F.);
#764=EDGE_LOOP('',(#759,#760,#762,#763));
#765=FACE_OUTER_BOUND('',#764,.F.);
#766=ADVANCED_FACE('',(#765),#758,.F.);
#767=CARTESIAN_POINT('',(0.E0,0.E0,0.E0));
#768=DIRECTION('',(0.E0,1.E0,0.E0));
#769=DIRECTION('',(1.E0,0.E0,0.E0));
#770=AXIS2_PLACEMENT_3D('',#767,#768,#769);
#771=PLANE('',#770);
#772=ORIENTED_EDGE('',*,*,#747,.F.);
#773=ORIENTED_EDGE('',*,*,#761,.F.);
#774=EDGE_LOOP('',(#772,#773));
#775=FACE_OUTER_BOUND('',#774,.F.);
#777=ORIENTED_EDGE('',*,*,#776,.F.);
#779=ORIENTED_EDGE('',*,*,#778,.F.);
#780=EDGE_LOOP('',(#777,#779));
#781=FACE_BOUND('',#780,.F.);
#782=ADVANCED_FACE('',(#775,#781),#771,.T.);
#783=CARTESIAN_POINT('',(0.E0,0.E0,0.E0));
#784=DIRECTION('',(0.E0,1.E0,0.E0));
#785=DIRECTION('',(1.E0,0.E0,0.E0));
#786=AXIS2_PLACEMENT_3D('',#783,#784,#785);
#787=CYLINDRICAL_SURFACE('',#786,4.25E-1);
#788=ORIENTED_EDGE('',*,*,#776,.T.);
#790=ORIENTED_EDGE('',*,*,#789,.T.);
#792=ORIENTED_EDGE('',*,*,#791,.F.);
#794=ORIENTED_EDGE('',*,*,#793,.F.);
#795=EDGE_LOOP('',(#788,#790,#792,#794));
#796=FACE_OUTER_BOUND('',#795,.F.);
#797=ADVANCED_FACE('',(#796),#787,.F.);
#798=CARTESIAN_POINT('',(0.E0,0.E0,0.E0));
#799=DIRECTION('',(0.E0,1.E0,0.E0));
#800=DIRECTION('',(1.E0,0.E0,0.E0));
#801=AXIS2_PLACEMENT_3D('',#798,#799,#800);
#802=CYLINDRICAL_SURFACE('',#801,4.25E-1);
#803=ORIENTED_EDGE('',*,*,#778,.T.);
#804=ORIENTED_EDGE('',*,*,#793,.T.);
#806=ORIENTED_EDGE('',*,*,#805,.F.);
#807=ORIENTED_EDGE('',*,*,#789,.F.);
#808=EDGE_LOOP('',(#803,#804,#806,#807));
#809=FACE_OUTER_BOUND('',#808,.F.);
#810=ADVANCED_FACE('',(#809),#802,.F.);
#811=CARTESIAN_POINT('',(0.E0,-5.E-2,0.E0));
#812=DIRECTION('',(0.E0,1.E0,0.E0));
#813=DIRECTION('',(1.E0,0.E0,0.E0));
#814=AXIS2_PLACEMENT_3D('',#811,#812,#813);
#815=PLANE('',#814);
#817=ORIENTED_EDGE('',*,*,#816,.F.);
#819=ORIENTED_EDGE('',*,*,#818,.F.);
#820=EDGE_LOOP('',(#817,#819));
#821=FACE_OUTER_BOUND('',#820,.F.);
#822=ORIENTED_EDGE('',*,*,#791,.T.);
#823=ORIENTED_EDGE('',*,*,#805,.T.);
#824=EDGE_LOOP('',(#822,#823));
#825=FACE_BOUND('',#824,.F.);
#826=ADVANCED_FACE('',(#821,#825),#815,.F.);
#827=CARTESIAN_POINT('',(0.E0,0.E0,0.E0));
#828=DIRECTION('',(0.E0,1.E0,0.E0));
#829=DIRECTION('',(-9.999354909788E-1,0.E0,1.135842775335E-2));
#830=AXIS2_PLACEMENT_3D('',#827,#828,#829);
#831=TOROIDAL_SURFACE('',#830,7.E-1,5.E-2);
#832=ORIENTED_EDGE('',*,*,#816,.T.);
#834=ORIENTED_EDGE('',*,*,#833,.T.);
#836=ORIENTED_EDGE('',*,*,#835,.F.);
#838=ORIENTED_EDGE('',*,*,#837,.F.);
#839=EDGE_LOOP('',(#832,#834,#836,#838));
#840=FACE_OUTER_BOUND('',#839,.F.);
#841=ADVANCED_FACE('',(#840),#831,.T.);
#842=CARTESIAN_POINT('',(0.E0,0.E0,0.E0));
#843=DIRECTION('',(0.E0,1.E0,0.E0));
#844=DIRECTION('',(9.999354909788E-1,0.E0,-1.135842775335E-2));
#845=AXIS2_PLACEMENT_3D('',#842,#843,#844);
#846=TOROIDAL_SURFACE('',#845,7.E-1,5.E-2);
#847=ORIENTED_EDGE('',*,*,#818,.T.);
#848=ORIENTED_EDGE('',*,*,#837,.T.);
#850=ORIENTED_EDGE('',*,*,#849,.F.);
#851=ORIENTED_EDGE('',*,*,#833,.F.);
#852=EDGE_LOOP('',(#847,#848,#850,#851));
#853=FACE_OUTER_BOUND('',#852,.F.);
#854=ADVANCED_FACE('',(#853),#846,.T.);
#855=CARTESIAN_POINT('',(0.E0,0.E0,0.E0));
#856=DIRECTION('',(0.E0,1.E0,0.E0));
#857=DIRECTION('',(1.E0,0.E0,0.E0));
#858=AXIS2_PLACEMENT_3D('',#855,#856,#857);
#859=CYLINDRICAL_SURFACE('',#858,7.5E-1);
#861=ORIENTED_EDGE('',*,*,#860,.T.);
#863=ORIENTED_EDGE('',*,*,#862,.F.);
#865=ORIENTED_EDGE('',*,*,#864,.F.);
#867=ORIENTED_EDGE('',*,*,#866,.T.);
#869=ORIENTED_EDGE('',*,*,#868,.F.);
#871=ORIENTED_EDGE('',*,*,#870,.F.);
#873=ORIENTED_EDGE('',*,*,#872,.T.);
#875=ORIENTED_EDGE('',*,*,#874,.T.);
#877=ORIENTED_EDGE('',*,*,#876,.T.);
#878=ORIENTED_EDGE('',*,*,#849,.T.);
#880=ORIENTED_EDGE('',*,*,#879,.T.);
#882=ORIENTED_EDGE('',*,*,#881,.T.);
#884=ORIENTED_EDGE('',*,*,#883,.F.);
#886=ORIENTED_EDGE('',*,*,#885,.T.);
#888=ORIENTED_EDGE('',*,*,#887,.F.);
#890=ORIENTED_EDGE('',*,*,#889,.F.);
#891=EDGE_LOOP('',(#861,#863,#865,#867,#869,#871,#873,#875,#877,#878,#880,#882,
#884,#886,#888,#890));
#892=FACE_OUTER_BOUND('',#891,.F.);
#893=ADVANCED_FACE('',(#892),#859,.T.);
#894=CARTESIAN_POINT('',(-7.5E-1,5.75E-2,7.5E-1));
#895=DIRECTION('',(0.E0,0.E0,1.E0));
#896=DIRECTION('',(1.E0,0.E0,0.E0));
#897=AXIS2_PLACEMENT_3D('',#894,#895,#896);
#898=PLANE('',#897);
#900=ORIENTED_EDGE('',*,*,#899,.T.);
#901=ORIENTED_EDGE('',*,*,#860,.F.);
#903=ORIENTED_EDGE('',*,*,#902,.T.);
#905=ORIENTED_EDGE('',*,*,#904,.F.);
#906=EDGE_LOOP('',(#900,#901,#903,#905));
#907=FACE_OUTER_BOUND('',#906,.F.);
#909=ORIENTED_EDGE('',*,*,#908,.T.);
#911=ORIENTED_EDGE('',*,*,#910,.T.);
#912=EDGE_LOOP('',(#909,#911));
#913=FACE_BOUND('',#912,.F.);
#914=ADVANCED_FACE('',(#907,#913),#898,.T.);
#915=CARTESIAN_POINT('',(-3.750000016261E-1,3.7E-1,8.E-1));
#916=DIRECTION('',(0.E0,0.E0,1.E0));
#917=DIRECTION('',(-3.045980409306E-2,-9.995359925158E-1,0.E0));
#918=AXIS2_PLACEMENT_3D('',#915,#916,#917);
#919=TOROIDAL_SURFACE('',#918,2.468503937008E-1,5.E-2);
#920=ORIENTED_EDGE('',*,*,#908,.F.);
#922=ORIENTED_EDGE('',*,*,#921,.T.);
#924=ORIENTED_EDGE('',*,*,#923,.T.);
#926=ORIENTED_EDGE('',*,*,#925,.F.);
#927=EDGE_LOOP('',(#920,#922,#924,#926));
#928=FACE_OUTER_BOUND('',#927,.F.);
#929=ADVANCED_FACE('',(#928),#919,.F.);
#930=CARTESIAN_POINT('',(-3.750000016261E-1,3.7E-1,8.E-1));
#931=DIRECTION('',(0.E0,0.E0,1.E0));
#932=DIRECTION('',(3.045980409306E-2,9.995359925158E-1,0.E0));
#933=AXIS2_PLACEMENT_3D('',#930,#931,#932);
#934=TOROIDAL_SURFACE('',#933,2.468503937008E-1,5.E-2);
#935=ORIENTED_EDGE('',*,*,#910,.F.);
#936=ORIENTED_EDGE('',*,*,#925,.T.);
#938=ORIENTED_EDGE('',*,*,#937,.T.);
#939=ORIENTED_EDGE('',*,*,#921,.F.);
#940=EDGE_LOOP('',(#935,#936,#938,#939));
#941=FACE_OUTER_BOUND('',#940,.F.);
#942=ADVANCED_FACE('',(#941),#934,.F.);
#943=CARTESIAN_POINT('',(-3.750000016261E-1,3.7E-1,7.5E-1));
#944=DIRECTION('',(0.E0,0.E0,1.E0));
#945=DIRECTION('',(0.E0,-1.E0,0.E0));
#946=AXIS2_PLACEMENT_3D('',#943,#944,#945);
#947=CYLINDRICAL_SURFACE('',#946,1.968503937008E-1);
#949=ORIENTED_EDGE('',*,*,#948,.T.);
#951=ORIENTED_EDGE('',*,*,#950,.F.);
#952=ORIENTED_EDGE('',*,*,#937,.F.);
#954=ORIENTED_EDGE('',*,*,#953,.T.);
#955=EDGE_LOOP('',(#949,#951,#952,#954));
#956=FACE_OUTER_BOUND('',#955,.F.);
#957=ADVANCED_FACE('',(#956),#947,.T.);
#958=CARTESIAN_POINT('',(-3.750000016261E-1,3.7E-1,1.37E0));
#959=DIRECTION('',(0.E0,0.E0,1.E0));
#960=DIRECTION('',(3.045980409306E-2,9.995359925158E-1,0.E0));
#961=AXIS2_PLACEMENT_3D('',#958,#959,#960);
#962=TOROIDAL_SURFACE('',#961,1.468503937008E-1,5.E-2);
#964=ORIENTED_EDGE('',*,*,#963,.T.);
#966=ORIENTED_EDGE('',*,*,#965,.T.);
#967=ORIENTED_EDGE('',*,*,#948,.F.);
#969=ORIENTED_EDGE('',*,*,#968,.F.);
#970=EDGE_LOOP('',(#964,#966,#967,#969));
#971=FACE_OUTER_BOUND('',#970,.F.);
#972=ADVANCED_FACE('',(#971),#962,.T.);
#973=CARTESIAN_POINT('',(0.E0,5.75E-2,1.42E0));
#974=DIRECTION('',(0.E0,0.E0,1.E0));
#975=DIRECTION('',(0.E0,-1.E0,0.E0));
#976=AXIS2_PLACEMENT_3D('',#973,#974,#975);
#977=PLANE('',#976);
#979=ORIENTED_EDGE('',*,*,#978,.F.);
#980=ORIENTED_EDGE('',*,*,#963,.F.);
#981=EDGE_LOOP('',(#979,#980));
#982=FACE_OUTER_BOUND('',#981,.F.);
#983=ADVANCED_FACE('',(#982),#977,.T.);
#984=CARTESIAN_POINT('',(-3.750000016261E-1,3.7E-1,1.37E0));
#985=DIRECTION('',(0.E0,0.E0,1.E0));
#986=DIRECTION('',(-3.045980409306E-2,-9.995359925158E-1,0.E0));
#987=AXIS2_PLACEMENT_3D('',#984,#985,#986);
#988=TOROIDAL_SURFACE('',#987,1.468503937008E-1,5.E-2);
#989=ORIENTED_EDGE('',*,*,#978,.T.);
#990=ORIENTED_EDGE('',*,*,#968,.T.);
#992=ORIENTED_EDGE('',*,*,#991,.F.);
#993=ORIENTED_EDGE('',*,*,#965,.F.);
#994=EDGE_LOOP('',(#989,#990,#992,#993));
#995=FACE_OUTER_BOUND('',#994,.F.);
#996=ADVANCED_FACE('',(#995),#988,.T.);
#997=CARTESIAN_POINT('',(-3.750000016261E-1,3.7E-1,7.5E-1));
#998=DIRECTION('',(0.E0,0.E0,1.E0));
#999=DIRECTION('',(0.E0,-1.E0,0.E0));
#1000=AXIS2_PLACEMENT_3D('',#997,#998,#999);
#1001=CYLINDRICAL_SURFACE('',#1000,1.968503937008E-1);
#1002=ORIENTED_EDGE('',*,*,#991,.T.);
#1003=ORIENTED_EDGE('',*,*,#953,.F.);
#1004=ORIENTED_EDGE('',*,*,#923,.F.);
#1005=ORIENTED_EDGE('',*,*,#950,.T.);
#1006=EDGE_LOOP('',(#1002,#1003,#1004,#1005));
#1007=FACE_OUTER_BOUND('',#1006,.F.);
#1008=ADVANCED_FACE('',(#1007),#1001,.T.);
#1009=CARTESIAN_POINT('',(-2.7054E0,6.325E-1,7.E-1));
#1010=DIRECTION('',(1.E0,0.E0,0.E0));
#1011=DIRECTION('',(0.E0,1.E0,0.E0));
#1012=AXIS2_PLACEMENT_3D('',#1009,#1010,#1011);
#1013=CYLINDRICAL_SURFACE('',#1012,5.E-2);
#1015=ORIENTED_EDGE('',*,*,#1014,.T.);
#1017=ORIENTED_EDGE('',*,*,#1016,.T.);
#1019=ORIENTED_EDGE('',*,*,#1018,.T.);
#1020=ORIENTED_EDGE('',*,*,#899,.F.);
#1022=ORIENTED_EDGE('',*,*,#1021,.T.);
#1023=EDGE_LOOP('',(#1015,#1017,#1019,#1020,#1022));
#1024=FACE_OUTER_BOUND('',#1023,.F.);
#1025=ADVANCED_FACE('',(#1024),#1013,.T.);
#1026=CARTESIAN_POINT('',(0.E0,6.825E-1,0.E0));
#1027=DIRECTION('',(0.E0,1.E0,0.E0));
#1028=DIRECTION('',(1.E0,0.E0,0.E0));
#1029=AXIS2_PLACEMENT_3D('',#1026,#1027,#1028);
#1030=PLANE('',#1029);
#1032=ORIENTED_EDGE('',*,*,#1031,.F.);
#1034=ORIENTED_EDGE('',*,*,#1033,.F.);
#1035=ORIENTED_EDGE('',*,*,#1014,.F.);
#1037=ORIENTED_EDGE('',*,*,#1036,.F.);
#1038=EDGE_LOOP('',(#1032,#1034,#1035,#1037));
#1039=FACE_OUTER_BOUND('',#1038,.F.);
#1040=ADVANCED_FACE('',(#1039),#1030,.T.);
#1041=CARTESIAN_POINT('',(-7.E-1,6.325E-1,-3.580961799445E0));
#1042=DIRECTION('',(0.E0,0.E0,1.E0));
#1043=DIRECTION('',(0.E0,1.E0,0.E0));
#1044=AXIS2_PLACEMENT_3D('',#1041,#1042,#1043);
#1045=CYLINDRICAL_SURFACE('',#1044,5.E-2);
#1047=ORIENTED_EDGE('',*,*,#1046,.F.);
#1049=ORIENTED_EDGE('',*,*,#1048,.T.);
#1051=ORIENTED_EDGE('',*,*,#1050,.T.);
#1052=ORIENTED_EDGE('',*,*,#1031,.T.);
#1054=ORIENTED_EDGE('',*,*,#1053,.T.);
#1055=EDGE_LOOP('',(#1047,#1049,#1051,#1052,#1054));
#1056=FACE_OUTER_BOUND('',#1055,.F.);
#1057=ADVANCED_FACE('',(#1056),#1045,.T.);
#1058=CARTESIAN_POINT('',(-7.5E-1,5.75E-2,0.E0));
#1059=DIRECTION('',(-1.E0,0.E0,0.E0));
#1060=DIRECTION('',(0.E0,0.E0,1.E0));
#1061=AXIS2_PLACEMENT_3D('',#1058,#1059,#1060);
#1062=PLANE('',#1061);
#1063=ORIENTED_EDGE('',*,*,#1046,.T.);
#1065=ORIENTED_EDGE('',*,*,#1064,.T.);
#1067=ORIENTED_EDGE('',*,*,#1066,.T.);
#1069=ORIENTED_EDGE('',*,*,#1068,.T.);
#1070=EDGE_LOOP('',(#1063,#1065,#1067,#1069));
#1071=FACE_OUTER_BOUND('',#1070,.F.);
#1072=ADVANCED_FACE('',(#1071),#1062,.T.);
#1073=CARTESIAN_POINT('',(-6.5E-1,1.885024E0,6.5E-1));
#1074=DIRECTION('',(0.E0,-1.E0,0.E0));
#1075=DIRECTION('',(0.E0,0.E0,1.E0));
#1076=AXIS2_PLACEMENT_3D('',#1073,#1074,#1075);
#1077=CYLINDRICAL_SURFACE('',#1076,1.E-1);
#1078=ORIENTED_EDGE('',*,*,#904,.T.);
#1080=ORIENTED_EDGE('',*,*,#1079,.T.);
#1081=ORIENTED_EDGE('',*,*,#1064,.F.);
#1083=ORIENTED_EDGE('',*,*,#1082,.T.);
#1084=EDGE_LOOP('',(#1078,#1080,#1081,#1083));
#1085=FACE_OUTER_BOUND('',#1084,.F.);
#1086=ADVANCED_FACE('',(#1085),#1077,.T.);
#1087=CARTESIAN_POINT('',(-6.406737465717E-1,1.121733558320E-1,
7.493443132663E-1));
#1088=CARTESIAN_POINT('',(-6.403781329142E-1,7.848332187142E-2,
7.524932236001E-1));
#1089=CARTESIAN_POINT('',(-6.426145389289E-1,5.455612592214E-2,
7.286707721282E-1));
#1090=CARTESIAN_POINT('',(-6.457634492627E-1,5.771888163904E-2,
6.951282207647E-1));
#1091=CARTESIAN_POINT('',(-7.079063318958E-1,1.121733558320E-1,
7.556559793170E-1));
#1092=CARTESIAN_POINT('',(-7.097417851885E-1,7.848332187142E-2,
7.590049501253E-1));
#1093=CARTESIAN_POINT('',(-6.958560303209E-1,5.455612592214E-2,
7.336689811378E-1));
#1094=CARTESIAN_POINT('',(-6.763045728894E-1,5.771888163904E-2,
6.979953628241E-1));
#1095=CARTESIAN_POINT('',(-7.556559793170E-1,1.121733558320E-1,
7.079063318958E-1));
#1096=CARTESIAN_POINT('',(-7.590049501253E-1,7.848332187142E-2,
7.097417851885E-1));
#1097=CARTESIAN_POINT('',(-7.336689811378E-1,5.455612592214E-2,
6.958560303209E-1));
#1098=CARTESIAN_POINT('',(-6.979953628241E-1,5.771888163904E-2,
6.763045728894E-1));
#1099=CARTESIAN_POINT('',(-7.493443132663E-1,1.121733558320E-1,
6.406737465717E-1));
#1100=CARTESIAN_POINT('',(-7.524932236001E-1,7.848332187142E-2,
6.403781329142E-1));
#1101=CARTESIAN_POINT('',(-7.286707721282E-1,5.455612592214E-2,
6.426145389289E-1));
#1102=CARTESIAN_POINT('',(-6.951282207646E-1,5.771888163904E-2,
6.457634492627E-1));
#1103=(BOUNDED_SURFACE()B_SPLINE_SURFACE(3,3,((#1087,#1088,#1089,#1090),(#1091,
#1092,#1093,#1094),(#1095,#1096,#1097,#1098),(#1099,#1100,#1101,#1102)),
.UNSPECIFIED.,.F.,.F.,.F.)B_SPLINE_SURFACE_WITH_KNOTS((4,4),(4,4),(0.E0,1.E0),(
0.E0,1.E0),.UNSPECIFIED.)GEOMETRIC_REPRESENTATION_ITEM()RATIONAL_B_SPLINE_SURFACE(((1.490989444516E0,1.131084567264E0,1.131084567264E0,1.490989444516E0),(
1.131084567264E0,8.580559057666E-1,8.580559057666E-1,1.131084567264E0),(
1.131084567264E0,8.580559057666E-1,8.580559057666E-1,1.131084567264E0),(
1.490989444516E0,1.131084567264E0,1.131084567264E0,1.490989444516E0)))REPRESENTATION_ITEM('')SURFACE());
#1105=ORIENTED_EDGE('',*,*,#1104,.T.);
#1107=ORIENTED_EDGE('',*,*,#1106,.F.);
#1108=ORIENTED_EDGE('',*,*,#1079,.F.);
#1110=ORIENTED_EDGE('',*,*,#1109,.F.);
#1111=EDGE_LOOP('',(#1105,#1107,#1108,#1110));
#1112=FACE_OUTER_BOUND('',#1111,.F.);
#1113=ADVANCED_FACE('',(#1112),#1103,.T.);
#1114=CARTESIAN_POINT('',(0.E0,5.75E-2,0.E0));
#1115=DIRECTION('',(0.E0,1.E0,0.E0));
#1116=DIRECTION('',(1.E0,0.E0,0.E0));
#1117=AXIS2_PLACEMENT_3D('',#1114,#1115,#1116);
#1118=PLANE('',#1117);
#1120=ORIENTED_EDGE('',*,*,#1119,.F.);
#1122=ORIENTED_EDGE('',*,*,#1121,.F.);
#1124=ORIENTED_EDGE('',*,*,#1123,.F.);
#1125=ORIENTED_EDGE('',*,*,#1104,.F.);
#1126=EDGE_LOOP('',(#1120,#1122,#1124,#1125));
#1127=FACE_OUTER_BOUND('',#1126,.F.);
#1128=ADVANCED_FACE('',(#1127),#1118,.F.);
#1129=CARTESIAN_POINT('',(2.7054E0,1.075E-1,7.E-1));
#1130=DIRECTION('',(-1.E0,0.E0,0.E0));
#1131=DIRECTION('',(0.E0,-1.E0,0.E0));
#1132=AXIS2_PLACEMENT_3D('',#1129,#1130,#1131);
#1133=CYLINDRICAL_SURFACE('',#1132,5.E-2);
#1134=ORIENTED_EDGE('',*,*,#902,.F.);
#1136=ORIENTED_EDGE('',*,*,#1135,.T.);
#1138=ORIENTED_EDGE('',*,*,#1137,.T.);
#1139=ORIENTED_EDGE('',*,*,#1119,.T.);
#1140=ORIENTED_EDGE('',*,*,#1109,.T.);
#1141=EDGE_LOOP('',(#1134,#1136,#1138,#1139,#1140));
#1142=FACE_OUTER_BOUND('',#1141,.F.);
#1143=ADVANCED_FACE('',(#1142),#1133,.T.);
#1144=CARTESIAN_POINT('',(-7.799701453158E-3,1.366890821065E-1,
7.600867155231E-1));
#1145=CARTESIAN_POINT('',(-8.542225392428E-3,1.364127806581E-1,
7.600790975796E-1));
#1146=CARTESIAN_POINT('',(-2.428457262966E-2,1.305546135624E-1,
7.598945186978E-1));
#1147=CARTESIAN_POINT('',(-5.483566081792E-2,1.191799665121E-1,
7.585843725005E-1));
#1148=CARTESIAN_POINT('',(-1.006728600207E-1,1.024123416131E-1,
7.539081863226E-1));
#1149=CARTESIAN_POINT('',(-1.321477249205E-1,9.135241157720E-2,
7.487282281040E-1));
#1150=CARTESIAN_POINT('',(-1.488727077126E-1,8.569362602970E-2,
7.453933069839E-1));
#1151=CARTESIAN_POINT('',(-1.495986738074E-1,8.544842131980E-2,
7.452474479394E-1));
#1152=CARTESIAN_POINT('',(-4.465035505093E-3,1.271941710456E-1,
7.524919788594E-1));
#1153=CARTESIAN_POINT('',(-5.200090391119E-3,1.269178883532E-1,
7.524876177119E-1));
#1154=CARTESIAN_POINT('',(-2.078472676409E-2,1.210599172154E-1,
7.523723298326E-1));
#1155=CARTESIAN_POINT('',(-5.105632437616E-2,1.096773914201E-1,
7.512065134242E-1));
#1156=CARTESIAN_POINT('',(-9.655207132996E-2,9.287431697699E-2,
7.467633162419E-1));
#1157=CARTESIAN_POINT('',(-1.278519779214E-1,8.177306806099E-2,
7.417462052988E-1));
#1158=CARTESIAN_POINT('',(-1.445032239131E-1,7.608755741881E-2,
7.384951608184E-1));
#1159=CARTESIAN_POINT('',(-1.452260258082E-1,7.584118359476E-2,
7.383529370030E-1));
#1160=CARTESIAN_POINT('',(-4.316230186849E-4,1.157572573161E-1,
7.490449572267E-1));
#1161=CARTESIAN_POINT('',(-1.163249391974E-3,1.154809972157E-1,
7.490445353018E-1));
#1162=CARTESIAN_POINT('',(-1.667598495189E-2,1.096232621154E-1,
7.490128836517E-1));
#1163=CARTESIAN_POINT('',(-4.684067287815E-2,9.823124612814E-2,
7.480141207558E-1));
#1164=CARTESIAN_POINT('',(-9.227162599340E-2,8.138547161395E-2,
7.438207933595E-1));
#1165=CARTESIAN_POINT('',(-1.236000911591E-1,7.023445283032E-2,
7.389635497673E-1));
#1166=CARTESIAN_POINT('',(-1.402901219186E-1,6.451675098590E-2,
7.357896909579E-1));
#1167=CARTESIAN_POINT('',(-1.410146520268E-1,6.426896892772E-2,
7.356508021556E-1));
#1168=CARTESIAN_POINT('',(3.755912143018E-3,1.039226451907E-1,
7.502110952685E-1));
#1169=CARTESIAN_POINT('',(3.023210796538E-3,1.036464084680E-1,
7.502147630874E-1));
#1170=CARTESIAN_POINT('',(-1.251314262884E-2,9.778891761285E-2,
7.502697996554E-1));
#1171=CARTESIAN_POINT('',(-4.275793756711E-2,8.638708142911E-2,
7.494382570838E-1));
#1172=CARTESIAN_POINT('',(-8.840950424059E-2,6.949712202453E-2,
7.454779408315E-1));
#1173=CARTESIAN_POINT('',(-1.199661886544E-1,5.829460271438E-2,
7.407559980875E-1));
#1174=CARTESIAN_POINT('',(-1.368022887181E-1,5.254359027573E-2,
7.376422117489E-1));
#1175=CARTESIAN_POINT('',(-1.375332060948E-1,5.229435101459E-2,
7.375059074234E-1));
#1176=(BOUNDED_SURFACE()B_SPLINE_SURFACE(3,3,((#1144,#1145,#1146,#1147,#1148,
#1149,#1150,#1151),(#1152,#1153,#1154,#1155,#1156,#1157,#1158,#1159),(#1160,
#1161,#1162,#1163,#1164,#1165,#1166,#1167),(#1168,#1169,#1170,#1171,#1172,#1173,
#1174,#1175)),.UNSPECIFIED.,.F.,.F.,.F.)B_SPLINE_SURFACE_WITH_KNOTS((4,4),(4,1,
1,1,1,4),(0.E0,1.E0),(-1.605502893131E-2,0.E0,3.243776457542E-1,
6.466044203755E-1,1.E0,1.016039357127E0),.UNSPECIFIED.)GEOMETRIC_REPRESENTATION_ITEM()RATIONAL_B_SPLINE_SURFACE(((1.034936362295E0,1.034936362295E0,
1.034936362295E0,1.034936362295E0,1.034936362295E0,1.034936362295E0,
1.034936362295E0,1.034936362295E0),(9.883545459017E-1,9.883545459017E-1,
9.883545459017E-1,9.883545459017E-1,9.883545459017E-1,9.883545459017E-1,
9.883545459017E-1,9.883545459017E-1),(9.883545459017E-1,9.883545459017E-1,
9.883545459017E-1,9.883545459017E-1,9.883545459017E-1,9.883545459017E-1,
9.883545459017E-1,9.883545459017E-1),(1.034936362295E0,1.034936362295E0,
1.034936362295E0,1.034936362295E0,1.034936362295E0,1.034936362295E0,
1.034936362295E0,1.034936362295E0)))REPRESENTATION_ITEM('')SURFACE());
#1177=ORIENTED_EDGE('',*,*,#889,.T.);
#1179=ORIENTED_EDGE('',*,*,#1178,.F.);
#1180=ORIENTED_EDGE('',*,*,#1135,.F.);
#1181=EDGE_LOOP('',(#1177,#1179,#1180));
#1182=FACE_OUTER_BOUND('',#1181,.F.);
#1183=ADVANCED_FACE('',(#1182),#1176,.F.);
#1184=CARTESIAN_POINT('',(-1.449929230426E-1,8.659753477872E-2,
7.458719492190E-1));
#1185=CARTESIAN_POINT('',(-1.458021050858E-1,8.646004442332E-2,
7.458092704464E-1));
#1186=CARTESIAN_POINT('',(-1.579743811646E-1,8.439437005528E-2,
7.448563512603E-1));
#1187=CARTESIAN_POINT('',(-1.806665129861E-1,8.061706232985E-2,
7.427968497826E-1));
#1188=CARTESIAN_POINT('',(-2.123263705499E-1,7.560575530603E-2,
7.391888998671E-1));
#1189=CARTESIAN_POINT('',(-2.419349611806E-1,7.121470755727E-2,
7.351508284413E-1));
#1190=CARTESIAN_POINT('',(-2.701615800228E-1,6.736504913057E-2,
7.306796381695E-1));
#1191=CARTESIAN_POINT('',(-2.977315912173E-1,6.400010706454E-2,
7.256986891598E-1));
#1192=CARTESIAN_POINT('',(-3.251404260793E-1,6.113866044745E-2,
7.201096096554E-1));
#1193=CARTESIAN_POINT('',(-3.528851147514E-1,5.885592402489E-2,
7.137668040286E-1));
#1194=CARTESIAN_POINT('',(-3.751165182053E-1,5.766179499674E-2,
7.080866619827E-1));
#1195=CARTESIAN_POINT('',(-3.881790440164E-1,5.730313340724E-2,
7.044818295417E-1));
#1196=CARTESIAN_POINT('',(-3.918733673075E-1,5.723275950643E-2,
7.034402224031E-1));
#1197=CARTESIAN_POINT('',(-1.332993808849E-1,6.065077503882E-2,
7.275672319634E-1));
#1198=CARTESIAN_POINT('',(-1.341030684917E-1,6.056982258108E-2,
7.274279243393E-1));
#1199=CARTESIAN_POINT('',(-1.461918323751E-1,5.936067534530E-2,
7.253254670395E-1));
#1200=CARTESIAN_POINT('',(-1.687044695794E-1,5.735002158031E-2,
7.212133655119E-1));
#1201=CARTESIAN_POINT('',(-2.000445537073E-1,5.523027826850E-2,
7.150262940247E-1));
#1202=CARTESIAN_POINT('',(-2.292827546341E-1,5.391467514173E-2,
7.088792964963E-1));
#1203=CARTESIAN_POINT('',(-2.570795102561E-1,5.332881125759E-2,
7.027259872620E-1));
#1204=CARTESIAN_POINT('',(-2.841416093991E-1,5.346083993999E-2,
6.964735207779E-1));
#1205=CARTESIAN_POINT('',(-3.109378627971E-1,5.437233006851E-2,
6.900614136042E-1));
#1206=CARTESIAN_POINT('',(-3.379229805267E-1,5.619174963761E-2,
6.834299283508E-1));
#1207=CARTESIAN_POINT('',(-3.593972082212E-1,5.848828623399E-2,
6.780683114408E-1));
#1208=CARTESIAN_POINT('',(-3.719286491167E-1,6.024097779797E-2,
6.749391474432E-1));
#1209=CARTESIAN_POINT('',(-3.754649622763E-1,6.077119431670E-2,
6.740579591081E-1));
#1210=CARTESIAN_POINT('',(-1.249944420615E-1,2.934025798105E-2,
7.373506579844E-1));
#1211=CARTESIAN_POINT('',(-1.257942274326E-1,2.923129286947E-2,
7.371183825924E-1));
#1212=CARTESIAN_POINT('',(-1.378236796323E-1,2.760683515733E-2,
7.336146290273E-1));
#1213=CARTESIAN_POINT('',(-1.602088369169E-1,2.499368702693E-2,
7.268121697243E-1));
#1214=CARTESIAN_POINT('',(-1.913218128866E-1,2.250360673746E-2,
7.167082408399E-1));
#1215=CARTESIAN_POINT('',(-2.202969571801E-1,2.128779723205E-2,
7.067864692441E-1));
#1216=CARTESIAN_POINT('',(-2.477884171356E-1,2.123388877320E-2,
6.969649135970E-1));
#1217=CARTESIAN_POINT('',(-2.744897890961E-1,2.233534269487E-2,
6.870977406612E-1));
#1218=CARTESIAN_POINT('',(-3.008509774374E-1,2.469711262972E-2,
6.771024168717E-1));
#1219=CARTESIAN_POINT('',(-3.272966358548E-1,2.852891889566E-2,
6.669098928699E-1));
#1220=CARTESIAN_POINT('',(-3.482331053340E-1,3.293132592522E-2,
6.588111909256E-1));
#1221=CARTESIAN_POINT('',(-3.603873613122E-1,3.614895170660E-2,
6.541591779200E-1));
#1222=CARTESIAN_POINT('',(-3.638114531741E-1,3.711252105897E-2,
6.528559596842E-1));
#1223=CARTESIAN_POINT('',(-1.260922627805E-1,1.534000258891E-2,
7.681374005794E-1));
#1224=CARTESIAN_POINT('',(-1.268925639837E-1,1.513876008981E-2,
7.678631426209E-1));
#1225=CARTESIAN_POINT('',(-1.389298565296E-1,1.212790811314E-2,
7.637211060673E-1));
#1226=CARTESIAN_POINT('',(-1.613318652445E-1,6.979423362477E-3,
7.555387975012E-1));
#1227=CARTESIAN_POINT('',(-1.924748623915E-1,1.125290937290E-3,
7.430167312345E-1));
#1228=CARTESIAN_POINT('',(-2.214847798517E-1,-3.038643117608E-3,
7.303879014984E-1));
#1229=CARTESIAN_POINT('',(-2.490165965052E-1,-5.677659421352E-3,
7.175683921502E-1));
#1230=CARTESIAN_POINT('',(-2.757656525948E-1,-6.836350786842E-3,
7.043609721162E-1));
#1231=CARTESIAN_POINT('',(-3.021843517070E-1,-6.397201639470E-3,
6.906170872191E-1));
#1232=CARTESIAN_POINT('',(-3.287013206569E-1,-4.100080451792E-3,
6.761699493397E-1));
#1233=CARTESIAN_POINT('',(-3.497088758025E-1,-5.015984252102E-4,
6.642606567315E-1));
#1234=CARTESIAN_POINT('',(-3.619129914395E-1,2.473686753388E-3,
6.571900730859E-1));
#1235=CARTESIAN_POINT('',(-3.653519177112E-1,3.389551867264E-3,
6.551879960457E-1));
#1236=(BOUNDED_SURFACE()B_SPLINE_SURFACE(3,3,((#1184,#1185,#1186,#1187,#1188,
#1189,#1190,#1191,#1192,#1193,#1194,#1195,#1196),(#1197,#1198,#1199,#1200,#1201,
#1202,#1203,#1204,#1205,#1206,#1207,#1208,#1209),(#1210,#1211,#1212,#1213,#1214,
#1215,#1216,#1217,#1218,#1219,#1220,#1221,#1222),(#1223,#1224,#1225,#1226,#1227,
#1228,#1229,#1230,#1231,#1232,#1233,#1234,#1235)),.UNSPECIFIED.,.F.,.F.,.F.)B_SPLINE_SURFACE_WITH_KNOTS((4,4),(4,1,1,1,1,1,1,1,1,1,4),(0.E0,1.E0),(
-9.026623677605E-3,0.E0,1.267647989825E-1,2.443195897815E-1,3.542559212418E-1,
4.589594943764E-1,5.620584562467E-1,6.658809245724E-1,7.704072776828E-1,
8.795303753378E-1,9.227600613372E-1),.UNSPECIFIED.)GEOMETRIC_REPRESENTATION_ITEM()RATIONAL_B_SPLINE_SURFACE(((1.221063178542E0,1.221063178542E0,1.221063178542E0,
1.221063178542E0,1.221063178542E0,1.221063178542E0,1.221063178542E0,
1.221063178542E0,1.221063178542E0,1.221063178542E0,1.221063178542E0,
1.221063178542E0,1.221063178542E0),(9.263122738194E-1,9.263122738194E-1,
9.263122738194E-1,9.263122738194E-1,9.263122738194E-1,9.263122738194E-1,
9.263122738194E-1,9.263122738194E-1,9.263122738194E-1,9.263122738194E-1,
9.263122738194E-1,9.263122738194E-1,9.263122738194E-1),(9.263122738194E-1,
9.263122738194E-1,9.263122738194E-1,9.263122738194E-1,9.263122738194E-1,
9.263122738194E-1,9.263122738194E-1,9.263122738194E-1,9.263122738194E-1,
9.263122738194E-1,9.263122738194E-1,9.263122738194E-1,9.263122738194E-1),(
1.221063178542E0,1.221063178542E0,1.221063178542E0,1.221063178542E0,
1.221063178542E0,1.221063178542E0,1.221063178542E0,1.221063178542E0,
1.221063178542E0,1.221063178542E0,1.221063178542E0,1.221063178542E0,
1.221063178542E0)))REPRESENTATION_ITEM('')SURFACE());
#1237=ORIENTED_EDGE('',*,*,#887,.T.);
#1239=ORIENTED_EDGE('',*,*,#1238,.F.);
#1240=ORIENTED_EDGE('',*,*,#1137,.F.);
#1241=ORIENTED_EDGE('',*,*,#1178,.T.);
#1242=EDGE_LOOP('',(#1237,#1239,#1240,#1241));
#1243=FACE_OUTER_BOUND('',#1242,.F.);
#1244=ADVANCED_FACE('',(#1243),#1236,.F.);
#1245=CARTESIAN_POINT('',(0.E0,7.5E-3,0.E0));
#1246=DIRECTION('',(0.E0,1.E0,0.E0));
#1247=DIRECTION('',(-9.333331978270E-4,0.E0,-9.999995644445E-1));
#1248=AXIS2_PLACEMENT_3D('',#1245,#1246,#1247);
#1249=TOROIDAL_SURFACE('',#1248,8.E-1,5.E-2);
#1250=ORIENTED_EDGE('',*,*,#885,.F.);
#1252=ORIENTED_EDGE('',*,*,#1251,.T.);
#1253=ORIENTED_EDGE('',*,*,#1121,.T.);
#1254=ORIENTED_EDGE('',*,*,#1238,.T.);
#1255=EDGE_LOOP('',(#1250,#1252,#1253,#1254));
#1256=FACE_OUTER_BOUND('',#1255,.F.);
#1257=ADVANCED_FACE('',(#1256),#1249,.F.);
#1258=CARTESIAN_POINT('',(-7.034382938226E-1,5.723257216515E-2,
3.918802048005E-1));
#1259=CARTESIAN_POINT('',(-7.045998148563E-1,5.731099774409E-2,
3.877606797259E-1));
#1260=CARTESIAN_POINT('',(-7.086207107642E-1,5.772601920873E-2,
3.731545698187E-1));
#1261=CARTESIAN_POINT('',(-7.150199638679E-1,5.917983777160E-2,
3.478105875131E-1));
#1262=CARTESIAN_POINT('',(-7.220838142207E-1,6.199987075710E-2,
3.160043435710E-1));
#1263=CARTESIAN_POINT('',(-7.282679304631E-1,6.558078911168E-2,
2.841351081650E-1));
#1264=CARTESIAN_POINT('',(-7.336546576429E-1,6.977624888027E-2,
2.520378503451E-1));
#1265=CARTESIAN_POINT('',(-7.383661733976E-1,7.457825288993E-2,
2.189817364737E-1));
#1266=CARTESIAN_POINT('',(-7.424758960041E-1,8.006111357316E-2,
1.840303657785E-1));
#1267=CARTESIAN_POINT('',(-7.447619943392E-1,8.418983249324E-2,
1.591796789125E-1));
#1268=CARTESIAN_POINT('',(-7.458092857299E-1,8.646007565466E-2,
1.458019340306E-1));
#1269=CARTESIAN_POINT('',(-7.458719711054E-1,8.659758001556E-2,
1.449926673491E-1));
#1270=CARTESIAN_POINT('',(-6.740554181046E-1,6.077223313822E-2,
3.754709790166E-1));
#1271=CARTESIAN_POINT('',(-6.750380070410E-1,6.018091995823E-2,
3.715276574828E-1));
#1272=CARTESIAN_POINT('',(-6.785386751097E-1,5.823656860910E-2,
3.575119255140E-1));
#1273=CARTESIAN_POINT('',(-6.846533504512E-1,5.573109368934E-2,
3.330085663898E-1));
#1274=CARTESIAN_POINT('',(-6.922260230707E-1,5.392692333291E-2,
3.020263502973E-1));
#1275=CARTESIAN_POINT('',(-6.995961067263E-1,5.326171938226E-2,
2.708126938599E-1));
#1276=CARTESIAN_POINT('',(-7.067221218606E-1,5.358950016506E-2,
2.392450540926E-1));
#1277=CARTESIAN_POINT('',(-7.136880560288E-1,5.484667456080E-2,
2.066258490441E-1));
#1278=CARTESIAN_POINT('',(-7.205924578808E-1,5.706473958317E-2,
1.720400850640E-1));
#1279=CARTESIAN_POINT('',(-7.251167285738E-1,5.924024710186E-2,
1.473885286444E-1));
#1280=CARTESIAN_POINT('',(-7.274274346257E-1,6.056911112511E-2,
1.341025679139E-1));
#1281=CARTESIAN_POINT('',(-7.275667587503E-1,6.065007002073E-2,
1.332987960579E-1));
#1282=CARTESIAN_POINT('',(-6.528523599765E-1,3.711322062341E-2,
3.638171050459E-1));
#1283=CARTESIAN_POINT('',(-6.543055580377E-1,3.603864422545E-2,
3.599989237159E-1));
#1284=CARTESIAN_POINT('',(-6.595130375519E-1,3.246479257037E-2,
3.464024796634E-1));
#1285=CARTESIAN_POINT('',(-6.687696333320E-1,2.762306225192E-2,
3.224961332650E-1));
#1286=CARTESIAN_POINT('',(-6.804550219680E-1,2.368028598749E-2,
2.920991438513E-1));
#1287=CARTESIAN_POINT('',(-6.920055498474E-1,2.157264740568E-2,
2.613510812681E-1));
#1288=CARTESIAN_POINT('',(-7.033260630179E-1,2.107749958025E-2,
2.301595775916E-1));
#1289=CARTESIAN_POINT('',(-7.145348829076E-1,2.208350848754E-2,
1.978506663025E-1));
#1290=CARTESIAN_POINT('',(-7.257888427926E-1,2.462771476540E-2,
1.635245571433E-1));
#1291=CARTESIAN_POINT('',(-7.332679698782E-1,2.744449940513E-2,
1.390144236741E-1));
#1292=CARTESIAN_POINT('',(-7.371187834210E-1,2.922984487407E-2,
1.257936482818E-1));
#1293=CARTESIAN_POINT('',(-7.373510870529E-1,2.933882171352E-2,
1.249937788650E-1));
#1294=CARTESIAN_POINT('',(-6.551842711471E-1,3.389276567473E-3,
3.653582618127E-1));
#1295=CARTESIAN_POINT('',(-6.574168067130E-1,2.367889367655E-3,
3.615235314217E-1));
#1296=CARTESIAN_POINT('',(-6.653220723988E-1,-9.255138787703E-4,
3.478716389912E-1));
#1297=CARTESIAN_POINT('',(-6.788717232977E-1,-4.788556699915E-3,
3.238863411467E-1));
#1298=CARTESIAN_POINT('',(-6.952953127370E-1,-6.835573427466E-3,
2.934119589228E-1));
#1299=CARTESIAN_POINT('',(-7.109933042494E-1,-6.537354812659E-3,
2.626023242717E-1));
#1300=CARTESIAN_POINT('',(-7.259258904334E-1,-4.214719967792E-3,
2.313610787941E-1));
#1301=CARTESIAN_POINT('',(-7.402933861216E-1,1.568040327733E-5,
1.990111329676E-1));
#1302=CARTESIAN_POINT('',(-7.543018540263E-1,6.240774939890E-3,
1.646506859749E-1));
#1303=CARTESIAN_POINT('',(-7.633126288918E-1,1.182891544683E-2,
1.401218501465E-1));
#1304=CARTESIAN_POINT('',(-7.678649043910E-1,1.513802129958E-2,
1.268924543740E-1));
#1305=CARTESIAN_POINT('',(-7.681391929809E-1,1.533928903313E-2,
1.260920688823E-1));
#1306=(BOUNDED_SURFACE()B_SPLINE_SURFACE(3,3,((#1258,#1259,#1260,#1261,#1262,
#1263,#1264,#1265,#1266,#1267,#1268,#1269),(#1270,#1271,#1272,#1273,#1274,#1275,
#1276,#1277,#1278,#1279,#1280,#1281),(#1282,#1283,#1284,#1285,#1286,#1287,#1288,
#1289,#1290,#1291,#1292,#1293),(#1294,#1295,#1296,#1297,#1298,#1299,#1300,#1301,
#1302,#1303,#1304,#1305)),.UNSPECIFIED.,.F.,.F.,.F.)B_SPLINE_SURFACE_WITH_KNOTS(
(4,4),(4,1,1,1,1,1,1,1,1,4),(0.E0,1.E0),(7.721449675483E-2,1.254202228588E-1,
2.475052736073E-1,3.696703595172E-1,4.885993076084E-1,6.087589264527E-1,
7.315585270811E-1,8.597844114171E-1,1.E0,1.009027822095E0),.UNSPECIFIED.)GEOMETRIC_REPRESENTATION_ITEM()RATIONAL_B_SPLINE_SURFACE(((1.221073957203E0,
1.221073957203E0,1.221073957203E0,1.221073957203E0,1.221073957203E0,
1.221073957203E0,1.221073957203E0,1.221073957203E0,1.221073957203E0,
1.221073957203E0,1.221073957203E0,1.221073957203E0),(9.263086809325E-1,
9.263086809325E-1,9.263086809325E-1,9.263086809325E-1,9.263086809325E-1,
9.263086809325E-1,9.263086809325E-1,9.263086809325E-1,9.263086809325E-1,
9.263086809325E-1,9.263086809325E-1,9.263086809325E-1),(9.263086809325E-1,
9.263086809325E-1,9.263086809325E-1,9.263086809325E-1,9.263086809325E-1,
9.263086809325E-1,9.263086809325E-1,9.263086809325E-1,9.263086809325E-1,
9.263086809325E-1,9.263086809325E-1,9.263086809325E-1),(1.221073957203E0,
1.221073957203E0,1.221073957203E0,1.221073957203E0,1.221073957203E0,
1.221073957203E0,1.221073957203E0,1.221073957203E0,1.221073957203E0,
1.221073957203E0,1.221073957203E0,1.221073957203E0)))REPRESENTATION_ITEM('')SURFACE());
#1307=ORIENTED_EDGE('',*,*,#883,.T.);
#1309=ORIENTED_EDGE('',*,*,#1308,.F.);
#1311=ORIENTED_EDGE('',*,*,#1310,.F.);
#1312=ORIENTED_EDGE('',*,*,#1251,.F.);
#1313=EDGE_LOOP('',(#1307,#1309,#1311,#1312));
#1314=FACE_OUTER_BOUND('',#1313,.F.);
#1315=ADVANCED_FACE('',(#1314),#1306,.F.);
#1316=CARTESIAN_POINT('',(-7.452474683319E-1,8.544845847102E-2,
1.495985690911E-1));
#1317=CARTESIAN_POINT('',(-7.453933208359E-1,8.569365094291E-2,
1.488726364998E-1));
#1318=CARTESIAN_POINT('',(-7.484330573681E-1,9.085154271007E-2,
1.336280483187E-1));
#1319=CARTESIAN_POINT('',(-7.534747115485E-1,1.013850124013E-1,
1.035539159406E-1));
#1320=CARTESIAN_POINT('',(-7.584141081612E-1,1.180967026864E-1,
5.774439535153E-2));
#1321=CARTESIAN_POINT('',(-7.598777920110E-1,1.300297426507E-1,
2.569478687253E-2));
#1322=CARTESIAN_POINT('',(-7.600791153332E-1,1.364127652868E-1,
8.542295026977E-3));
#1323=CARTESIAN_POINT('',(-7.600867437235E-1,1.366890812531E-1,
7.799744806310E-3));
#1324=CARTESIAN_POINT('',(-7.383529568743E-1,7.584122104140E-2,
1.452259218920E-1));
#1325=CARTESIAN_POINT('',(-7.384951743417E-1,7.608758253524E-2,
1.445031531988E-1));
#1326=CARTESIAN_POINT('',(-7.414584590109E-1,8.126983346864E-2,
1.293257731477E-1));
#1327=CARTESIAN_POINT('',(-7.463449115531E-1,9.184354582659E-2,
9.941579223367E-2));
#1328=CARTESIAN_POINT('',(-7.510504650217E-1,1.085929798796E-1,
5.393970886516E-2));
#1329=CARTESIAN_POINT('',(-7.523618131515E-1,1.205350660467E-1,
2.218082028681E-2));
#1330=CARTESIAN_POINT('',(-7.524876350435E-1,1.269178870983E-1,
5.200119622521E-3));
#1331=CARTESIAN_POINT('',(-7.524920063453E-1,1.271941848251E-1,
4.465036550701E-3));
#1332=CARTESIAN_POINT('',(-7.356508214756E-1,6.426900674039E-2,
1.410145482731E-1));
#1333=CARTESIAN_POINT('',(-7.357897041156E-1,6.451677635729E-2,
1.402900512557E-1));
#1334=CARTESIAN_POINT('',(-7.386826357844E-1,6.972836865901E-2,
1.250773170583E-1));
#1335=CARTESIAN_POINT('',(-7.434175376697E-1,8.035055455231E-2,
9.513634031502E-2));
#1336=CARTESIAN_POINT('',(-7.478742077374E-1,9.714545213990E-2,
4.971542534372E-2));
#1337=CARTESIAN_POINT('',(-7.490098611305E-1,1.090984347377E-1,
1.806564633247E-2));
#1338=CARTESIAN_POINT('',(-7.490445521827E-1,1.154810129746E-1,
1.163229565117E-3));
#1339=CARTESIAN_POINT('',(-7.490449839836E-1,1.157572887314E-1,
4.315724650324E-4));
#1340=CARTESIAN_POINT('',(-7.375059262316E-1,5.229438919417E-2,
1.375331018365E-1));
#1341=CARTESIAN_POINT('',(-7.376422245486E-1,5.254361589912E-2,
1.368022176449E-1));
#1342=CARTESIAN_POINT('',(-7.404804017087E-1,5.778556986324E-2,
1.214563408267E-1));
#1343=CARTESIAN_POINT('',(-7.450878675095E-1,6.845791487319E-2,
9.129340626741E-2));
#1344=CARTESIAN_POINT('',(-7.493142201616E-1,8.529985690922E-2,
4.564194158840E-2));
#1345=CARTESIAN_POINT('',(-7.502745435207E-1,9.726411484172E-2,
1.390492895772E-2));
#1346=CARTESIAN_POINT('',(-7.502147795437E-1,1.036464418205E-1,
-3.023281719607E-3));
#1347=CARTESIAN_POINT('',(-7.502111213743E-1,1.039226948434E-1,
-3.756016627378E-3));
#1348=(BOUNDED_SURFACE()B_SPLINE_SURFACE(3,3,((#1316,#1317,#1318,#1319,#1320,
#1321,#1322,#1323),(#1324,#1325,#1326,#1327,#1328,#1329,#1330,#1331),(#1332,
#1333,#1334,#1335,#1336,#1337,#1338,#1339),(#1340,#1341,#1342,#1343,#1344,#1345,
#1346,#1347)),.UNSPECIFIED.,.F.,.F.,.F.)B_SPLINE_SURFACE_WITH_KNOTS((4,4),(4,1,
1,1,1,4),(0.E0,1.E0),(-1.603851477652E-2,0.E0,3.206947713198E-1,
6.451667719426E-1,1.E0,1.016053758479E0),.UNSPECIFIED.)GEOMETRIC_REPRESENTATION_ITEM()RATIONAL_B_SPLINE_SURFACE(((1.034936361825E0,1.034936361825E0,
1.034936361825E0,1.034936361825E0,1.034936361825E0,1.034936361825E0,
1.034936361825E0,1.034936361825E0),(9.883545460583E-1,9.883545460583E-1,
9.883545460583E-1,9.883545460583E-1,9.883545460583E-1,9.883545460583E-1,
9.883545460583E-1,9.883545460583E-1),(9.883545460583E-1,9.883545460583E-1,
9.883545460583E-1,9.883545460583E-1,9.883545460583E-1,9.883545460583E-1,
9.883545460583E-1,9.883545460583E-1),(1.034936361825E0,1.034936361825E0,
1.034936361825E0,1.034936361825E0,1.034936361825E0,1.034936361825E0,
1.034936361825E0,1.034936361825E0)))REPRESENTATION_ITEM('')SURFACE());
#1350=ORIENTED_EDGE('',*,*,#1349,.T.);
#1352=ORIENTED_EDGE('',*,*,#1351,.F.);
#1353=ORIENTED_EDGE('',*,*,#1308,.T.);
#1354=EDGE_LOOP('',(#1350,#1352,#1353));
#1355=FACE_OUTER_BOUND('',#1354,.F.);
#1356=ADVANCED_FACE('',(#1355),#1348,.F.);
#1357=CARTESIAN_POINT('',(0.E0,0.E0,0.E0));
#1358=DIRECTION('',(0.E0,1.E0,0.E0));
#1359=DIRECTION('',(1.E0,0.E0,0.E0));
#1360=AXIS2_PLACEMENT_3D('',#1357,#1358,#1359);
#1361=CYLINDRICAL_SURFACE('',#1360,7.5E-1);
#1362=ORIENTED_EDGE('',*,*,#872,.F.);
#1363=ORIENTED_EDGE('',*,*,#870,.T.);
#1365=ORIENTED_EDGE('',*,*,#1364,.F.);
#1366=ORIENTED_EDGE('',*,*,#1068,.F.);
#1367=ORIENTED_EDGE('',*,*,#1349,.F.);
#1368=ORIENTED_EDGE('',*,*,#881,.F.);
#1369=ORIENTED_EDGE('',*,*,#879,.F.);
#1370=ORIENTED_EDGE('',*,*,#835,.T.);
#1371=ORIENTED_EDGE('',*,*,#876,.F.);
#1373=ORIENTED_EDGE('',*,*,#1372,.T.);
#1374=EDGE_LOOP('',(#1362,#1363,#1365,#1366,#1367,#1368,#1369,#1370,#1371,
#1373));
#1375=FACE_OUTER_BOUND('',#1374,.F.);
#1376=ADVANCED_FACE('',(#1375),#1361,.T.);
#1377=CARTESIAN_POINT('',(-7.600867216339E-1,6.033109119551E-1,
7.799703236220E-3));
#1378=CARTESIAN_POINT('',(-7.600791030923E-1,6.035872135201E-1,
8.542227282424E-3));
#1379=CARTESIAN_POINT('',(-7.598935256821E-1,6.094767135814E-1,
2.436876985960E-2));
#1380=CARTESIAN_POINT('',(-7.585761187650E-1,6.208702360164E-1,
5.497046658485E-2));
#1381=CARTESIAN_POINT('',(-7.538877418244E-1,6.376351009403E-1,
1.008063092712E-1));
#1382=CARTESIAN_POINT('',(-7.487182273391E-1,6.486645612344E-1,
1.321979068823E-1));
#1383=CARTESIAN_POINT('',(-7.453933061737E-1,6.543063765152E-1,
1.488727348174E-1));
#1384=CARTESIAN_POINT('',(-7.452474446022E-1,6.545515853228E-1,
1.495987131935E-1));
#1385=CARTESIAN_POINT('',(-7.524919818322E-1,6.128058240653E-1,
4.465036996758E-3));
#1386=CARTESIAN_POINT('',(-7.524876200939E-1,6.130821068543E-1,
5.200092028203E-3));
#1387=CARTESIAN_POINT('',(-7.523717044016E-1,6.189714095338E-1,
2.086808096987E-2));
#1388=CARTESIAN_POINT('',(-7.511989193495E-1,6.303728685578E-1,
5.118996465642E-2));
#1389=CARTESIAN_POINT('',(-7.467435652248E-1,6.471732890292E-1,
9.668472899949E-2));
#1390=CARTESIAN_POINT('',(-7.417364531731E-1,6.582439858926E-1,
1.279019377679E-1));
#1391=CARTESIAN_POINT('',(-7.384951571184E-1,6.639124461189E-1,
1.445032500442E-1));
#1392=CARTESIAN_POINT('',(-7.383529308375E-1,6.641588240597E-1,
1.452260641707E-1));
#1393=CARTESIAN_POINT('',(-7.490449585496E-1,6.242427401078E-1,
4.316237815433E-4));
#1394=CARTESIAN_POINT('',(-7.490445360388E-1,6.245190002805E-1,
1.163250350419E-3));
#1395=CARTESIAN_POINT('',(-7.490127039627E-1,6.304080652073E-1,
1.675895485720E-2));
#1396=CARTESIAN_POINT('',(-7.480072748604E-1,6.418190840989E-1,
4.697392435499E-2));
#1397=CARTESIAN_POINT('',(-7.438017377998E-1,6.586623323298E-1,
9.240434353191E-2));
#1398=CARTESIAN_POINT('',(-7.389540277435E-1,6.697826999194E-1,
1.236501663065E-1));
#1399=CARTESIAN_POINT('',(-7.357896858865E-1,6.754832548088E-1,
1.402901471262E-1));
#1400=CARTESIAN_POINT('',(-7.356507946744E-1,6.757310410068E-1,
1.410146895019E-1));
#1401=CARTESIAN_POINT('',(-7.502110968394E-1,6.360773548783E-1,
-3.755912229657E-3));
#1402=CARTESIAN_POINT('',(-7.502147640737E-1,6.363535916483E-1,
-3.023210632324E-3));
#1403=CARTESIAN_POINT('',(-7.502700838598E-1,6.422424105550E-1,
1.259623907111E-2));
#1404=CARTESIAN_POINT('',(-7.494321470340E-1,6.536633217418E-1,
4.289162965134E-2));
#1405=CARTESIAN_POINT('',(-7.454594889587E-1,6.705508869926E-1,
8.854312524569E-2));
#1406=CARTESIAN_POINT('',(-7.407466567087E-1,6.817226525210E-1,
1.200167011800E-1));
#1407=CARTESIAN_POINT('',(-7.376422071561E-1,6.874564181091E-1,
1.368023134047E-1));
#1408=CARTESIAN_POINT('',(-7.375059004632E-1,6.877056615340E-1,
1.375332431663E-1));
#1409=(BOUNDED_SURFACE()B_SPLINE_SURFACE(3,3,((#1377,#1378,#1379,#1380,#1381,
#1382,#1383,#1384),(#1385,#1386,#1387,#1388,#1389,#1390,#1391,#1392),(#1393,
#1394,#1395,#1396,#1397,#1398,#1399,#1400),(#1401,#1402,#1403,#1404,#1405,#1406,
#1407,#1408)),.UNSPECIFIED.,.F.,.F.,.F.)B_SPLINE_SURFACE_WITH_KNOTS((4,4),(4,1,
1,1,1,4),(0.E0,1.E0),(-1.605493591113E-2,0.E0,3.261965386766E-1,
6.477125557296E-1,1.E0,1.016039627874E0),.UNSPECIFIED.)GEOMETRIC_REPRESENTATION_ITEM()RATIONAL_B_SPLINE_SURFACE(((1.034936376788E0,1.034936376788E0,
1.034936376788E0,1.034936376788E0,1.034936376788E0,1.034936376788E0,
1.034936376788E0,1.034936376788E0),(9.883545410705E-1,9.883545410705E-1,
9.883545410705E-1,9.883545410705E-1,9.883545410705E-1,9.883545410705E-1,
9.883545410705E-1,9.883545410705E-1),(9.883545410705E-1,9.883545410705E-1,
9.883545410705E-1,9.883545410705E-1,9.883545410705E-1,9.883545410705E-1,
9.883545410705E-1,9.883545410705E-1),(1.034936376788E0,1.034936376788E0,
1.034936376788E0,1.034936376788E0,1.034936376788E0,1.034936376788E0,
1.034936376788E0,1.034936376788E0)))REPRESENTATION_ITEM('')SURFACE());
#1410=ORIENTED_EDGE('',*,*,#1364,.T.);
#1412=ORIENTED_EDGE('',*,*,#1411,.F.);
#1413=ORIENTED_EDGE('',*,*,#1048,.F.);
#1414=EDGE_LOOP('',(#1410,#1412,#1413));
#1415=FACE_OUTER_BOUND('',#1414,.F.);
#1416=ADVANCED_FACE('',(#1415),#1409,.F.);
#1417=CARTESIAN_POINT('',(-7.889584851588E-1,6.342530062938E-1,
1.589665807628E-1));
#1418=CARTESIAN_POINT('',(-7.887958746516E-1,6.345118077634E-1,
1.597718513543E-1));
#1419=CARTESIAN_POINT('',(-7.864456881887E-1,6.382164398430E-1,
1.713189952644E-1));
#1420=CARTESIAN_POINT('',(-7.813993193334E-1,6.451797320571E-1,
1.935929224471E-1));
#1421=CARTESIAN_POINT('',(-7.728382307570E-1,6.544543070306E-1,
2.252749411024E-1));
#1422=CARTESIAN_POINT('',(-7.630973428540E-1,6.627420333878E-1,
2.562457700450E-1));
#1423=CARTESIAN_POINT('',(-7.521563072797E-1,6.699560180181E-1,
2.867211405205E-1));
#1424=CARTESIAN_POINT('',(-7.398841680603E-1,6.759513190577E-1,
3.170133303030E-1));
#1425=CARTESIAN_POINT('',(-7.260977207676E-1,6.804407509048E-1,
3.473931341139E-1));
#1426=CARTESIAN_POINT('',(-7.135562593310E-1,6.824859154008E-1,
3.722328394740E-1));
#1427=CARTESIAN_POINT('',(-7.056203740099E-1,6.827457372125E-1,
3.868185580209E-1));
#1428=CARTESIAN_POINT('',(-7.029557381909E-1,6.827119627038E-1,
3.916023462743E-1));
#1429=CARTESIAN_POINT('',(-7.556422438348E-1,6.312379064847E-1,
1.538707530506E-1));
#1430=CARTESIAN_POINT('',(-7.554851657719E-1,6.314963319731E-1,
1.546400756568E-1));
#1431=CARTESIAN_POINT('',(-7.532152180134E-1,6.351955265198E-1,
1.656714306793E-1));
#1432=CARTESIAN_POINT('',(-7.483489092570E-1,6.421470563804E-1,
1.869416081084E-1));
#1433=CARTESIAN_POINT('',(-7.401155386079E-1,6.514016921220E-1,
2.171700370709E-1));
#1434=CARTESIAN_POINT('',(-7.307702464856E-1,6.596671532601E-1,
2.466913973271E-1));
#1435=CARTESIAN_POINT('',(-7.202980217580E-1,6.668571850734E-1,
2.757085496745E-1));
#1436=CARTESIAN_POINT('',(-7.085807081813E-1,6.728277944091E-1,
3.045131096882E-1));
#1437=CARTESIAN_POINT('',(-6.954551612301E-1,6.772938830049E-1,
3.333522735278E-1));
#1438=CARTESIAN_POINT('',(-6.835571163139E-1,6.793250771197E-1,
3.568793616116E-1));
#1439=CARTESIAN_POINT('',(-6.760553848802E-1,6.795825110618E-1,
3.706621645271E-1));
#1440=CARTESIAN_POINT('',(-6.735401655810E-1,6.795490220042E-1,
3.751782918407E-1));
#1441=CARTESIAN_POINT('',(-7.333973592737E-1,6.540467591273E-1,
1.424711215345E-1));
#1442=CARTESIAN_POINT('',(-7.332505740453E-1,6.543080288666E-1,
1.432260509493E-1));
#1443=CARTESIAN_POINT('',(-7.311281932897E-1,6.580483576685E-1,
1.540523597725E-1));
#1444=CARTESIAN_POINT('',(-7.265455045048E-1,6.650888682610E-1,
1.749647259459E-1));
#1445=CARTESIAN_POINT('',(-7.186981129187E-1,6.744943417966E-1,
2.047949008126E-1));
#1446=CARTESIAN_POINT('',(-7.096948177619E-1,6.829282365295E-1,
2.340489050127E-1));
#1447=CARTESIAN_POINT('',(-6.995020253944E-1,6.902994684059E-1,
2.629396039258E-1));
#1448=CARTESIAN_POINT('',(-6.879741727518E-1,6.964568673912E-1,
2.917817870224E-1));
#1449=CARTESIAN_POINT('',(-6.749005618549E-1,7.010995447603E-1,
3.208670493269E-1));
#1450=CARTESIAN_POINT('',(-6.628692400531E-1,7.032364230605E-1,
3.448217882768E-1));
#1451=CARTESIAN_POINT('',(-6.551675943394E-1,7.035119209370E-1,
3.589932615039E-1));
#1452=CARTESIAN_POINT('',(-6.525696761120E-1,7.034762724775E-1,
3.636553558174E-1));
#1453=CARTESIAN_POINT('',(-7.383327703488E-1,6.861622201112E-1,
1.330228860455E-1));
#1454=CARTESIAN_POINT('',(-7.381935846476E-1,6.864274946302E-1,
1.337954000904E-1));
#1455=CARTESIAN_POINT('',(-7.361792365203E-1,6.902257415389E-1,
1.448758924256E-1));
#1456=CARTESIAN_POINT('',(-7.317783402792E-1,6.973915393289E-1,
1.663354997797E-1));
#1457=CARTESIAN_POINT('',(-7.240956768488E-1,7.070093964230E-1,
1.971111573244E-1));
#1458=CARTESIAN_POINT('',(-7.151331180396E-1,7.156804500618E-1,
2.274735276611E-1));
#1459=CARTESIAN_POINT('',(-7.048280247616E-1,7.233068163657E-1,
2.576611108262E-1));
#1460=CARTESIAN_POINT('',(-6.929870676052E-1,7.297272200622E-1,
2.880389245847E-1));
#1461=CARTESIAN_POINT('',(-6.793188182679E-1,7.346185390420E-1,
3.189788082048E-1));
#1462=CARTESIAN_POINT('',(-6.664740404629E-1,7.369042234389E-1,
3.447917769111E-1));
#1463=CARTESIAN_POINT('',(-6.580831829753E-1,7.372051558076E-1,
3.602620454450E-1));
#1464=CARTESIAN_POINT('',(-6.552303379369E-1,7.371664668537E-1,
3.653780306891E-1));
#1465=(BOUNDED_SURFACE()B_SPLINE_SURFACE(3,3,((#1417,#1418,#1419,#1420,#1421,
#1422,#1423,#1424,#1425,#1426,#1427,#1428),(#1429,#1430,#1431,#1432,#1433,#1434,
#1435,#1436,#1437,#1438,#1439,#1440),(#1441,#1442,#1443,#1444,#1445,#1446,#1447,
#1448,#1449,#1450,#1451,#1452),(#1453,#1454,#1455,#1456,#1457,#1458,#1459,#1460,
#1461,#1462,#1463,#1464)),.UNSPECIFIED.,.F.,.F.,.F.)B_SPLINE_SURFACE_WITH_KNOTS(
(4,4),(4,1,1,1,1,1,1,1,1,4),(0.E0,1.E0),(-9.174734381644E-3,0.E0,
1.224271112795E-1,2.458393168098E-1,3.663710812302E-1,4.847609100791E-1,
6.072798688444E-1,7.317424638983E-1,8.592944658323E-1,9.227558959070E-1),
.UNSPECIFIED.)GEOMETRIC_REPRESENTATION_ITEM()RATIONAL_B_SPLINE_SURFACE(((
1.221062252986E0,1.221062252986E0,1.221062252986E0,1.221062252986E0,
1.221062252986E0,1.221062252986E0,1.221062252986E0,1.221062252986E0,
1.221062252986E0,1.221062252986E0,1.221062252986E0,1.221062252986E0),(
9.263125823379E-1,9.263125823379E-1,9.263125823379E-1,9.263125823379E-1,
9.263125823379E-1,9.263125823379E-1,9.263125823379E-1,9.263125823379E-1,
9.263125823379E-1,9.263125823379E-1,9.263125823379E-1,9.263125823379E-1),(
9.263125823379E-1,9.263125823379E-1,9.263125823379E-1,9.263125823379E-1,
9.263125823379E-1,9.263125823379E-1,9.263125823379E-1,9.263125823379E-1,
9.263125823379E-1,9.263125823379E-1,9.263125823379E-1,9.263125823379E-1),(
1.221062252986E0,1.221062252986E0,1.221062252986E0,1.221062252986E0,
1.221062252986E0,1.221062252986E0,1.221062252986E0,1.221062252986E0,
1.221062252986E0,1.221062252986E0,1.221062252986E0,1.221062252986E0)))REPRESENTATION_ITEM('')SURFACE());
#1466=ORIENTED_EDGE('',*,*,#868,.T.);
#1468=ORIENTED_EDGE('',*,*,#1467,.F.);
#1469=ORIENTED_EDGE('',*,*,#1050,.F.);
#1470=ORIENTED_EDGE('',*,*,#1411,.T.);
#1471=EDGE_LOOP('',(#1466,#1468,#1469,#1470));
#1472=FACE_OUTER_BOUND('',#1471,.F.);
#1473=ADVANCED_FACE('',(#1472),#1465,.F.);
#1474=CARTESIAN_POINT('',(0.E0,7.325E-1,0.E0));
#1475=DIRECTION('',(0.E0,1.E0,0.E0));
#1476=DIRECTION('',(1.087730577646E-3,0.E0,-9.999994084209E-1));
#1477=AXIS2_PLACEMENT_3D('',#1474,#1475,#1476);
#1478=TOROIDAL_SURFACE('',#1477,8.E-1,5.E-2);
#1479=ORIENTED_EDGE('',*,*,#866,.F.);
#1481=ORIENTED_EDGE('',*,*,#1480,.T.);
#1482=ORIENTED_EDGE('',*,*,#1033,.T.);
#1483=ORIENTED_EDGE('',*,*,#1467,.T.);
#1484=EDGE_LOOP('',(#1479,#1481,#1482,#1483));
#1485=FACE_OUTER_BOUND('',#1484,.F.);
#1486=ADVANCED_FACE('',(#1485),#1478,.F.);
#1487=CARTESIAN_POINT('',(-3.918795985496E-1,6.827672225103E-1,
7.034384480918E-1));
#1488=CARTESIAN_POINT('',(-3.890915001255E-1,6.827141353270E-1,
7.042245669326E-1));
#1489=CARTESIAN_POINT('',(-3.773285813130E-1,6.824155424025E-1,
7.074880502012E-1));
#1490=CARTESIAN_POINT('',(-3.564893549294E-1,6.813799655930E-1,
7.128827394538E-1));
#1491=CARTESIAN_POINT('',(-3.293496728689E-1,6.792482334959E-1,
7.191898346545E-1));
#1492=CARTESIAN_POINT('',(-3.022143134425E-1,6.765020359789E-1,
7.248267564221E-1));
#1493=CARTESIAN_POINT('',(-2.747546523961E-1,6.732257085228E-1,
7.298937175052E-1));
#1494=CARTESIAN_POINT('',(-2.462145821852E-1,6.693952991034E-1,
7.345184349416E-1));
#1495=CARTESIAN_POINT('',(-2.157209774323E-1,6.649186214611E-1,
7.387698781714E-1));
#1496=CARTESIAN_POINT('',(-1.825692650147E-1,6.596975436271E-1,
7.426157442103E-1));
#1497=CARTESIAN_POINT('',(-1.586733556385E-1,6.557242672537E-1,
7.448016162167E-1));
#1498=CARTESIAN_POINT('',(-1.458019161856E-1,6.535399446418E-1,
7.458092707711E-1));
#1499=CARTESIAN_POINT('',(-1.449926449860E-1,6.534024393589E-1,
7.458719564520E-1));
#1500=CARTESIAN_POINT('',(-3.754706490595E-1,6.792277278705E-1,
6.740558772863E-1));
#1501=CARTESIAN_POINT('',(-3.728018167909E-1,6.796279196230E-1,
6.747209093124E-1));
#1502=CARTESIAN_POINT('',(-3.615231435691E-1,6.812333989349E-1,
6.775356580294E-1));
#1503=CARTESIAN_POINT('',(-3.414141504498E-1,6.834893672887E-1,
6.825604836980E-1));
#1504=CARTESIAN_POINT('',(-3.150408184247E-1,6.854089473396E-1,
6.890614235684E-1));
#1505=CARTESIAN_POINT('',(-2.885314148897E-1,6.864433789752E-1,
6.954354381793E-1));
#1506=CARTESIAN_POINT('',(-2.615943188625E-1,6.867012460115E-1,
7.016995216012E-1));
#1507=CARTESIAN_POINT('',(-2.335027988766E-1,6.862247798614E-1,
7.079658807700E-1));
#1508=CARTESIAN_POINT('',(-2.034013080603E-1,6.849662765268E-1,
7.143437850607E-1));
#1509=CARTESIAN_POINT('',(-1.705911685175E-1,6.828120001780E-1,
7.208622499615E-1));
#1510=CARTESIAN_POINT('',(-1.468857071662E-1,6.807094318565E-1,
7.252042298916E-1));
#1511=CARTESIAN_POINT('',(-1.341025784803E-1,6.794308566979E-1,
7.274274817516E-1));
#1512=CARTESIAN_POINT('',(-1.332988022762E-1,6.793498969363E-1,
7.275668066103E-1));
#1513=CARTESIAN_POINT('',(-3.638169594541E-1,7.028866580681E-1,
6.528531269702E-1));
#1514=CARTESIAN_POINT('',(-3.612328303993E-1,7.036139177509E-1,
6.538366776434E-1));
#1515=CARTESIAN_POINT('',(-3.502980699802E-1,7.065535527917E-1,
6.580159659220E-1));
#1516=CARTESIAN_POINT('',(-3.307076909139E-1,7.108427532341E-1,
6.655877012120E-1));
#1517=CARTESIAN_POINT('',(-3.048786231908E-1,7.148142043450E-1,
6.755567634200E-1));
#1518=CARTESIAN_POINT('',(-2.788137755776E-1,7.173654337642E-1,
6.854719586982E-1));
#1519=CARTESIAN_POINT('',(-2.522478069364E-1,7.186683593672E-1,
6.953378016786E-1));
#1520=CARTESIAN_POINT('',(-2.244748487876E-1,7.188044494218E-1,
7.053215071993E-1));
#1521=CARTESIAN_POINT('',(-1.946518385719E-1,7.177123636576E-1,
7.156001697980E-1));
#1522=CARTESIAN_POINT('',(-1.620842852021E-1,7.152145477419E-1,
7.262338408688E-1));
#1523=CARTESIAN_POINT('',(-1.385140806611E-1,7.124878321504E-1,
7.334137050760E-1));
#1524=CARTESIAN_POINT('',(-1.257936705707E-1,7.107700533753E-1,
7.371187733944E-1));
#1525=CARTESIAN_POINT('',(-1.249937969304E-1,7.106610755231E-1,
7.373510781400E-1));
#1526=CARTESIAN_POINT('',(-3.653580456947E-1,7.366103905518E-1,
6.551850723611E-1));
#1527=CARTESIAN_POINT('',(-3.627627154700E-1,7.373016469794E-1,
6.566960782909E-1));
#1528=CARTESIAN_POINT('',(-3.517824759531E-1,7.400393355141E-1,
6.630649907695E-1));
#1529=CARTESIAN_POINT('',(-3.321235152609E-1,7.436310033053E-1,
6.742559557450E-1));
#1530=CARTESIAN_POINT('',(-3.062224739179E-1,7.461689345177E-1,
6.884558293700E-1));
#1531=CARTESIAN_POINT('',(-2.800988381408E-1,7.468746765966E-1,
7.021517962486E-1));
#1532=CARTESIAN_POINT('',(-2.534837915400E-1,7.459767011435E-1,
7.154156683302E-1));
#1533=CARTESIAN_POINT('',(-2.256687067102E-1,7.435403516577E-1,
7.285003500433E-1));
#1534=CARTESIAN_POINT('',(-1.958088701642E-1,7.394424083508E-1,
7.416291678337E-1));
#1535=CARTESIAN_POINT('',(-1.632092371504E-1,7.334395006339E-1,
7.548404504611E-1));
#1536=CARTESIAN_POINT('',(-1.396211462219E-1,7.280457852948E-1,
7.634848004602E-1));
#1537=CARTESIAN_POINT('',(-1.268924422118E-1,7.248619198495E-1,
7.678647838525E-1));
#1538=CARTESIAN_POINT('',(-1.260920524958E-1,7.246606507890E-1,
7.681390738466E-1));
#1539=(BOUNDED_SURFACE()B_SPLINE_SURFACE(3,3,((#1487,#1488,#1489,#1490,#1491,
#1492,#1493,#1494,#1495,#1496,#1497,#1498,#1499),(#1500,#1501,#1502,#1503,#1504,
#1505,#1506,#1507,#1508,#1509,#1510,#1511,#1512),(#1513,#1514,#1515,#1516,#1517,
#1518,#1519,#1520,#1521,#1522,#1523,#1524,#1525),(#1526,#1527,#1528,#1529,#1530,
#1531,#1532,#1533,#1534,#1535,#1536,#1537,#1538)),.UNSPECIFIED.,.F.,.F.,.F.)B_SPLINE_SURFACE_WITH_KNOTS((4,4),(4,1,1,1,1,1,1,1,1,1,4),(0.E0,1.E0),(
7.721737112414E-2,1.098447475191E-1,2.145337259339E-1,3.183510541402E-1,
4.207731076240E-1,5.231775099528E-1,6.289766655159E-1,7.422344173127E-1,
8.654373128369E-1,1.E0,1.009027569078E0),.UNSPECIFIED.)GEOMETRIC_REPRESENTATION_ITEM()RATIONAL_B_SPLINE_SURFACE(((1.221073015317E0,1.221073015317E0,
1.221073015317E0,1.221073015317E0,1.221073015317E0,1.221073015317E0,
1.221073015317E0,1.221073015317E0,1.221073015317E0,1.221073015317E0,
1.221073015317E0,1.221073015317E0,1.221073015317E0),(9.263089948942E-1,
9.263089948942E-1,9.263089948942E-1,9.263089948942E-1,9.263089948942E-1,
9.263089948942E-1,9.263089948942E-1,9.263089948942E-1,9.263089948942E-1,
9.263089948942E-1,9.263089948942E-1,9.263089948942E-1,9.263089948942E-1),(
9.263089948942E-1,9.263089948942E-1,9.263089948942E-1,9.263089948942E-1,
9.263089948942E-1,9.263089948942E-1,9.263089948942E-1,9.263089948942E-1,
9.263089948942E-1,9.263089948942E-1,9.263089948942E-1,9.263089948942E-1,
9.263089948942E-1),(1.221073015317E0,1.221073015317E0,1.221073015317E0,
1.221073015317E0,1.221073015317E0,1.221073015317E0,1.221073015317E0,
1.221073015317E0,1.221073015317E0,1.221073015317E0,1.221073015317E0,
1.221073015317E0,1.221073015317E0)))REPRESENTATION_ITEM('')SURFACE());
#1540=ORIENTED_EDGE('',*,*,#864,.T.);
#1542=ORIENTED_EDGE('',*,*,#1541,.F.);
#1543=ORIENTED_EDGE('',*,*,#1016,.F.);
#1544=ORIENTED_EDGE('',*,*,#1480,.F.);
#1545=EDGE_LOOP('',(#1540,#1542,#1543,#1544));
#1546=FACE_OUTER_BOUND('',#1545,.F.);
#1547=ADVANCED_FACE('',(#1546),#1539,.F.);
#1548=CARTESIAN_POINT('',(-1.495986077981E-1,6.545515478906E-1,
7.452474650517E-1));
#1549=CARTESIAN_POINT('',(-1.488726630133E-1,6.543063514149E-1,
7.453933200748E-1));
#1550=CARTESIAN_POINT('',(-1.337602255055E-1,6.491931733751E-1,
7.484067069053E-1));
#1551=CARTESIAN_POINT('',(-1.037517424147E-1,6.386857531461E-1,
7.534455761187E-1));
#1552=CARTESIAN_POINT('',(-5.794396413682E-2,6.219776039882E-1,
7.584030509845E-1));
#1553=CARTESIAN_POINT('',(-2.576038229067E-2,6.099946733562E-1,
7.598770098698E-1));
#1554=CARTESIAN_POINT('',(-8.542316051019E-3,6.035872347494E-1,
7.600791212950E-1));
#1555=CARTESIAN_POINT('',(-7.799765259631E-3,6.033109179395E-1,
7.600867505750E-1));
#1556=CARTESIAN_POINT('',(-1.452259596155E-1,6.641587863102E-1,
7.383529507971E-1));
#1557=CARTESIAN_POINT('',(-1.445031787666E-1,6.639124207965E-1,
7.384951707246E-1));
#1558=CARTESIAN_POINT('',(-1.294573666049E-1,6.587750947906E-1,
7.414327684695E-1));
#1559=CARTESIAN_POINT('',(-9.961240732981E-2,6.482274518263E-1,
7.463168104584E-1));
#1560=CARTESIAN_POINT('',(-5.413752136190E-2,6.314814008901E-1,
7.510403734350E-1));
#1561=CARTESIAN_POINT('',(-2.224575774826E-2,6.194893502809E-1,
7.523613169612E-1));
#1562=CARTESIAN_POINT('',(-5.200133551411E-3,6.130821114319E-1,
7.524876378913E-1));
#1563=CARTESIAN_POINT('',(-4.465049648106E-3,6.128058127453E-1,
7.524920100603E-1));
#1564=CARTESIAN_POINT('',(-1.410145851517E-1,6.757310028519E-1,
7.356508140914E-1));
#1565=CARTESIAN_POINT('',(-1.402900759282E-1,6.754832291955E-1,
7.357896991386E-1));
#1566=CARTESIAN_POINT('',(-1.252092158244E-1,6.703168162158E-1,
7.386575538097E-1));
#1567=CARTESIAN_POINT('',(-9.533299765738E-2,6.597207237197E-1,
7.433904832509E-1));
#1568=CARTESIAN_POINT('',(-4.991262446842E-2,6.429290189166E-1,
7.478652181927E-1));
#1569=CARTESIAN_POINT('',(-1.813028287843E-2,6.309259830121E-1,
7.490097120676E-1));
#1570=CARTESIAN_POINT('',(-1.163234568290E-3,6.245189847774E-1,
7.490445533796E-1));
#1571=CARTESIAN_POINT('',(-4.315763101180E-4,6.242427079209E-1,
7.490449860265E-1));
#1572=CARTESIAN_POINT('',(-1.375331383476E-1,6.877056229693E-1,
7.375059193512E-1));
#1573=CARTESIAN_POINT('',(-1.368022418182E-1,6.874563922045E-1,
7.376422200360E-1));
#1574=CARTESIAN_POINT('',(-1.215893929414E-1,6.822598808024E-1,
7.404557949206E-1));
#1575=CARTESIAN_POINT('',(-9.149135400413E-2,6.716136540269E-1,
7.450617309326E-1));
#1576=CARTESIAN_POINT('',(-4.583975330551E-2,6.547747078234E-1,
7.493063204737E-1));
#1577=CARTESIAN_POINT('',(-1.396966248110E-2,6.427603046292E-1,
7.502747560686E-1));
#1578=CARTESIAN_POINT('',(3.023286052029E-3,6.363535553758E-1,
7.502147809595E-1));
#1579=CARTESIAN_POINT('',(3.756022466412E-3,6.360773011086E-1,
7.502111236192E-1));
#1580=(BOUNDED_SURFACE()B_SPLINE_SURFACE(3,3,((#1548,#1549,#1550,#1551,#1552,
#1553,#1554,#1555),(#1556,#1557,#1558,#1559,#1560,#1561,#1562,#1563),(#1564,
#1565,#1566,#1567,#1568,#1569,#1570,#1571),(#1572,#1573,#1574,#1575,#1576,#1577,
#1578,#1579)),.UNSPECIFIED.,.F.,.F.,.F.)B_SPLINE_SURFACE_WITH_KNOTS((4,4),(4,1,
1,1,1,4),(0.E0,1.E0),(-1.603877716065E-2,0.E0,3.177753941226E-1,
6.437524287020E-1,1.E0,1.016053599339E0),.UNSPECIFIED.)GEOMETRIC_REPRESENTATION_ITEM()RATIONAL_B_SPLINE_SURFACE(((1.034936376117E0,1.034936376117E0,
1.034936376117E0,1.034936376117E0,1.034936376117E0,1.034936376117E0,
1.034936376117E0,1.034936376117E0),(9.883545412943E-1,9.883545412943E-1,
9.883545412943E-1,9.883545412943E-1,9.883545412943E-1,9.883545412943E-1,
9.883545412943E-1,9.883545412943E-1),(9.883545412943E-1,9.883545412943E-1,
9.883545412943E-1,9.883545412943E-1,9.883545412943E-1,9.883545412943E-1,
9.883545412943E-1,9.883545412943E-1),(1.034936376117E0,1.034936376117E0,
1.034936376117E0,1.034936376117E0,1.034936376117E0,1.034936376117E0,
1.034936376117E0,1.034936376117E0)))REPRESENTATION_ITEM('')SURFACE());
#1581=ORIENTED_EDGE('',*,*,#862,.T.);
#1582=ORIENTED_EDGE('',*,*,#1018,.F.);
#1583=ORIENTED_EDGE('',*,*,#1541,.T.);
#1584=EDGE_LOOP('',(#1581,#1582,#1583));
#1585=FACE_OUTER_BOUND('',#1584,.F.);
#1586=ADVANCED_FACE('',(#1585),#1580,.F.);
#1587=CARTESIAN_POINT('',(0.E0,7.4E-1,0.E0));
#1588=DIRECTION('',(0.E0,1.E0,0.E0));
#1589=DIRECTION('',(9.999680326741E-1,0.E0,7.995850796921E-3));
#1590=AXIS2_PLACEMENT_3D('',#1587,#1588,#1589);
#1591=TOROIDAL_SURFACE('',#1590,7.E-1,5.E-2);
#1592=ORIENTED_EDGE('',*,*,#672,.T.);
#1594=ORIENTED_EDGE('',*,*,#1593,.T.);
#1595=ORIENTED_EDGE('',*,*,#1372,.F.);
#1597=ORIENTED_EDGE('',*,*,#1596,.F.);
#1598=EDGE_LOOP('',(#1592,#1594,#1595,#1597));
#1599=FACE_OUTER_BOUND('',#1598,.F.);
#1600=ADVANCED_FACE('',(#1599),#1591,.T.);
#1601=CARTESIAN_POINT('',(0.E0,7.4E-1,0.E0));
#1602=DIRECTION('',(0.E0,1.E0,0.E0));
#1603=DIRECTION('',(-9.999680326741E-1,0.E0,-7.995850796921E-3));
#1604=AXIS2_PLACEMENT_3D('',#1601,#1602,#1603);
#1605=TOROIDAL_SURFACE('',#1604,7.E-1,5.E-2);
#1606=ORIENTED_EDGE('',*,*,#670,.T.);
#1607=ORIENTED_EDGE('',*,*,#1596,.T.);
#1608=ORIENTED_EDGE('',*,*,#874,.F.);
#1609=ORIENTED_EDGE('',*,*,#1593,.F.);
#1610=EDGE_LOOP('',(#1606,#1607,#1608,#1609));
#1611=FACE_OUTER_BOUND('',#1610,.F.);
#1612=ADVANCED_FACE('',(#1611),#1605,.T.);
#1613=CARTESIAN_POINT('',(-7.E-1,1.075E-1,4.250028564749E0));
#1614=DIRECTION('',(0.E0,0.E0,-1.E0));
#1615=DIRECTION('',(0.E0,-1.E0,0.E0));
#1616=AXIS2_PLACEMENT_3D('',#1613,#1614,#1615);
#1617=CYLINDRICAL_SURFACE('',#1616,5.E-2);
#1618=ORIENTED_EDGE('',*,*,#1123,.T.);
#1619=ORIENTED_EDGE('',*,*,#1310,.T.);
#1620=ORIENTED_EDGE('',*,*,#1351,.T.);
#1621=ORIENTED_EDGE('',*,*,#1066,.F.);
#1622=ORIENTED_EDGE('',*,*,#1106,.T.);
#1623=EDGE_LOOP('',(#1618,#1619,#1620,#1621,#1622));
#1624=FACE_OUTER_BOUND('',#1623,.F.);
#1625=ADVANCED_FACE('',(#1624),#1617,.T.);
#1626=CARTESIAN_POINT('',(-6.457634492627E-1,6.822811183610E-1,
6.951282207647E-1));
#1627=CARTESIAN_POINT('',(-6.426145389289E-1,6.854438740779E-1,
7.286707721282E-1));
#1628=CARTESIAN_POINT('',(-6.403781329142E-1,6.615166781286E-1,
7.524932236001E-1));
#1629=CARTESIAN_POINT('',(-6.406737465717E-1,6.278266441680E-1,
7.493443132663E-1));
#1630=CARTESIAN_POINT('',(-6.763045728894E-1,6.822811183610E-1,
6.979953628241E-1));
#1631=CARTESIAN_POINT('',(-6.958560303209E-1,6.854438740779E-1,
7.336689811378E-1));
#1632=CARTESIAN_POINT('',(-7.097417851885E-1,6.615166781286E-1,
7.590049501253E-1));
#1633=CARTESIAN_POINT('',(-7.079063318958E-1,6.278266441680E-1,
7.556559793170E-1));
#1634=CARTESIAN_POINT('',(-6.979953628241E-1,6.822811183610E-1,
6.763045728894E-1));
#1635=CARTESIAN_POINT('',(-7.336689811378E-1,6.854438740779E-1,
6.958560303209E-1));
#1636=CARTESIAN_POINT('',(-7.590049501253E-1,6.615166781286E-1,
7.097417851885E-1));
#1637=CARTESIAN_POINT('',(-7.556559793170E-1,6.278266441680E-1,
7.079063318958E-1));
#1638=CARTESIAN_POINT('',(-6.951282207647E-1,6.822811183610E-1,
6.457634492627E-1));
#1639=CARTESIAN_POINT('',(-7.286707721282E-1,6.854438740779E-1,
6.426145389289E-1));
#1640=CARTESIAN_POINT('',(-7.524932236001E-1,6.615166781286E-1,
6.403781329142E-1));
#1641=CARTESIAN_POINT('',(-7.493443132663E-1,6.278266441680E-1,
6.406737465717E-1));
#1642=(BOUNDED_SURFACE()B_SPLINE_SURFACE(3,3,((#1626,#1627,#1628,#1629),(#1630,
#1631,#1632,#1633),(#1634,#1635,#1636,#1637),(#1638,#1639,#1640,#1641)),
.UNSPECIFIED.,.F.,.F.,.F.)B_SPLINE_SURFACE_WITH_KNOTS((4,4),(4,4),(0.E0,1.E0),(
0.E0,1.E0),.UNSPECIFIED.)GEOMETRIC_REPRESENTATION_ITEM()RATIONAL_B_SPLINE_SURFACE(((1.490989444516E0,1.131084567264E0,1.131084567264E0,1.490989444516E0),(
1.131084567264E0,8.580559057666E-1,8.580559057666E-1,1.131084567264E0),(
1.131084567264E0,8.580559057666E-1,8.580559057666E-1,1.131084567264E0),(
1.490989444516E0,1.131084567264E0,1.131084567264E0,1.490989444516E0)))REPRESENTATION_ITEM('')SURFACE());
#1643=ORIENTED_EDGE('',*,*,#1036,.T.);
#1644=ORIENTED_EDGE('',*,*,#1021,.F.);
#1645=ORIENTED_EDGE('',*,*,#1082,.F.);
#1646=ORIENTED_EDGE('',*,*,#1053,.F.);
#1647=EDGE_LOOP('',(#1643,#1644,#1645,#1646));
#1648=FACE_OUTER_BOUND('',#1647,.F.);
#1649=ADVANCED_FACE('',(#1648),#1642,.T.);
#1652=DIMENSIONAL_EXPONENTS(1.E0,0.E0,0.E0,0.E0,0.E0,0.E0,0.E0);
#1654=LENGTH_MEASURE_WITH_UNIT(LENGTH_MEASURE(2.54E1),#1653);
#1655=(CONVERSION_BASED_UNIT('INCH',#1654)LENGTH_UNIT()NAMED_UNIT(#1652));
#1656=DIMENSIONAL_EXPONENTS(0.E0,0.E0,0.E0,0.E0,0.E0,0.E0,0.E0);
#1658=PLANE_ANGLE_MEASURE_WITH_UNIT(PLANE_ANGLE_MEASURE(1.745329251994E-2),
#1657);
#1659=(CONVERSION_BASED_UNIT('DEGREE',#1658)NAMED_UNIT(*)PLANE_ANGLE_UNIT());
#1661=UNCERTAINTY_MEASURE_WITH_UNIT(LENGTH_MEASURE(3.9E-4),#1655,'closure',
'Maximum model space distance between geometric entities at asserted connectivities');
#1662=(GEOMETRIC_REPRESENTATION_CONTEXT(3)GLOBAL_UNCERTAINTY_ASSIGNED_CONTEXT((
#1661))GLOBAL_UNIT_ASSIGNED_CONTEXT((#1655,#1659,#1660))REPRESENTATION_CONTEXT(
'ID1','3'));
#1664=APPLICATION_CONTEXT(
'CONFIGURATION CONTROLLED 3D DESIGNS OF MECHANICAL PARTS AND ASSEMBLIES');
#1665=APPLICATION_PROTOCOL_DEFINITION('international standard',
'config_control_design',1994,#1664);
#1666=DESIGN_CONTEXT('',#1664,'design');
#1667=MECHANICAL_CONTEXT('',#1664,'mechanical');
#1668=PRODUCT('XSR700_BARENDMIRRORMOUNT','XSR700_BARENDMIRRORMOUNT',
'NOT SPECIFIED',(#1667));
#1669=PRODUCT_DEFINITION_FORMATION_WITH_SPECIFIED_SOURCE('1','LAST_VERSION',
#1668,.MADE.);
#1673=PRODUCT_CATEGORY('part','');
#1674=PRODUCT_RELATED_PRODUCT_CATEGORY('detail','',(#1668));
#1675=PRODUCT_CATEGORY_RELATIONSHIP('','',#1673,#1674);
#1676=SECURITY_CLASSIFICATION_LEVEL('unclassified');
#1677=SECURITY_CLASSIFICATION('','',#1676);
#1678=CC_DESIGN_SECURITY_CLASSIFICATION(#1677,(#1669));
#1679=APPROVAL_STATUS('approved');
#1680=APPROVAL(#1679,'');
#1681=CC_DESIGN_APPROVAL(#1680,(#1677,#1669,#1670));
#1682=CALENDAR_DATE(126,1,5);
#1683=COORDINATED_UNIVERSAL_TIME_OFFSET(5,0,.BEHIND.);
#1684=LOCAL_TIME(19,38,1.4E1,#1683);
#1685=DATE_AND_TIME(#1682,#1684);
#1686=APPROVAL_DATE_TIME(#1685,#1680);
#1687=DATE_TIME_ROLE('creation_date');
#1688=CC_DESIGN_DATE_AND_TIME_ASSIGNMENT(#1685,#1687,(#1670));
#1689=DATE_TIME_ROLE('classification_date');
#1690=CC_DESIGN_DATE_AND_TIME_ASSIGNMENT(#1685,#1689,(#1677));
#1691=PERSON('UNSPECIFIED','UNSPECIFIED',$,$,$,$);
#1692=ORGANIZATION('UNSPECIFIED','UNSPECIFIED','UNSPECIFIED');
#1693=PERSON_AND_ORGANIZATION(#1691,#1692);
#1694=APPROVAL_ROLE('approver');
#1695=APPROVAL_PERSON_ORGANIZATION(#1693,#1680,#1694);
#1696=PERSON_AND_ORGANIZATION_ROLE('creator');
#1697=CC_DESIGN_PERSON_AND_ORGANIZATION_ASSIGNMENT(#1693,#1696,(#1669,#1670));
#1698=PERSON_AND_ORGANIZATION_ROLE('design_supplier');
#1699=CC_DESIGN_PERSON_AND_ORGANIZATION_ASSIGNMENT(#1693,#1698,(#1669));
#1700=PERSON_AND_ORGANIZATION_ROLE('classification_officer');
#1701=CC_DESIGN_PERSON_AND_ORGANIZATION_ASSIGNMENT(#1693,#1700,(#1677));
#1702=PERSON_AND_ORGANIZATION_ROLE('design_owner');
#1703=CC_DESIGN_PERSON_AND_ORGANIZATION_ASSIGNMENT(#1693,#1702,(#1668));
#5=CIRCLE('',#4,6.011811023622E-1);
#10=CIRCLE('',#9,6.011811023622E-1);
#15=CIRCLE('',#14,7.E-1);
#20=CIRCLE('',#19,7.E-1);
#25=CIRCLE('',#24,5.E-2);
#30=CIRCLE('',#29,5.E-2);
#35=CIRCLE('',#34,5.511811023622E-1);
#40=CIRCLE('',#39,5.511811023622E-1);
#49=CIRCLE('',#48,5.511811023622E-1);
#54=CIRCLE('',#53,5.511811023622E-1);
#63=CIRCLE('',#62,5.E-2);
#68=CIRCLE('',#67,5.E-2);
#73=CIRCLE('',#72,4.25E-1);
#78=CIRCLE('',#77,4.25E-1);
#83=CIRCLE('',#82,5.011811023622E-1);
#88=CIRCLE('',#87,5.011811023622E-1);
#101=CIRCLE('',#100,4.25E-1);
#106=CIRCLE('',#105,4.25E-1);
#111=CIRCLE('',#110,7.E-1);
#116=CIRCLE('',#115,7.E-1);
#121=CIRCLE('',#120,5.E-2);
#126=CIRCLE('',#125,5.E-2);
#143=B_SPLINE_CURVE_WITH_KNOTS('',3,(#131,#132,#133,#134,#135,#136,#137,#138,
#139,#140,#141,#142),.UNSPECIFIED.,.F.,.F.,(4,1,1,1,1,1,1,1,1,4),(0.E0,
1.111111111111E-1,2.222222222222E-1,3.333333333333E-1,4.444444444444E-1,
5.555555555556E-1,6.666666666667E-1,7.777777777778E-1,8.888888888889E-1,1.E0),
.UNSPECIFIED.);
#148=CIRCLE('',#147,7.5E-1);
#160=B_SPLINE_CURVE_WITH_KNOTS('',3,(#149,#150,#151,#152,#153,#154,#155,#156,
#157,#158,#159),.UNSPECIFIED.,.F.,.F.,(4,1,1,1,1,1,1,1,4),(0.E0,1.25E-1,2.5E-1,
3.75E-1,5.E-1,6.25E-1,7.5E-1,8.75E-1,1.E0),.UNSPECIFIED.);
#165=CIRCLE('',#164,7.5E-1);
#174=CIRCLE('',#173,7.5E-1);
#183=CIRCLE('',#182,7.5E-1);
#192=CIRCLE('',#191,7.5E-1);
#204=B_SPLINE_CURVE_WITH_KNOTS('',3,(#193,#194,#195,#196,#197,#198,#199,#200,
#201,#202,#203),.UNSPECIFIED.,.F.,.F.,(4,1,1,1,1,1,1,1,4),(0.E0,1.25E-1,2.5E-1,
3.75E-1,5.E-1,6.25E-1,7.5E-1,8.75E-1,1.E0),.UNSPECIFIED.);
#209=CIRCLE('',#208,7.5E-1);
#222=B_SPLINE_CURVE_WITH_KNOTS('',3,(#210,#211,#212,#213,#214,#215,#216,#217,
#218,#219,#220,#221),.UNSPECIFIED.,.F.,.F.,(4,1,1,1,1,1,1,1,1,4),(0.E0,
1.111111111111E-1,2.222222222222E-1,3.333333333333E-1,4.444444444444E-1,
5.555555555556E-1,6.666666666667E-1,7.777777777778E-1,8.888888888889E-1,1.E0),
.UNSPECIFIED.);
#227=CIRCLE('',#226,2.468503937008E-1);
#232=CIRCLE('',#231,2.468503937008E-1);
#249=CIRCLE('',#248,5.E-2);
#254=CIRCLE('',#253,5.E-2);
#259=CIRCLE('',#258,1.968503937008E-1);
#264=CIRCLE('',#263,1.968503937008E-1);
#273=CIRCLE('',#272,5.E-2);
#278=CIRCLE('',#277,1.468503937008E-1);
#283=CIRCLE('',#282,1.468503937008E-1);
#288=CIRCLE('',#287,5.E-2);
#293=CIRCLE('',#292,1.968503937008E-1);
#298=CIRCLE('',#297,1.968503937008E-1);
#307=CIRCLE('',#306,5.E-2);
#316=CIRCLE('',#315,8.E-1);
#325=CIRCLE('',#324,5.E-2);
#342=CIRCLE('',#341,1.E-1);
#347=CIRCLE('',#346,5.E-2);
#356=CIRCLE('',#355,8.E-1);
#365=CIRCLE('',#364,5.E-2);
#372=B_SPLINE_CURVE_WITH_KNOTS('',3,(#366,#367,#368,#369,#370,#371),
.UNSPECIFIED.,.F.,.F.,(4,1,1,4),(0.E0,3.333333333333E-1,6.666666666667E-1,1.E0),
.UNSPECIFIED.);
#379=B_SPLINE_CURVE_WITH_KNOTS('',3,(#373,#374,#375,#376,#377,#378),
.UNSPECIFIED.,.F.,.F.,(4,1,1,4),(0.E0,3.333333333333E-1,6.666666666667E-1,1.E0),
.UNSPECIFIED.);
#384=CIRCLE('',#383,5.000024805545E-2);
#397=B_SPLINE_CURVE_WITH_KNOTS('',3,(#385,#386,#387,#388,#389,#390,#391,#392,
#393,#394,#395,#396),.UNSPECIFIED.,.F.,.F.,(4,1,1,1,1,1,1,1,1,4),(0.E0,
1.111111111111E-1,2.222222222222E-1,3.333333333333E-1,4.444444444444E-1,
5.555555555556E-1,6.666666666667E-1,7.777777777778E-1,8.888888888889E-1,1.E0),
.UNSPECIFIED.);
#402=CIRCLE('',#401,5.E-2);
#414=B_SPLINE_CURVE_WITH_KNOTS('',3,(#403,#404,#405,#406,#407,#408,#409,#410,
#411,#412,#413),.UNSPECIFIED.,.F.,.F.,(4,1,1,1,1,1,1,1,4),(0.E0,1.25E-1,2.5E-1,
3.75E-1,5.E-1,6.25E-1,7.5E-1,8.75E-1,1.E0),.UNSPECIFIED.);
#419=CIRCLE('',#418,5.000030461745E-2);
#426=B_SPLINE_CURVE_WITH_KNOTS('',3,(#420,#421,#422,#423,#424,#425),
.UNSPECIFIED.,.F.,.F.,(4,1,1,4),(0.E0,3.333333333333E-1,6.666666666667E-1,1.E0),
.UNSPECIFIED.);
#433=B_SPLINE_CURVE_WITH_KNOTS('',3,(#427,#428,#429,#430,#431,#432),
.UNSPECIFIED.,.F.,.F.,(4,1,1,4),(0.E0,3.333333333333E-1,6.666666666667E-1,1.E0),
.UNSPECIFIED.);
#438=CIRCLE('',#437,5.E-2);
#447=CIRCLE('',#446,7.5E-1);
#452=CIRCLE('',#451,7.5E-1);
#459=B_SPLINE_CURVE_WITH_KNOTS('',3,(#453,#454,#455,#456,#457,#458),
.UNSPECIFIED.,.F.,.F.,(4,1,1,4),(0.E0,3.333333333333E-1,6.666666666667E-1,1.E0),
.UNSPECIFIED.);
#466=B_SPLINE_CURVE_WITH_KNOTS('',3,(#460,#461,#462,#463,#464,#465),
.UNSPECIFIED.,.F.,.F.,(4,1,1,4),(0.E0,3.333333333333E-1,6.666666666667E-1,1.E0),
.UNSPECIFIED.);
#471=CIRCLE('',#470,4.999997983696E-2);
#483=B_SPLINE_CURVE_WITH_KNOTS('',3,(#472,#473,#474,#475,#476,#477,#478,#479,
#480,#481,#482),.UNSPECIFIED.,.F.,.F.,(4,1,1,1,1,1,1,1,4),(0.E0,1.25E-1,2.5E-1,
3.75E-1,5.E-1,6.25E-1,7.5E-1,8.75E-1,1.E0),.UNSPECIFIED.);
#488=CIRCLE('',#487,5.E-2);
#501=B_SPLINE_CURVE_WITH_KNOTS('',3,(#489,#490,#491,#492,#493,#494,#495,#496,
#497,#498,#499,#500),.UNSPECIFIED.,.F.,.F.,(4,1,1,1,1,1,1,1,1,4),(0.E0,
1.111111111111E-1,2.222222222222E-1,3.333333333333E-1,4.444444444444E-1,
5.555555555556E-1,6.666666666667E-1,7.777777777778E-1,8.888888888889E-1,1.E0),
.UNSPECIFIED.);
#506=CIRCLE('',#505,5.000012041607E-2);
#513=B_SPLINE_CURVE_WITH_KNOTS('',3,(#507,#508,#509,#510,#511,#512),
.UNSPECIFIED.,.F.,.F.,(4,1,1,4),(0.E0,3.333333333333E-1,6.666666666667E-1,1.E0),
.UNSPECIFIED.);
#520=B_SPLINE_CURVE_WITH_KNOTS('',3,(#514,#515,#516,#517,#518,#519),
.UNSPECIFIED.,.F.,.F.,(4,1,1,4),(0.E0,3.333333333333E-1,6.666666666667E-1,1.E0),
.UNSPECIFIED.);
#525=CIRCLE('',#524,5.E-2);
#530=CIRCLE('',#529,5.E-2);
#535=CIRCLE('',#534,5.E-2);
#540=CIRCLE('',#539,5.E-2);
#545=CIRCLE('',#544,1.E-1);
#550=CIRCLE('',#549,5.E-2);
#670=EDGE_CURVE('',#593,#594,#15,.T.);
#672=EDGE_CURVE('',#594,#593,#20,.T.);
#676=EDGE_CURVE('',#585,#586,#5,.T.);
#678=EDGE_CURVE('',#586,#585,#10,.T.);
#689=EDGE_CURVE('',#586,#590,#30,.T.);
#691=EDGE_CURVE('',#589,#590,#49,.T.);
#693=EDGE_CURVE('',#585,#589,#25,.T.);
#705=EDGE_CURVE('',#590,#589,#35,.T.);
#717=EDGE_CURVE('',#570,#589,#58,.T.);
#719=EDGE_CURVE('',#570,#569,#40,.T.);
#721=EDGE_CURVE('',#569,#590,#44,.T.);
#733=EDGE_CURVE('',#569,#570,#54,.T.);
#745=EDGE_CURVE('',#569,#573,#63,.T.);
#747=EDGE_CURVE('',#573,#574,#83,.T.);
#749=EDGE_CURVE('',#570,#574,#68,.T.);
#761=EDGE_CURVE('',#574,#573,#88,.T.);
#776=EDGE_CURVE('',#553,#554,#73,.T.);
#778=EDGE_CURVE('',#554,#553,#78,.T.);
#789=EDGE_CURVE('',#554,#558,#96,.T.);
#791=EDGE_CURVE('',#557,#558,#101,.T.);
#793=EDGE_CURVE('',#553,#557,#92,.T.);
#805=EDGE_CURVE('',#558,#557,#106,.T.);
#816=EDGE_CURVE('',#577,#578,#111,.T.);
#818=EDGE_CURVE('',#578,#577,#116,.T.);
#833=EDGE_CURVE('',#578,#582,#126,.T.);
#835=EDGE_CURVE('',#581,#582,#447,.T.);
#837=EDGE_CURVE('',#577,#581,#121,.T.);
#849=EDGE_CURVE('',#582,#581,#183,.T.);
#860=EDGE_CURVE('',#632,#626,#130,.T.);
#862=EDGE_CURVE('',#652,#626,#513,.T.);
#864=EDGE_CURVE('',#617,#652,#143,.T.);
#866=EDGE_CURVE('',#617,#618,#148,.T.);
#868=EDGE_CURVE('',#656,#618,#160,.T.);
#870=EDGE_CURVE('',#655,#656,#165,.T.);
#872=EDGE_CURVE('',#655,#597,#169,.T.);
#874=EDGE_CURVE('',#597,#598,#174,.T.);
#876=EDGE_CURVE('',#598,#582,#178,.T.);
#879=EDGE_CURVE('',#581,#649,#187,.T.);
#881=EDGE_CURVE('',#649,#650,#192,.T.);
#883=EDGE_CURVE('',#645,#650,#204,.T.);
#885=EDGE_CURVE('',#645,#646,#209,.T.);
#887=EDGE_CURVE('',#651,#646,#222,.T.);
#889=EDGE_CURVE('',#632,#651,#372,.T.);
#899=EDGE_CURVE('',#625,#626,#236,.T.);
#902=EDGE_CURVE('',#632,#628,#240,.T.);
#904=EDGE_CURVE('',#625,#628,#244,.T.);
#908=EDGE_CURVE('',#561,#562,#227,.T.);
#910=EDGE_CURVE('',#562,#561,#232,.T.);
#921=EDGE_CURVE('',#561,#565,#249,.T.);
#923=EDGE_CURVE('',#565,#566,#298,.T.);
#925=EDGE_CURVE('',#562,#566,#254,.T.);
#937=EDGE_CURVE('',#566,#565,#264,.T.);
#948=EDGE_CURVE('',#606,#605,#259,.T.);
#950=EDGE_CURVE('',#565,#605,#302,.T.);
#953=EDGE_CURVE('',#566,#606,#268,.T.);
#963=EDGE_CURVE('',#602,#601,#283,.T.);
#965=EDGE_CURVE('',#601,#605,#288,.T.);
#968=EDGE_CURVE('',#602,#606,#273,.T.);
#978=EDGE_CURVE('',#601,#602,#278,.T.);
#991=EDGE_CURVE('',#605,#606,#293,.T.);
#1014=EDGE_CURVE('',#622,#620,#320,.T.);
#1016=EDGE_CURVE('',#620,#662,#501,.T.);
#1018=EDGE_CURVE('',#662,#626,#520,.T.);
#1021=EDGE_CURVE('',#625,#622,#307,.T.);
#1031=EDGE_CURVE('',#613,#614,#311,.T.);
#1033=EDGE_CURVE('',#620,#613,#316,.T.);
#1036=EDGE_CURVE('',#614,#622,#325,.T.);
#1046=EDGE_CURVE('',#609,#610,#329,.T.);
#1048=EDGE_CURVE('',#609,#664,#466,.T.);
#1050=EDGE_CURVE('',#664,#613,#483,.T.);
#1053=EDGE_CURVE('',#614,#610,#550,.T.);
#1064=EDGE_CURVE('',#610,#630,#333,.T.);
#1066=EDGE_CURVE('',#630,#642,#337,.T.);
#1068=EDGE_CURVE('',#642,#609,#442,.T.);
#1079=EDGE_CURVE('',#628,#630,#342,.T.);
#1082=EDGE_CURVE('',#610,#625,#545,.T.);
#1104=EDGE_CURVE('',#636,#639,#365,.T.);
#1106=EDGE_CURVE('',#630,#639,#540,.T.);
#1109=EDGE_CURVE('',#636,#628,#347,.T.);
#1119=EDGE_CURVE('',#635,#636,#351,.T.);
#1121=EDGE_CURVE('',#640,#635,#356,.T.);
#1123=EDGE_CURVE('',#639,#640,#360,.T.);
#1135=EDGE_CURVE('',#632,#660,#379,.T.);
#1137=EDGE_CURVE('',#660,#635,#397,.T.);
#1178=EDGE_CURVE('',#660,#651,#402,.T.);
#1238=EDGE_CURVE('',#635,#646,#384,.T.);
#1251=EDGE_CURVE('',#645,#640,#419,.T.);
#1308=EDGE_CURVE('',#658,#650,#438,.T.);
#1310=EDGE_CURVE('',#640,#658,#414,.T.);
#1349=EDGE_CURVE('',#650,#642,#426,.T.);
#1351=EDGE_CURVE('',#658,#642,#433,.T.);
#1364=EDGE_CURVE('',#609,#656,#459,.T.);
#1372=EDGE_CURVE('',#598,#597,#452,.T.);
#1411=EDGE_CURVE('',#664,#656,#488,.T.);
#1467=EDGE_CURVE('',#613,#618,#471,.T.);
#1480=EDGE_CURVE('',#617,#620,#506,.T.);
#1541=EDGE_CURVE('',#662,#652,#525,.T.);
#1593=EDGE_CURVE('',#593,#597,#535,.T.);
#1596=EDGE_CURVE('',#594,#598,#530,.T.);
#1650=CLOSED_SHELL('',(#682,#697,#710,#725,#738,#753,#766,#782,#797,#810,#826,
#841,#854,#893,#914,#929,#942,#957,#972,#983,#996,#1008,#1025,#1040,#1057,#1072,
#1086,#1113,#1128,#1143,#1183,#1244,#1257,#1315,#1356,#1376,#1416,#1473,#1486,
#1547,#1586,#1600,#1612,#1625,#1649));
#1651=MANIFOLD_SOLID_BREP('',#1650);
#1653=(LENGTH_UNIT()NAMED_UNIT(*)SI_UNIT(.MILLI.,.METRE.));
#1657=(NAMED_UNIT(*)PLANE_ANGLE_UNIT()SI_UNIT($,.RADIAN.));
#1660=(NAMED_UNIT(*)SI_UNIT($,.STERADIAN.)SOLID_ANGLE_UNIT());
#1663=ADVANCED_BREP_SHAPE_REPRESENTATION('',(#1651),#1662);
#1670=PRODUCT_DEFINITION('design','',#1669,#1666);
#1671=PRODUCT_DEFINITION_SHAPE('','SHAPE FOR XSR700_BARENDMIRRORMOUNT.',#1670);
#1672=SHAPE_DEFINITION_REPRESENTATION(#1671,#1663);
ENDSEC;
END-ISO-10303-21;
