ISO-10303-21;
HEADER;
FILE_DESCRIPTION (( 'STEP AP214' ),
    '1' );
FILE_NAME ('26_CO_rear_shock_bar_asm.STEP',
    '2026-01-17T04:51:38',
    ( '' ),
    ( '' ),
    'SwSTEP 2.0',
    'SolidWorks 2024',
    '' );
FILE_SCHEMA (( 'AUTOMOTIVE_DESIGN' ));
ENDSEC;

DATA;
#1 = PLANE ( 'NONE',  #4009 ) ;
#2 = DIRECTION ( 'NONE',  ( 0.000000000000000000, 1.000000000000000000, 0.000000000000000000 ) ) ;
#3 = DIRECTION ( 'NONE',  ( 1.204518515724980495E-16, 1.000000000000000000, 0.000000000000000000 ) ) ;
#4 = DIRECTION ( 'NONE',  ( -0.000000000000000000, -0.000000000000000000, -1.000000000000000000 ) ) ;
#5 = DIRECTION ( 'NONE',  ( -1.000000000000000000, 1.224646799147353207E-16, -0.000000000000000000 ) ) ;
#6 = EDGE_LOOP ( 'NONE', ( #85, #2274, #1782, #283 ) ) ;
#7 = DIRECTION ( 'NONE',  ( -1.000000000000000000, 1.224646799147353207E-16, -0.000000000000000000 ) ) ;
#8 = PLANE ( 'NONE',  #3526 ) ;
#9 = ORIENTED_EDGE ( 'NONE', *, *, #3117, .F. ) ;
#10 = ORIENTED_EDGE ( 'NONE', *, *, #2804, .F. ) ;
#11 = ADVANCED_FACE ( 'NONE', ( #2693 ), #4020, .F. ) ;
#12 =( CONVERSION_BASED_UNIT ( 'INCH', #326 ) LENGTH_UNIT ( ) NAMED_UNIT ( #1058 ) );
#13 = DIRECTION ( 'NONE',  ( 1.000000000000000000, -1.224646799147353207E-16, -0.000000000000000000 ) ) ;
#14 = DIRECTION ( 'NONE',  ( -0.000000000000000000, -1.000000000000000000, -0.000000000000000000 ) ) ;
#15 = ORIENTED_EDGE ( 'NONE', *, *, #1297, .T. ) ;
#16 = EDGE_CURVE ( 'NONE', #2702, #875, #1784, .T. ) ;
#17 = FACE_OUTER_BOUND ( 'NONE', #943, .T. ) ;
#18 = DIRECTION ( 'NONE',  ( 1.000000000000000000, -1.224646799147353207E-16, -0.000000000000000000 ) ) ;
#19 = EDGE_CURVE ( 'NONE', #1492, #70, #252, .T. ) ;
#20 = CARTESIAN_POINT ( 'NONE',  ( -0.3344999999999999640, -0.01500000000000004455, 7.000000000000000000 ) ) ;
#21 = CARTESIAN_POINT ( 'NONE',  ( -1.125000000000001998, -0.9646363203188079716, 0.5624999999999976685 ) ) ;
#22 = VERTEX_POINT ( 'NONE', #1157 ) ;
#23 = CARTESIAN_POINT ( 'NONE',  ( -1.125000000000001998, -0.4949000000000005617, 1.023200000000001220 ) ) ;
#24 = ORIENTED_EDGE ( 'NONE', *, *, #3089, .F. ) ;
#25 = CIRCLE ( 'NONE', #88, 0.03999999999999991757 ) ;
#26 = FACE_OUTER_BOUND ( 'NONE', #1908, .T. ) ;
#27 = DIRECTION ( 'NONE',  ( 0.000000000000000000, 1.000000000000000000, 0.000000000000000000 ) ) ;
#28 = VERTEX_POINT ( 'NONE', #1744 ) ;
#29 = VERTEX_POINT ( 'NONE', #3991 ) ;
#30 = ADVANCED_FACE ( 'NONE', ( #804 ), #3005, .F. ) ;
#31 = DIRECTION ( 'NONE',  ( 1.000000000000000000, -1.224646799147353207E-16, -0.000000000000000000 ) ) ;
#32 = LINE ( 'NONE', #2212, #309 ) ;
#33 = CARTESIAN_POINT ( 'NONE',  ( -1.187500000000001776, 0.5000000000000009992, 1.023200000000001220 ) ) ;
#34 = CARTESIAN_POINT ( 'NONE',  ( -1.125000000000001998, -0.5000000000000007772, 1.120000000000001217 ) ) ;
#35 = VECTOR ( 'NONE', #3213, 39.37007874015748143 ) ;
#36 = EDGE_CURVE ( 'NONE', #3325, #2632, #3698, .T. ) ;
#37 = CIRCLE ( 'NONE', #1353, 0.1000000000000001582 ) ;
#38 = VECTOR ( 'NONE', #1392, 39.37007874015748143 ) ;
#39 = DIRECTION ( 'NONE',  ( -0.000000000000000000, -0.9062549842224580932, 0.4227314792772739471 ) ) ;
#40 = AXIS2_PLACEMENT_3D ( 'NONE', #886, #1159, #3073 ) ;
#41 = AXIS2_PLACEMENT_3D ( 'NONE', #1586, #1654, #3748 ) ;
#42 = EDGE_CURVE ( 'NONE', #913, #220, #1370, .T. ) ;
#43 = DIRECTION ( 'NONE',  ( 0.000000000000000000, 1.000000000000000000, 0.000000000000000000 ) ) ;
#44 = VECTOR ( 'NONE', #3311, 39.37007874015748854 ) ;
#45 = ORIENTED_EDGE ( 'NONE', *, *, #295, .T. ) ;
#46 = LINE ( 'NONE', #673, #2208 ) ;
#47 = VECTOR ( 'NONE', #2879, 39.37007874015748143 ) ;
#48 = DIRECTION ( 'NONE',  ( -1.000000000000000000, 0.000000000000000000, 0.000000000000000000 ) ) ;
#49 = ORIENTED_EDGE ( 'NONE', *, *, #2357, .T. ) ;
#50 = AXIS2_PLACEMENT_3D ( 'NONE', #2188, #3733, #2854 ) ;
#51 = CARTESIAN_POINT ( 'NONE',  ( -1.187500000000001776, 0.7499999999999986677, 0.2066503323926765501 ) ) ;
#52 = ORIENTED_EDGE ( 'NONE', *, *, #3571, .T. ) ;
#53 = ORIENTED_EDGE ( 'NONE', *, *, #1646, .F. ) ;
#54 = SHAPE_DEFINITION_REPRESENTATION ( #3327, #3462 ) ;
#55 = LINE ( 'NONE', #1291, #1873 ) ;
#56 = CLOSED_SHELL ( 'NONE', ( #3268, #3258, #2378, #3697, #1513, #1689, #1397, #796, #3949, #3883, #1769, #351, #1253, #1406, #3806, #1388, #3052, #1490, #3062, #650, #1590, #2344, #3926, #11, #2771 ) ) ;
#57 = DIRECTION ( 'NONE',  ( -0.000000000000000000, 0.000000000000000000, -1.000000000000000000 ) ) ;
#58 = ORIENTED_EDGE ( 'NONE', *, *, #1796, .F. ) ;
#59 = DIRECTION ( 'NONE',  ( 0.000000000000000000, -1.000000000000000000, 0.000000000000000000 ) ) ;
#60 = CARTESIAN_POINT ( 'NONE',  ( -0.1658750000000019653, -8.332817679043639458, 0.000000000000000000 ) ) ;
#61 = VECTOR ( 'NONE', #631, 39.37007874015748143 ) ;
#62 = EDGE_CURVE ( 'NONE', #1527, #3334, #526, .T. ) ;
#63 = AXIS2_PLACEMENT_3D ( 'NONE', #1677, #2001, #2573 ) ;
#64 = LINE ( 'NONE', #671, #1874 ) ;
#65 = ORIENTED_EDGE ( 'NONE', *, *, #360, .T. ) ;
#66 = FACE_OUTER_BOUND ( 'NONE', #3965, .T. ) ;
#67 = EDGE_LOOP ( 'NONE', ( #201, #356 ) ) ;
#68 = EDGE_CURVE ( 'NONE', #3864, #3716, #3490, .T. ) ;
#69 = DIRECTION ( 'NONE',  ( 0.000000000000000000, -1.000000000000000000, 0.000000000000000000 ) ) ;
#70 = VERTEX_POINT ( 'NONE', #2040 ) ;
#71 = ORIENTED_EDGE ( 'NONE', *, *, #688, .T. ) ;
#72 = EDGE_CURVE ( 'NONE', #2739, #92, #2367, .T. ) ;
#73 = CONTEXT_DEPENDENT_SHAPE_REPRESENTATION ( #820, #2918 ) ;
#74 = DIRECTION ( 'NONE',  ( -1.000000000000000000, 1.224646799147353207E-16, -0.000000000000000000 ) ) ;
#75 = LINE ( 'NONE', #2565, #1154 ) ;
#76 = CYLINDRICAL_SURFACE ( 'NONE', #2412, 0.03999999999999998002 ) ;
#77 = FACE_BOUND ( 'NONE', #1771, .T. ) ;
#78 = EDGE_CURVE ( 'NONE', #3289, #1420, #1436, .T. ) ;
#79 = ORIENTED_EDGE ( 'NONE', *, *, #3563, .T. ) ;
#80 = LINE ( 'NONE', #1337, #4012 ) ;
#81 = LINE ( 'NONE', #747, #3353 ) ;
#82 = VERTEX_POINT ( 'NONE', #3344 ) ;
#83 = EDGE_CURVE ( 'NONE', #667, #1396, #1753, .T. ) ;
#84 = DIRECTION ( 'NONE',  ( 0.000000000000000000, 0.000000000000000000, 1.000000000000000000 ) ) ;
#85 = ORIENTED_EDGE ( 'NONE', *, *, #530, .T. ) ;
#86 = ORIENTED_EDGE ( 'NONE', *, *, #111, .T. ) ;
#87 = APPLICATION_PROTOCOL_DEFINITION ( 'draft international standard', 'automotive_design', 1998, #191 ) ;
#88 = AXIS2_PLACEMENT_3D ( 'NONE', #2079, #3419, #2120 ) ;
#89 = EDGE_CURVE ( 'NONE', #3977, #3890, #663, .T. ) ;
#90 = CARTESIAN_POINT ( 'NONE',  ( -1.125000000000001998, 0.3146249791965799458, 0.8300000000000016254 ) ) ;
#91 = CARTESIAN_POINT ( 'NONE',  ( -0.1658750000000006608, 1.831078121809923021, 0.3205414085530036705 ) ) ;
#92 = VERTEX_POINT ( 'NONE', #3676 ) ;
#93 = DIRECTION ( 'NONE',  ( 0.000000000000000000, -1.000000000000000000, 0.000000000000000000 ) ) ;
#94 = CIRCLE ( 'NONE', #376, 0.2200000000000000566 ) ;
#95 = CARTESIAN_POINT ( 'NONE',  ( -1.187500000000001776, -0.3146249791965808340, 0.2950000000000015388 ) ) ;
#96 = CARTESIAN_POINT ( 'NONE',  ( -0.1658750000000007996, 1.025108929193149887, 1.217756915286110742 ) ) ;
#97 = ORIENTED_EDGE ( 'NONE', *, *, #1340, .F. ) ;
#98 = FACE_OUTER_BOUND ( 'NONE', #487, .T. ) ;
#99 = DIRECTION ( 'NONE',  ( 0.000000000000000000, 1.000000000000000000, 0.000000000000000000 ) ) ;
#100 = ORIENTED_EDGE ( 'NONE', *, *, #1866, .F. ) ;
#101 = AXIS2_PLACEMENT_3D ( 'NONE', #21, #3823, #2839 ) ;
#102 = AXIS2_PLACEMENT_3D ( 'NONE', #3165, #277, #1266 ) ;
#103 = CIRCLE ( 'NONE', #236, 0.8505000000000012550 ) ;
#104 = AXIS2_PLACEMENT_3D ( 'NONE', #60, #3491, #3547 ) ;
#105 = CYLINDRICAL_SURFACE ( 'NONE', #2128, 0.03999999999999998002 ) ;
#106 = VERTEX_POINT ( 'NONE', #3817 ) ;
#107 = LINE ( 'NONE', #2007, #3400 ) ;
#108 = CARTESIAN_POINT ( 'NONE',  ( -1.187500000000001776, 2.894892396665805776E-16, 0.6832401088116917265 ) ) ;
#109 = ORIENTED_EDGE ( 'NONE', *, *, #2057, .T. ) ;
#110 = AXIS2_PLACEMENT_3D ( 'NONE', #1536, #2551, #670 ) ;
#111 = EDGE_CURVE ( 'NONE', #1188, #2956, #991, .T. ) ;
#112 = LINE ( 'NONE', #1047, #2656 ) ;
#113 = DIRECTION ( 'NONE',  ( 0.000000000000000000, -0.9062549842224558727, 0.4227314792772783880 ) ) ;
#114 = CARTESIAN_POINT ( 'NONE',  ( -0.5244999999999998552, -0.01500000000000004455, 7.000000000000000000 ) ) ;
#115 = EDGE_CURVE ( 'NONE', #3330, #1606, #1594, .T. ) ;
#116 = AXIS2_PLACEMENT_3D ( 'NONE', #664, #3788, #1231 ) ;
#117 = VERTEX_POINT ( 'NONE', #33 ) ;
#118 = DIRECTION ( 'NONE',  ( 0.000000000000000000, 0.000000000000000000, 1.000000000000000000 ) ) ;
#119 = PRESENTATION_STYLE_ASSIGNMENT (( #1946 ) ) ;
#120 = CYLINDRICAL_SURFACE ( 'NONE', #1296, 0.2039999999999997926 ) ;
#121 = EDGE_LOOP ( 'NONE', ( #2775, #2002, #2099, #3019 ) ) ;
#122 = CYLINDRICAL_SURFACE ( 'NONE', #2279, 0.04000000000000004940 ) ;
#123 = CARTESIAN_POINT ( 'NONE',  ( 3.757567139478286133, 1.227894383276352475, 4.251842231245662518 ) ) ;
#124 = ORIENTED_EDGE ( 'NONE', *, *, #1612, .T. ) ;
#125 = AXIS2_PLACEMENT_3D ( 'NONE', #23, #938, #3142 ) ;
#126 = DIRECTION ( 'NONE',  ( 1.000000000000000000, -1.224646799147353207E-16, -0.000000000000000000 ) ) ;
#127 = VERTEX_POINT ( 'NONE', #2547 ) ;
#128 = FACE_OUTER_BOUND ( 'NONE', #3102, .T. ) ;
#129 = LINE ( 'NONE', #2636, #2078 ) ;
#130 = CARTESIAN_POINT ( 'NONE',  ( -1.125000000000001998, 0.4508355833577848415, 0.3963410318450671932 ) ) ;
#131 = ADVANCED_FACE ( 'NONE', ( #2235 ), #685, .F. ) ;
#132 = CARTESIAN_POINT ( 'NONE',  ( -1.187500000000001776, 0.3315342383676684324, 0.3312501993688997670 ) ) ;
#133 = ORIENTED_EDGE ( 'NONE', *, *, #68, .T. ) ;
#134 = EDGE_LOOP ( 'NONE', ( #2904, #2785, #1325, #866 ) ) ;
#135 = DIRECTION ( 'NONE',  ( 1.000000000000000000, -1.224646799147353207E-16, -0.000000000000000000 ) ) ;
#136 = VERTEX_POINT ( 'NONE', #1422 ) ;
#137 = EDGE_CURVE ( 'NONE', #3773, #2963, #451, .T. ) ;
#138 = PLANE ( 'NONE',  #769 ) ;
#139 = ADVANCED_FACE ( 'NONE', ( #441 ), #2328, .F. ) ;
#140 = DIRECTION ( 'NONE',  ( 1.806777773587480111E-16, 1.000000000000000000, 0.000000000000000000 ) ) ;
#141 = DIRECTION ( 'NONE',  ( 1.000000000000000000, -1.224646799147353207E-16, 0.000000000000000000 ) ) ;
#142 = LINE ( 'NONE', #2588, #920 ) ;
#143 = ORIENTED_EDGE ( 'NONE', *, *, #115, .T. ) ;
#144 = DIRECTION ( 'NONE',  ( -1.000000000000000000, -2.731847993664263218E-16, 0.000000000000000000 ) ) ;
#145 = ORIENTED_EDGE ( 'NONE', *, *, #2243, .T. ) ;
#146 = EDGE_LOOP ( 'NONE', ( #1454, #4001, #1173, #2368 ) ) ;
#147 = DIRECTION ( 'NONE',  ( 1.000000000000000000, -1.224646799147353207E-16, -0.000000000000000000 ) ) ;
#148 = PLANE ( 'NONE',  #2871 ) ;
#149 = EDGE_LOOP ( 'NONE', ( #1096, #319, #24, #3832 ) ) ;
#150 = AXIS2_PLACEMENT_3D ( 'NONE', #822, #2977, #3713 ) ;
#151 = PRODUCT_RELATED_PRODUCT_CATEGORY ( 'part', '', ( #162 ) ) ;
#152 = EDGE_LOOP ( 'NONE', ( #3240, #1423, #1142, #3216 ) ) ;
#153 = CARTESIAN_POINT ( 'NONE',  ( -1.187500000000001776, 5.269147976977990977E-17, 0.4417598911883103829 ) ) ;
#154 = EDGE_CURVE ( 'NONE', #225, #1207, #129, .T. ) ;
#155 = DIRECTION ( 'NONE',  ( -1.456522212818066050E-16, -1.000000000000000000, 0.000000000000000000 ) ) ;
#156 = CYLINDRICAL_SURFACE ( 'NONE', #1553, 0.2060000000000000719 ) ;
#157 = LINE ( 'NONE', #3066, #3188 ) ;
#158 = ORIENTED_EDGE ( 'NONE', *, *, #2268, .T. ) ;
#159 = AXIS2_PLACEMENT_3D ( 'NONE', #2314, #3852, #113 ) ;
#160 = EDGE_CURVE ( 'NONE', #2786, #789, #2817, .T. ) ;
#161 = AXIS2_PLACEMENT_3D ( 'NONE', #665, #926, #1613 ) ;
#162 = PRODUCT ( 'Part1^26_CO_rear_shock_bar_asm', 'Part1^26_CO_rear_shock_bar_asm', '', ( #1064 ) ) ;
#163 = CIRCLE ( 'NONE', #2466, 0.2200000000000000566 ) ;
#164 = VERTEX_POINT ( 'NONE', #2616 ) ;
#165 = CARTESIAN_POINT ( 'NONE',  ( 3.655667139478286476, 1.061882313482412465, 3.409562979451883802 ) ) ;
#166 = AXIS2_PLACEMENT_3D ( 'NONE', #1481, #3704, #531 ) ;
#167 = ORIENTED_EDGE ( 'NONE', *, *, #444, .F. ) ;
#168 = VECTOR ( 'NONE', #3528, 39.37007874015748143 ) ;
#169 = VECTOR ( 'NONE', #3790, 39.37007874015748143 ) ;
#170 = CYLINDRICAL_SURFACE ( 'NONE', #3866, 0.1000000000000001582 ) ;
#171 = CARTESIAN_POINT ( 'NONE',  ( 3.757567139478286133, 1.061882313482412465, 3.409562979451883802 ) ) ;
#172 = ORIENTED_EDGE ( 'NONE', *, *, #436, .T. ) ;
#173 = MECHANICAL_DESIGN_GEOMETRIC_PRESENTATION_REPRESENTATION (  '', ( #1168 ), #1479 ) ;
#174 = CIRCLE ( 'NONE', #1929, 0.1000000000000000194 ) ;
#175 = VECTOR ( 'NONE', #2790, 39.37007874015748143 ) ;
#176 = DIRECTION ( 'NONE',  ( 1.000000000000000000, -1.224646799147353207E-16, 0.000000000000000000 ) ) ;
#177 = EDGE_LOOP ( 'NONE', ( #273, #3433, #3072, #556, #3833, #124, #2500 ) ) ;
#178 = DIRECTION ( 'NONE',  ( -1.806777773587480111E-16, -1.000000000000000000, 0.000000000000000000 ) ) ;
#179 = AXIS2_PLACEMENT_3D ( 'NONE', #1900, #3725, #2232 ) ;
#180 = FACE_OUTER_BOUND ( 'NONE', #3362, .T. ) ;
#181 = ADVANCED_FACE ( 'NONE', ( #1720 ), #3894, .T. ) ;
#182 = DIRECTION ( 'NONE',  ( 1.000000000000000000, -1.224646799147353207E-16, -0.000000000000000000 ) ) ;
#183 = DIRECTION ( 'NONE',  ( 0.000000000000000000, -1.000000000000000000, 0.000000000000000000 ) ) ;
#184 = ORIENTED_EDGE ( 'NONE', *, *, #2501, .F. ) ;
#185 = EDGE_CURVE ( 'NONE', #271, #500, #478, .T. ) ;
#186 = CARTESIAN_POINT ( 'NONE',  ( -0.1658750000000007996, 1.057817679043635106, 0.7500000000000015543 ) ) ;
#187 = ORIENTED_EDGE ( 'NONE', *, *, #569, .T. ) ;
#188 = DIRECTION ( 'NONE',  ( 0.000000000000000000, 0.000000000000000000, -1.000000000000000000 ) ) ;
#189 = DIRECTION ( 'NONE',  ( -2.658362433381186034E-31, -2.170717659354551568E-15, -1.000000000000000000 ) ) ;
#190 = VECTOR ( 'NONE', #2472, 39.37007874015748143 ) ;
#191 = APPLICATION_CONTEXT ( 'automotive_design' ) ;
#192 = LINE ( 'NONE', #1440, #1611 ) ;
#193 = ADVANCED_FACE ( 'NONE', ( #2266 ), #2310, .F. ) ;
#194 =( CONVERSION_BASED_UNIT ( 'INCH', #894 ) LENGTH_UNIT ( ) NAMED_UNIT ( #3265 ) );
#195 = ORIENTED_EDGE ( 'NONE', *, *, #1595, .F. ) ;
#196 = SHAPE_REPRESENTATION ( '26_CO_rear_shock_bar_asm', ( #1488, #179, #910, #3882, #2217, #517, #587, #983, #3545 ), #3485 ) ;
#197 =( CONVERSION_BASED_UNIT ( 'INCH', #3390 ) LENGTH_UNIT ( ) NAMED_UNIT ( #1695 ) );
#198 = SURFACE_SIDE_STYLE ('',( #2437 ) ) ;
#199 = VERTEX_POINT ( 'NONE', #502 ) ;
#200 = CARTESIAN_POINT ( 'NONE',  ( 3.655667139478286476, 1.431894383276351990, 3.814342231245662962 ) ) ;
#201 = ORIENTED_EDGE ( 'NONE', *, *, #208, .T. ) ;
#202 = DIRECTION ( 'NONE',  ( 0.000000000000000000, 1.000000000000000000, 0.000000000000000000 ) ) ;
#203 = PRODUCT ( '26_CO_shockbar_al_sidesupport', '26_CO_shockbar_al_sidesupport', '', ( #2618 ) ) ;
#204 = DIRECTION ( 'NONE',  ( -1.806777773587480111E-16, -1.000000000000000000, 0.000000000000000000 ) ) ;
#205 = FACE_BOUND ( 'NONE', #2072, .T. ) ;
#206 = LINE ( 'NONE', #2709, #625 ) ;
#207 = ORIENTED_EDGE ( 'NONE', *, *, #790, .F. ) ;
#208 = EDGE_CURVE ( 'NONE', #2374, #1207, #384, .T. ) ;
#209 = DIRECTION ( 'NONE',  ( 0.000000000000000000, 1.000000000000000000, 0.000000000000000000 ) ) ;
#210 = VERTEX_POINT ( 'NONE', #593 ) ;
#211 = CARTESIAN_POINT ( 'NONE',  ( -0.1658750000000010771, -1.468167046811732268, 0.9768915831120246196 ) ) ;
#212 = DIRECTION ( 'NONE',  ( 1.000000000000000000, -1.224646799147353207E-16, -0.000000000000000000 ) ) ;
#213 = DIMENSIONAL_EXPONENTS ( 1.000000000000000000, 0.000000000000000000, 0.000000000000000000, 0.000000000000000000, 0.000000000000000000, 0.000000000000000000, 0.000000000000000000 ) ;
#214 = ADVANCED_FACE ( 'NONE', ( #3347 ), #1832, .F. ) ;
#215 = CARTESIAN_POINT ( 'NONE',  ( -1.125000000000001998, 0.3546249791965799258, 0.8300000000000016254 ) ) ;
#216 = ORIENTED_EDGE ( 'NONE', *, *, #924, .T. ) ;
#217 = ADVANCED_FACE ( 'NONE', ( #2134, #1161, #1501 ), #3994, .T. ) ;
#218 = CARTESIAN_POINT ( 'NONE',  ( 3.757567139478287022, 3.547529741363621980, 3.814342231245662962 ) ) ;
#219 = PLANE ( 'NONE',  #241 ) ;
#220 = VERTEX_POINT ( 'NONE', #2741 ) ;
#221 = DIRECTION ( 'NONE',  ( 1.000000000000000000, -1.224646799147353207E-16, -0.000000000000000000 ) ) ;
#222 = AXIS2_PLACEMENT_3D ( 'NONE', #2491, #2510, #270 ) ;
#223 = CARTESIAN_POINT ( 'NONE',  ( -1.187500000000001776, -0.01690925917109087698, 0.4780100905572086667 ) ) ;
#224 = DIRECTION ( 'NONE',  ( -1.000000000000000000, 1.224646799147353207E-16, 0.000000000000000000 ) ) ;
#225 = VERTEX_POINT ( 'NONE', #3074 ) ;
#226 = DIRECTION ( 'NONE',  ( 1.000000000000000000, -1.224646799147353207E-16, 0.000000000000000000 ) ) ;
#227 = ORIENTED_EDGE ( 'NONE', *, *, #2422, .F. ) ;
#228 = CARTESIAN_POINT ( 'NONE',  ( -1.187500000000001998, -0.4888948972067503895, 0.7163508964397530265 ) ) ;
#229 = CARTESIAN_POINT ( 'NONE',  ( -0.3344999999999999640, -0.01500000000000004455, -7.000000000000000000 ) ) ;
#230 = EDGE_LOOP ( 'NONE', ( #2822, #3094, #15, #2142 ) ) ;
#231 = CIRCLE ( 'NONE', #2331, 0.03999999999999998002 ) ;
#232 = CARTESIAN_POINT ( 'NONE',  ( -1.125000000000001998, 0.4908355833577858762, 0.7286589681549314745 ) ) ;
#233 = ORIENTED_EDGE ( 'NONE', *, *, #873, .T. ) ;
#234 = EDGE_LOOP ( 'NONE', ( #2769, #3740, #3517, #2119 ) ) ;
#235 = EDGE_CURVE ( 'NONE', #2967, #3208, #3278, .T. ) ;
#236 = AXIS2_PLACEMENT_3D ( 'NONE', #956, #3473, #655 ) ;
#237 = AXIS2_PLACEMENT_3D ( 'NONE', #3118, #2805, #919 ) ;
#238 = LINE ( 'NONE', #3373, #1533 ) ;
#239 = AXIS2_PLACEMENT_3D ( 'NONE', #1562, #651, #2 ) ;
#240 = PLANE ( 'NONE',  #1415 ) ;
#241 = AXIS2_PLACEMENT_3D ( 'NONE', #1444, #2394, #3356 ) ;
#242 = ORIENTED_EDGE ( 'NONE', *, *, #2927, .F. ) ;
#243 = ADVANCED_FACE ( 'NONE', ( #3097 ), #1747, .F. ) ;
#244 = CARTESIAN_POINT ( 'NONE',  ( 3.757567139478286133, 1.790712062319987030, 4.189342231245662518 ) ) ;
#245 = AXIS2_PLACEMENT_3D ( 'NONE', #1992, #3544, #2908 ) ;
#246 = DIRECTION ( 'NONE',  ( 0.000000000000000000, 0.9945218953682732899, -0.1045284632676544145 ) ) ;
#247 = ORIENTED_EDGE ( 'NONE', *, *, #3582, .F. ) ;
#248 = FACE_BOUND ( 'NONE', #4031, .T. ) ;
#249 = CARTESIAN_POINT ( 'NONE',  ( -1.187500000000001776, 0.5000000000000011102, 0.1018000000000005428 ) ) ;
#250 = ORIENTED_EDGE ( 'NONE', *, *, #3343, .F. ) ;
#251 = AXIS2_PLACEMENT_3D ( 'NONE', #3536, #1955, #3228 ) ;
#252 = LINE ( 'NONE', #3630, #1049 ) ;
#253 = EDGE_LOOP ( 'NONE', ( #2924, #1380, #803, #2478 ) ) ;
#254 = DIRECTION ( 'NONE',  ( 1.000000000000000000, -1.224646799147353207E-16, -0.000000000000000000 ) ) ;
#255 = CARTESIAN_POINT ( 'NONE',  ( 3.655667139478286476, 1.227894383276352475, 3.814342231245662962 ) ) ;
#256 = ORIENTED_EDGE ( 'NONE', *, *, #604, .F. ) ;
#257 = FACE_OUTER_BOUND ( 'NONE', #2965, .T. ) ;
#258 = CYLINDRICAL_SURFACE ( 'NONE', #495, 0.1889999999999995295 ) ;
#259 = EDGE_LOOP ( 'NONE', ( #4054, #3149, #3302, #3553 ) ) ;
#260 = VERTEX_POINT ( 'NONE', #4023 ) ;
#261 = AXIS2_PLACEMENT_3D ( 'NONE', #2916, #1361, #2287 ) ;
#262 = EDGE_CURVE ( 'NONE', #1188, #1056, #275, .T. ) ;
#263 = LINE ( 'NONE', #812, #3119 ) ;
#264 = LINE ( 'NONE', #1172, #3868 ) ;
#265 = EDGE_LOOP ( 'NONE', ( #1039, #857 ) ) ;
#266 = DIRECTION ( 'NONE',  ( 0.000000000000000000, 0.000000000000000000, 1.000000000000000000 ) ) ;
#267 = ADVANCED_FACE ( 'NONE', ( #546 ), #3366, .T. ) ;
#268 = DIRECTION ( 'NONE',  ( 0.000000000000000000, 0.9062549842224584262, -0.4227314792772729479 ) ) ;
#269 = DIRECTION ( 'NONE',  ( 1.000000000000000000, -1.224646799147353207E-16, -0.000000000000000000 ) ) ;
#270 = DIRECTION ( 'NONE',  ( 0.000000000000000000, -0.9062549842224592034, -0.4227314792772715046 ) ) ;
#271 = VERTEX_POINT ( 'NONE', #1184 ) ;
#272 = EDGE_CURVE ( 'NONE', #2825, #3764, #2430, .T. ) ;
#273 = ORIENTED_EDGE ( 'NONE', *, *, #2330, .T. ) ;
#274 = FACE_OUTER_BOUND ( 'NONE', #2094, .T. ) ;
#275 = LINE ( 'NONE', #854, #2009 ) ;
#276 = VERTEX_POINT ( 'NONE', #1453 ) ;
#277 = DIRECTION ( 'NONE',  ( 1.000000000000000000, -1.224646799147353207E-16, -0.000000000000000000 ) ) ;
#278 = LINE ( 'NONE', #322, #2460 ) ;
#279 = ORIENTED_EDGE ( 'NONE', *, *, #2151, .T. ) ;
#280 = ORIENTED_EDGE ( 'NONE', *, *, #900, .F. ) ;
#281 = CARTESIAN_POINT ( 'NONE',  ( -1.125000000000001998, 0.5000000000000011102, 0.1018000000000005428 ) ) ;
#282 = CARTESIAN_POINT ( 'NONE',  ( -1.125000000000001998, 0.01690925917109113025, 0.4780100905572086112 ) ) ;
#283 = ORIENTED_EDGE ( 'NONE', *, *, #3844, .T. ) ;
#284 = DIRECTION ( 'NONE',  ( -1.040009797867800282E-16, -0.9975640502598241977, 0.06975647374412725921 ) ) ;
#285 = PRODUCT_DEFINITION ( 'UNKNOWN', '', #2146, #3829 ) ;
#286 = DIRECTION ( 'NONE',  ( 0.000000000000000000, -1.000000000000000000, 0.000000000000000000 ) ) ;
#287 = CARTESIAN_POINT ( 'NONE',  ( -1.125000000000001998, 0.4949000000000008392, 1.018100000000000893 ) ) ;
#288 = CARTESIAN_POINT ( 'NONE',  ( -1.187500000000001776, 0.7499999999999993339, 1.000000000000001332 ) ) ;
#289 = EDGE_CURVE ( 'NONE', #2195, #2953, #2762, .T. ) ;
#290 = VECTOR ( 'NONE', #2100, 39.37007874015748143 ) ;
#291 = CARTESIAN_POINT ( 'NONE',  ( -1.125000000000001998, -0.3315342383676688209, 0.3312501993689012658 ) ) ;
#292 = ORIENTED_EDGE ( 'NONE', *, *, #1218, .T. ) ;
#293 = DIRECTION ( 'NONE',  ( 0.000000000000000000, 0.000000000000000000, -1.000000000000000000 ) ) ;
#294 = ORIENTED_EDGE ( 'NONE', *, *, #3757, .T. ) ;
#295 = EDGE_CURVE ( 'NONE', #28, #3516, #525, .T. ) ;
#296 = PLANE ( 'NONE',  #1160 ) ;
#297 = CYLINDRICAL_SURFACE ( 'NONE', #3202, 0.03999999999999997308 ) ;
#298 = ORIENTED_EDGE ( 'NONE', *, *, #2670, .F. ) ;
#299 = ORIENTED_EDGE ( 'NONE', *, *, #3634, .F. ) ;
#300 = VECTOR ( 'NONE', #3520, 39.37007874015748143 ) ;
#301 = VECTOR ( 'NONE', #1936, 39.37007874015748854 ) ;
#302 = FACE_OUTER_BOUND ( 'NONE', #3550, .T. ) ;
#303 = CARTESIAN_POINT ( 'NONE',  ( -1.125000000000001998, -0.7500000000000007772, 0.9183496676073186205 ) ) ;
#304 = ORIENTED_EDGE ( 'NONE', *, *, #3425, .T. ) ;
#305 = AXIS2_PLACEMENT_3D ( 'NONE', #750, #126, #3554 ) ;
#306 = CARTESIAN_POINT ( 'NONE',  ( 0.3345000000000000751, -0.2349999999999999867, 7.000000000000000000 ) ) ;
#307 = VECTOR ( 'NONE', #1091, 39.37007874015748143 ) ;
#308 = AXIS2_PLACEMENT_3D ( 'NONE', #2019, #2898, #2671 ) ;
#309 = VECTOR ( 'NONE', #990, 39.37007874015748143 ) ;
#310 = DIRECTION ( 'NONE',  ( 1.000000000000000000, -1.224646799147353207E-16, 0.000000000000000000 ) ) ;
#311 = DIRECTION ( 'NONE',  ( -1.000000000000000000, 0.000000000000000000, 0.000000000000000000 ) ) ;
#312 = CARTESIAN_POINT ( 'NONE',  ( 0.5245000000000000773, 0.2349999999999999589, 7.000000000000000000 ) ) ;
#313 = AXIS2_PLACEMENT_3D ( 'NONE', #821, #2773, #3988 ) ;
#314 = AXIS2_PLACEMENT_3D ( 'NONE', #930, #1841, #350 ) ;
#315 = EDGE_CURVE ( 'NONE', #2710, #419, #1567, .T. ) ;
#316 = CARTESIAN_POINT ( 'NONE',  ( -0.5244999999999998552, 0.2349999999999999589, 7.000000000000000000 ) ) ;
#317 = ORIENTED_EDGE ( 'NONE', *, *, #272, .T. ) ;
#318 = CARTESIAN_POINT ( 'NONE',  ( -0.1658750000000006608, 2.049861513329596985, 0.4415117668857341249 ) ) ;
#319 = ORIENTED_EDGE ( 'NONE', *, *, #3518, .F. ) ;
#320 = EDGE_CURVE ( 'NONE', #1117, #3186, #1957, .T. ) ;
#321 = FACE_OUTER_BOUND ( 'NONE', #2230, .T. ) ;
#322 = CARTESIAN_POINT ( 'NONE',  ( 3.655667139478286920, 3.509541811157562030, 3.409562979451883802 ) ) ;
#323 = ORIENTED_EDGE ( 'NONE', *, *, #1143, .T. ) ;
#324 = EDGE_LOOP ( 'NONE', ( #2032, #3805, #4082, #1840 ) ) ;
#325 = AXIS2_PLACEMENT_3D ( 'NONE', #3934, #2356, #3245 ) ;
#326 = LENGTH_MEASURE_WITH_UNIT ( LENGTH_MEASURE( 0.02539999999999999897 ), #2848 );
#327 = EDGE_CURVE ( 'NONE', #4065, #1893, #1247, .T. ) ;
#328 = AXIS2_PLACEMENT_3D ( 'NONE', #318, #5, #3432 ) ;
#329 = DIRECTION ( 'NONE',  ( 1.000000000000000000, -1.224646799147353454E-16, 0.000000000000000000 ) ) ;
#330 = EDGE_LOOP ( 'NONE', ( #661, #2006, #2311, #939, #2499, #679, #2766, #1167, #3919, #2614, #3456, #2643, #1086, #97, #878, #2830, #1343, #1478, #1412, #1846, #4064, #3179, #3251, #1145, #961 ) ) ;
#331 = DIRECTION ( 'NONE',  ( -1.204518515724981975E-16, -1.000000000000000000, 0.000000000000000000 ) ) ;
#332 = DIRECTION ( 'NONE',  ( -0.000000000000000000, -0.000000000000000000, 1.000000000000000000 ) ) ;
#333 = CYLINDRICAL_SURFACE ( 'NONE', #365, 0.2039999999999997926 ) ;
#334 = LINE ( 'NONE', #1889, #1806 ) ;
#335 = VERTEX_POINT ( 'NONE', #1121 ) ;
#336 = DIRECTION ( 'NONE',  ( -0.000000000000000000, -0.000000000000000000, 1.000000000000000000 ) ) ;
#337 = CARTESIAN_POINT ( 'NONE',  ( 3.757567139478286133, 1.790712062319987030, 4.251842231245662518 ) ) ;
#338 = VERTEX_POINT ( 'NONE', #3321 ) ;
#339 = ADVANCED_FACE ( 'NONE', ( #2369 ), #806, .T. ) ;
#340 = CARTESIAN_POINT ( 'NONE',  ( -1.125000000000001998, -0.01690925917109088392, 0.4780100905572086667 ) ) ;
#341 = DIRECTION ( 'NONE',  ( -5.463695987328526437E-16, -1.000000000000000000, 0.000000000000000000 ) ) ;
#342 = ORIENTED_EDGE ( 'NONE', *, *, #4033, .T. ) ;
#343 = EDGE_LOOP ( 'NONE', ( #172, #2720, #3345, #3175 ) ) ;
#344 = CARTESIAN_POINT ( 'NONE',  ( 4.226167139478287815, 2.285712062319988025, 2.755000000000000338 ) ) ;
#345 = EDGE_CURVE ( 'NONE', #2469, #2541, #1137, .T. ) ;
#346 = DIRECTION ( 'NONE',  ( 1.000000000000000000, -1.224646799147353207E-16, -0.000000000000000000 ) ) ;
#347 = LINE ( 'NONE', #642, #3141 ) ;
#348 = DIRECTION ( 'NONE',  ( -1.000000000000000000, 1.224646799147353207E-16, -0.000000000000000000 ) ) ;
#349 = ORIENTED_EDGE ( 'NONE', *, *, #3146, .F. ) ;
#350 = DIRECTION ( 'NONE',  ( 0.000000000000000000, 0.9975640502598241977, 0.06975647374412725921 ) ) ;
#351 = ADVANCED_FACE ( 'NONE', ( #2862 ), #4059, .F. ) ;
#352 = DIRECTION ( 'NONE',  ( 1.456522212818065311E-16, 1.000000000000000000, 0.000000000000000000 ) ) ;
#353 = CARTESIAN_POINT ( 'NONE',  ( -1.187500000000001776, -0.3315342383676664895, 0.7937498006311036747 ) ) ;
#354 = ORIENTED_EDGE ( 'NONE', *, *, #924, .F. ) ;
#355 = CARTESIAN_POINT ( 'NONE',  ( -0.1658749999999999114, 8.332817679043639458, 0.8505000000000009219 ) ) ;
#356 = ORIENTED_EDGE ( 'NONE', *, *, #1866, .T. ) ;
#357 = DIRECTION ( 'NONE',  ( 1.224646799147353454E-16, 1.000000000000000000, 0.000000000000000000 ) ) ;
#358 = EDGE_LOOP ( 'NONE', ( #3573, #2465, #1458, #1084 ) ) ;
#359 = ORIENTED_EDGE ( 'NONE', *, *, #1199, .F. ) ;
#360 = EDGE_CURVE ( 'NONE', #823, #2327, #1306, .T. ) ;
#361 = CARTESIAN_POINT ( 'NONE',  ( -1.125000000000001776, 0.7500000000000009992, 1.120000000000001217 ) ) ;
#362 = CARTESIAN_POINT ( 'NONE',  ( -1.187500000000001776, -0.5000000000000007772, 1.120000000000001217 ) ) ;
#363 = DIRECTION ( 'NONE',  ( 1.000000000000000000, -1.224646799147353207E-16, 0.000000000000000000 ) ) ;
#364 = VECTOR ( 'NONE', #446, 39.37007874015748854 ) ;
#365 = AXIS2_PLACEMENT_3D ( 'NONE', #2894, #2911, #2102 ) ;
#366 = ADVANCED_FACE ( 'NONE', ( #611 ), #1000, .F. ) ;
#367 = FACE_BOUND ( 'NONE', #3957, .T. ) ;
#368 = VECTOR ( 'NONE', #1377, 39.37007874015748143 ) ;
#369 = CARTESIAN_POINT ( 'NONE',  ( -0.1658750000000006608, 1.831078121809923021, 0.3205414085530036705 ) ) ;
#370 = AXIS2_PLACEMENT_3D ( 'NONE', #3678, #1475, #4022 ) ;
#371 = CIRCLE ( 'NONE', #1233, 0.2060000000000000719 ) ;
#372 = CARTESIAN_POINT ( 'NONE',  ( -0.1658750000000019931, -8.521817679043639515, 0.000000000000000000 ) ) ;
#373 = VECTOR ( 'NONE', #864, 39.37007874015748143 ) ;
#374 = ORIENTED_EDGE ( 'NONE', *, *, #3164, .F. ) ;
#375 = DIRECTION ( 'NONE',  ( -1.000000000000000000, 1.224646799147353207E-16, 0.000000000000000000 ) ) ;
#376 = AXIS2_PLACEMENT_3D ( 'NONE', #3413, #3079, #3657 ) ;
#377 = CARTESIAN_POINT ( 'NONE',  ( 0.5545000000000001039, -0.01499999999999998383, 7.000000000000000000 ) ) ;
#378 = EDGE_LOOP ( 'NONE', ( #3648, #1724, #3476, #2454 ) ) ;
#379 = CIRCLE ( 'NONE', #50, 0.2500000000000003331 ) ;
#380 = CARTESIAN_POINT ( 'NONE',  ( -1.187500000000001776, 0.6499999999999986899, 0.2066503323926765501 ) ) ;
#381 = ORIENTED_EDGE ( 'NONE', *, *, #19, .T. ) ;
#382 = ORIENTED_EDGE ( 'NONE', *, *, #1002, .T. ) ;
#383 = CARTESIAN_POINT ( 'NONE',  ( 0.5244999999999999662, -0.01500000000000004455, -7.000000000000000000 ) ) ;
#384 = CIRCLE ( 'NONE', #2152, 0.2060000000000000719 ) ;
#385 = LINE ( 'NONE', #2186, #3272 ) ;
#386 = CARTESIAN_POINT ( 'NONE',  ( -0.2518749999999999045, 8.332817679043639458, -0.8505000000000026983 ) ) ;
#387 = PRODUCT_DEFINITION ( 'UNKNOWN', '', #2811, #1629 ) ;
#388 = DIRECTION ( 'NONE',  ( 0.000000000000000000, -1.000000000000000000, 0.000000000000000000 ) ) ;
#389 = AXIS2_PLACEMENT_3D ( 'NONE', #3804, #980, #1640 ) ;
#390 = EDGE_CURVE ( 'NONE', #905, #2164, #2241, .T. ) ;
#391 = ORIENTED_EDGE ( 'NONE', *, *, #3477, .F. ) ;
#392 = CARTESIAN_POINT ( 'NONE',  ( -0.5244999999999998552, -0.01500000000000004455, -7.000000000000000000 ) ) ;
#393 = CARTESIAN_POINT ( 'NONE',  ( -1.187500000000001776, 0.01690925917109139393, 0.6469899094427934427 ) ) ;
#394 = ORIENTED_EDGE ( 'NONE', *, *, #2596, .F. ) ;
#395 = EDGE_CURVE ( 'NONE', #789, #1662, #1869, .T. ) ;
#396 = UNCERTAINTY_MEASURE_WITH_UNIT (LENGTH_MEASURE( 1.000000000000000082E-05 ), #2050, 'distance_accuracy_value', 'NONE');
#397 = DIRECTION ( 'NONE',  ( 2.731847993664263218E-16, -1.000000000000000000, 0.000000000000000000 ) ) ;
#398 = ORIENTED_EDGE ( 'NONE', *, *, #3089, .T. ) ;
#399 = EDGE_LOOP ( 'NONE', ( #247, #1727, #3457, #1304 ) ) ;
#400 =( REPRESENTATION_RELATIONSHIP ('NONE','NONE', #196, #3004 ) REPRESENTATION_RELATIONSHIP_WITH_TRANSFORMATION ( #1006 )SHAPE_REPRESENTATION_RELATIONSHIP( ) );
#401 = DIRECTION ( 'NONE',  ( -1.000000000000000000, 0.000000000000000000, -0.000000000000000000 ) ) ;
#402 = FACE_OUTER_BOUND ( 'NONE', #3232, .T. ) ;
#403 = VERTEX_POINT ( 'NONE', #355 ) ;
#404 = CARTESIAN_POINT ( 'NONE',  ( -1.187500000000001998, -0.5896363203188079716, 0.5624999999999976685 ) ) ;
#405 = CARTESIAN_POINT ( 'NONE',  ( -1.125000000000001998, -0.9646363203188079716, 0.5624999999999976685 ) ) ;
#406 = CARTESIAN_POINT ( 'NONE',  ( 3.757567139478287022, 3.509541811157562030, 3.409562979451883802 ) ) ;
#407 = CARTESIAN_POINT ( 'NONE',  ( 3.655667139478286476, 1.227894383276352475, 4.251842231245662518 ) ) ;
#408 = ADVANCED_FACE ( 'NONE', ( #2197 ), #2224, .T. ) ;
#409 = ORIENTED_EDGE ( 'NONE', *, *, #2692, .F. ) ;
#410 = CARTESIAN_POINT ( 'NONE',  ( 3.757567139478286133, 1.227894383276352475, 3.814342231245662962 ) ) ;
#411 = FACE_OUTER_BOUND ( 'NONE', #2617, .T. ) ;
#412 = ORIENTED_EDGE ( 'NONE', *, *, #1683, .T. ) ;
#413 = ADVANCED_FACE ( 'NONE', ( #3782 ), #1264, .F. ) ;
#414 = DIRECTION ( 'NONE',  ( -0.000000000000000000, -0.000000000000000000, -1.000000000000000000 ) ) ;
#415 = ORIENTED_EDGE ( 'NONE', *, *, #315, .T. ) ;
#416 = DIRECTION ( 'NONE',  ( 1.000000000000000000, -1.224646799147353207E-16, -0.000000000000000000 ) ) ;
#417 = CIRCLE ( 'NONE', #4055, 0.2199999999999999734 ) ;
#418 = DIRECTION ( 'NONE',  ( -1.000000000000000000, 1.224646799147353207E-16, -0.000000000000000000 ) ) ;
#419 = VERTEX_POINT ( 'NONE', #2160 ) ;
#420 = PRODUCT_CONTEXT ( 'NONE', #850, 'mechanical' ) ;
#421 = LINE ( 'NONE', #3576, #428 ) ;
#422 = EDGE_CURVE ( 'NONE', #2327, #2395, #3763, .T. ) ;
#423 = DIRECTION ( 'NONE',  ( -1.000000000000000000, 0.000000000000000000, 0.000000000000000000 ) ) ;
#424 = ORIENTED_EDGE ( 'NONE', *, *, #975, .F. ) ;
#425 = LINE ( 'NONE', #114, #1363 ) ;
#426 = PRODUCT_DEFINITION_SHAPE ( 'NONE', 'NONE',  #4094 ) ;
#427 = AXIS2_PLACEMENT_3D ( 'NONE', #2821, #1262, #2194 ) ;
#428 = VECTOR ( 'NONE', #147, 39.37007874015748143 ) ;
#429 = LINE ( 'NONE', #1673, #368 ) ;
#430 = ORIENTED_EDGE ( 'NONE', *, *, #775, .F. ) ;
#431 = CARTESIAN_POINT ( 'NONE',  ( 0.5245000000000000773, 0.2349999999999999589, 7.000000000000000000 ) ) ;
#432 = CARTESIAN_POINT ( 'NONE',  ( 3.655667139478286920, 3.343529741363622243, 4.251842231245662518 ) ) ;
#433 = VERTEX_POINT ( 'NONE', #3115 ) ;
#434 = VECTOR ( 'NONE', #3431, 39.37007874015748854 ) ;
#435 = AXIS2_PLACEMENT_3D ( 'NONE', #2045, #3323, #3011 ) ;
#436 = EDGE_CURVE ( 'NONE', #875, #805, #2228, .T. ) ;
#437 = VECTOR ( 'NONE', #3672, 39.37007874015748854 ) ;
#438 = AXIS2_PLACEMENT_3D ( 'NONE', #860, #3708, #4070 ) ;
#439 = CARTESIAN_POINT ( 'NONE',  ( -0.1658750000000019653, -8.332817679043639458, -0.8505000000000020322 ) ) ;
#440 = ORIENTED_EDGE ( 'NONE', *, *, #4085, .T. ) ;
#441 = FACE_OUTER_BOUND ( 'NONE', #259, .T. ) ;
#442 = EDGE_LOOP ( 'NONE', ( #2350, #3719, #1485, #2439 ) ) ;
#443 = AXIS2_PLACEMENT_3D ( 'NONE', #1923, #951, #605 ) ;
#444 = EDGE_CURVE ( 'NONE', #3848, #3637, #1927, .T. ) ;
#445 = CARTESIAN_POINT ( 'NONE',  ( 3.757567139478287022, 3.040712062319987030, 4.251842231245662518 ) ) ;
#446 = DIRECTION ( 'NONE',  ( -1.248402950233959572E-16, -0.9945218953682732899, -0.1045284632676542619 ) ) ;
#447 = ORIENTED_EDGE ( 'NONE', *, *, #1963, .T. ) ;
#448 = PLANE ( 'NONE',  #245 ) ;
#449 = LINE ( 'NONE', #666, #2280 ) ;
#450 = ADVANCED_FACE ( 'NONE', ( #3162 ), #1542, .F. ) ;
#451 = CIRCLE ( 'NONE', #325, 0.1889999999999995295 ) ;
#452 = ORIENTED_EDGE ( 'NONE', *, *, #1077, .T. ) ;
#453 = CARTESIAN_POINT ( 'NONE',  ( -1.187500000000001776, -0.3146249791965748943, 0.8700000000000029932 ) ) ;
#454 = DIRECTION ( 'NONE',  ( -1.000000000000000000, 1.224646799147353207E-16, -0.000000000000000000 ) ) ;
#455 = DIRECTION ( 'NONE',  ( 0.000000000000000000, 0.000000000000000000, -1.000000000000000000 ) ) ;
#456 = ORIENTED_EDGE ( 'NONE', *, *, #2393, .F. ) ;
#457 = AXIS2_PLACEMENT_3D ( 'NONE', #1521, #2779, #957 ) ;
#458 = CARTESIAN_POINT ( 'NONE',  ( -0.1658750000000007996, 0.6975647374411817481, 1.194852794186280986 ) ) ;
#459 = ORIENTED_EDGE ( 'NONE', *, *, #3221, .T. ) ;
#460 = DIRECTION ( 'NONE',  ( 1.000000000000000000, -1.224646799147353207E-16, -0.000000000000000000 ) ) ;
#461 = ORIENTED_EDGE ( 'NONE', *, *, #1783, .T. ) ;
#462 = EDGE_CURVE ( 'NONE', #70, #2098, #1244, .T. ) ;
#463 = CARTESIAN_POINT ( 'NONE',  ( -1.187500000000001776, -0.05462271432538394478, 0.5625000000000009992 ) ) ;
#464 = DIRECTION ( 'NONE',  ( -1.000000000000000000, 1.224646799147353207E-16, 0.000000000000000000 ) ) ;
#465 = ORIENTED_EDGE ( 'NONE', *, *, #490, .T. ) ;
#466 = EDGE_CURVE ( 'NONE', #433, #1678, #2178, .T. ) ;
#467 = DIRECTION ( 'NONE',  ( -1.000000000000000000, 1.224646799147353207E-16, 0.000000000000000000 ) ) ;
#468 = EDGE_LOOP ( 'NONE', ( #1045, #2334, #1973, #2376 ) ) ;
#469 = CARTESIAN_POINT ( 'NONE',  ( -1.125000000000001998, 0.3546249791965803144, 0.2950000000000001510 ) ) ;
#470 = EDGE_CURVE ( 'NONE', #2127, #3871, #3746, .T. ) ;
#471 = DIRECTION ( 'NONE',  ( 0.000000000000000000, 0.000000000000000000, -1.000000000000000000 ) ) ;
#472 = CARTESIAN_POINT ( 'NONE',  ( -1.187500000000001998, -0.4646363203188058622, 0.5624999999999976685 ) ) ;
#473 = DIRECTION ( 'NONE',  ( -1.248402950233959572E-16, -0.9945218953682732899, 0.1045284632676544145 ) ) ;
#474 = CYLINDRICAL_SURFACE ( 'NONE', #2974, 0.3749999999999999445 ) ;
#475 = ORIENTED_EDGE ( 'NONE', *, *, #208, .F. ) ;
#476 = ORIENTED_EDGE ( 'NONE', *, *, #4062, .F. ) ;
#477 = LINE ( 'NONE', #1987, #3797 ) ;
#478 = LINE ( 'NONE', #3847, #1628 ) ;
#479 = ORIENTED_EDGE ( 'NONE', *, *, #3504, .T. ) ;
#480 = APPLICATION_CONTEXT ( 'automotive_design' ) ;
#481 = CARTESIAN_POINT ( 'NONE',  ( -1.187500000000001776, 0.7162392253302739542, 0.8434339481110404435 ) ) ;
#482 = DIRECTION ( 'NONE',  ( 0.000000000000000000, 0.9062549842224583152, -0.4227314792772736141 ) ) ;
#483 = VERTEX_POINT ( 'NONE', #2800 ) ;
#484 = EDGE_LOOP ( 'NONE', ( #3116, #3954, #1204, #2321 ) ) ;
#485 = AXIS2_PLACEMENT_3D ( 'NONE', #1261, #2774, #3 ) ;
#486 = ADVANCED_FACE ( 'NONE', ( #2514 ), #3475, .F. ) ;
#487 = EDGE_LOOP ( 'NONE', ( #573, #1001, #184, #2577 ) ) ;
#488 = DIRECTION ( 'NONE',  ( 1.000000000000000000, -1.224646799147353207E-16, -0.000000000000000000 ) ) ;
#489 = FACE_OUTER_BOUND ( 'NONE', #2673, .T. ) ;
#490 = EDGE_CURVE ( 'NONE', #2114, #164, #2156, .T. ) ;
#491 = DIRECTION ( 'NONE',  ( 1.000000000000000000, -1.224646799147353207E-16, -0.000000000000000000 ) ) ;
#492 = CARTESIAN_POINT ( 'NONE',  ( -0.1658750000000019653, -8.332817679043639458, 0.000000000000000000 ) ) ;
#493 = CARTESIAN_POINT ( 'NONE',  ( 0.3345000000000000751, -0.01500000000000001159, -7.000000000000000000 ) ) ;
#494 = ORIENTED_EDGE ( 'NONE', *, *, #1664, .F. ) ;
#495 = AXIS2_PLACEMENT_3D ( 'NONE', #1187, #3722, #597 ) ;
#496 = AXIS2_PLACEMENT_3D ( 'NONE', #1190, #1315, #1858 ) ;
#497 = EDGE_CURVE ( 'NONE', #1833, #4002, #2820, .T. ) ;
#498 = AXIS2_PLACEMENT_3D ( 'NONE', #1538, #2157, #1323 ) ;
#499 = DIRECTION ( 'NONE',  ( -0.000000000000000000, 1.000000000000000000, -0.000000000000000000 ) ) ;
#500 = VERTEX_POINT ( 'NONE', #3842 ) ;
#501 = AXIS2_PLACEMENT_3D ( 'NONE', #1248, #2226, #3479 ) ;
#502 = CARTESIAN_POINT ( 'NONE',  ( -1.125000000000001998, 0.3315342383676684324, 0.3312501993688997670 ) ) ;
#503 = DIMENSIONAL_EXPONENTS ( 1.000000000000000000, 0.000000000000000000, 0.000000000000000000, 0.000000000000000000, 0.000000000000000000, 0.000000000000000000, 0.000000000000000000 ) ;
#504 = AXIS2_PLACEMENT_3D ( 'NONE', #869, #545, #2159 ) ;
#505 = VECTOR ( 'NONE', #4034, 39.37007874015748143 ) ;
#506 = DIRECTION ( 'NONE',  ( 1.000000000000000000, -1.224646799147353207E-16, -0.000000000000000000 ) ) ;
#507 = SURFACE_STYLE_FILL_AREA ( #1165 ) ;
#508 = ORIENTED_EDGE ( 'NONE', *, *, #1847, .F. ) ;
#509 = ORIENTED_EDGE ( 'NONE', *, *, #1054, .T. ) ;
#510 = CIRCLE ( 'NONE', #1674, 0.8505000000000022542 ) ;
#511 =( NAMED_UNIT ( * ) PLANE_ANGLE_UNIT ( ) SI_UNIT ( $, .RADIAN. ) );
#512 = CIRCLE ( 'NONE', #639, 0.03999999999999997308 ) ;
#513 = ORIENTED_EDGE ( 'NONE', *, *, #3692, .T. ) ;
#514 = FACE_OUTER_BOUND ( 'NONE', #149, .T. ) ;
#515 = EDGE_LOOP ( 'NONE', ( #2187, #3513, #1126, #4017 ) ) ;
#516 = DIRECTION ( 'NONE',  ( 1.000000000000000000, -1.224646799147353207E-16, -0.000000000000000000 ) ) ;
#517 = AXIS2_PLACEMENT_3D ( 'NONE', #2481, #1252, #2502 ) ;
#518 = EDGE_CURVE ( 'NONE', #2165, #875, #142, .T. ) ;
#519 = LINE ( 'NONE', #453, #1807 ) ;
#520 = AXIS2_PLACEMENT_3D ( 'NONE', #788, #2945, #3594 ) ;
#521 = FACE_OUTER_BOUND ( 'NONE', #2206, .T. ) ;
#522 = CARTESIAN_POINT ( 'NONE',  ( -1.187500000000001776, 0.07771345515429291251, 0.5987501993688993940 ) ) ;
#523 = VERTEX_POINT ( 'NONE', #3907 ) ;
#524 = ADVANCED_FACE ( 'NONE', ( #3224 ), #2349, .F. ) ;
#525 = CIRCLE ( 'NONE', #2084, 0.04000000000000000083 ) ;
#526 = LINE ( 'NONE', #2446, #1110 ) ;
#527 = ORIENTED_EDGE ( 'NONE', *, *, #3363, .T. ) ;
#528 = DIRECTION ( 'NONE',  ( -1.000000000000000000, 1.224646799147353207E-16, 0.000000000000000000 ) ) ;
#529 = DIRECTION ( 'NONE',  ( 1.000000000000000000, -1.224646799147353207E-16, 0.000000000000000000 ) ) ;
#530 = EDGE_CURVE ( 'NONE', #3430, #1585, #1053, .T. ) ;
#531 = DIRECTION ( 'NONE',  ( -1.000000000000000000, -5.104349763946681633E-17, 0.000000000000000000 ) ) ;
#532 = FILL_AREA_STYLE_COLOUR ( '', #1028 ) ;
#533 = ORIENTED_EDGE ( 'NONE', *, *, #2919, .F. ) ;
#534 = ORIENTED_EDGE ( 'NONE', *, *, #2855, .T. ) ;
#535 = DIRECTION ( 'NONE',  ( 0.000000000000000000, -1.000000000000000000, 0.000000000000000000 ) ) ;
#536 = ORIENTED_EDGE ( 'NONE', *, *, #3675, .F. ) ;
#537 = CARTESIAN_POINT ( 'NONE',  ( -1.187500000000001776, 0.09462271432538291172, 0.5625000000000006661 ) ) ;
#538 = ORIENTED_EDGE ( 'NONE', *, *, #543, .T. ) ;
#539 = PRODUCT_DEFINITION_SHAPE ( 'NONE', 'NONE',  #4090 ) ;
#540 = CARTESIAN_POINT ( 'NONE',  ( -0.2518750000000006817, 2.049861513329596985, 0.4415117668857341249 ) ) ;
#541 = LINE ( 'NONE', #1497, #1400 ) ;
#542 = ORIENTED_EDGE ( 'NONE', *, *, #2031, .F. ) ;
#543 = EDGE_CURVE ( 'NONE', #1818, #2114, #81, .T. ) ;
#544 = EDGE_LOOP ( 'NONE', ( #740, #712, #3751, #3264 ) ) ;
#545 = DIRECTION ( 'NONE',  ( 1.000000000000000000, -1.224646799147353207E-16, 0.000000000000000000 ) ) ;
#546 = FACE_OUTER_BOUND ( 'NONE', #3199, .T. ) ;
#547 = ORIENTED_EDGE ( 'NONE', *, *, #3617, .T. ) ;
#548 = EDGE_CURVE ( 'NONE', #3496, #1307, #1570, .T. ) ;
#549 = LINE ( 'NONE', #3682, #3933 ) ;
#550 = CARTESIAN_POINT ( 'NONE',  ( 3.757567139478286133, 1.790712062319987030, 4.251842231245662518 ) ) ;
#551 = ORIENTED_EDGE ( 'NONE', *, *, #2389, .F. ) ;
#552 = ORIENTED_EDGE ( 'NONE', *, *, #2644, .T. ) ;
#553 = EDGE_CURVE ( 'NONE', #1280, #3388, #1967, .T. ) ;
#554 = CARTESIAN_POINT ( 'NONE',  ( -1.187500000000001776, -0.4508355833577845639, 0.7286589681549335840 ) ) ;
#555 = CYLINDRICAL_SURFACE ( 'NONE', #2133, 0.005100000000000240626 ) ;
#556 = ORIENTED_EDGE ( 'NONE', *, *, #1199, .T. ) ;
#557 = CARTESIAN_POINT ( 'NONE',  ( -0.1658750000000019653, -8.332817679043639458, 0.000000000000000000 ) ) ;
#558 = VECTOR ( 'NONE', #2061, 39.37007874015748143 ) ;
#559 = CARTESIAN_POINT ( 'NONE',  ( -1.125000000000001998, 0.01690925917109138352, 0.6469899094427934427 ) ) ;
#560 = DIRECTION ( 'NONE',  ( 1.000000000000000000, -1.224646799147353207E-16, -0.000000000000000000 ) ) ;
#561 = LINE ( 'NONE', #2038, #2043 ) ;
#562 = ORIENTED_EDGE ( 'NONE', *, *, #1482, .F. ) ;
#563 = DIRECTION ( 'NONE',  ( 1.000000000000000000, -1.224646799147353207E-16, -0.000000000000000000 ) ) ;
#564 = ORIENTED_EDGE ( 'NONE', *, *, #3610, .F. ) ;
#565 = DIRECTION ( 'NONE',  ( 1.000000000000000000, -1.224646799147353207E-16, -0.000000000000000000 ) ) ;
#566 = CARTESIAN_POINT ( 'NONE',  ( -0.5544999999999998819, 0.2349999999999999867, 7.000000000000000000 ) ) ;
#567 = VERTEX_POINT ( 'NONE', #731 ) ;
#568 = VECTOR ( 'NONE', #1426, 39.37007874015748143 ) ;
#569 = EDGE_CURVE ( 'NONE', #1250, #2404, #1338, .T. ) ;
#570 = AXIS2_PLACEMENT_3D ( 'NONE', #1357, #1071, #155 ) ;
#571 = FACE_OUTER_BOUND ( 'NONE', #1557, .T. ) ;
#572 = DIRECTION ( 'NONE',  ( 4.646997711839443914E-17, 0.3794561595290057987, 0.9252097183857818097 ) ) ;
#573 = ORIENTED_EDGE ( 'NONE', *, *, #3874, .T. ) ;
#574 = ORIENTED_EDGE ( 'NONE', *, *, #1708, .T. ) ;
#575 =( LENGTH_UNIT ( ) NAMED_UNIT ( * ) SI_UNIT ( $, .METRE. ) );
#576 = VECTOR ( 'NONE', #4, 39.37007874015748143 ) ;
#577 = EDGE_CURVE ( 'NONE', #2337, #2786, #1395, .T. ) ;
#578 = VECTOR ( 'NONE', #2625, 39.37007874015748143 ) ;
#579 = LENGTH_MEASURE_WITH_UNIT ( LENGTH_MEASURE( 0.02539999999999999897 ), #1128 );
#580 = CARTESIAN_POINT ( 'NONE',  ( 3.757567139478287022, 3.343529741363622243, 4.251842231245662518 ) ) ;
#581 = AXIS2_PLACEMENT_3D ( 'NONE', #3838, #1636, #3819 ) ;
#582 = ORIENTED_EDGE ( 'NONE', *, *, #1963, .F. ) ;
#583 = CARTESIAN_POINT ( 'NONE',  ( -0.1658750000000019098, -8.143817679043639401, 2.314582450388501065E-17 ) ) ;
#584 = ADVANCED_FACE ( 'NONE', ( #66 ), #3863, .F. ) ;
#585 = VECTOR ( 'NONE', #3918, 39.37007874015748143 ) ;
#586 = DIRECTION ( 'NONE',  ( -0.000000000000000000, -0.9062549842224582042, -0.4227314792772736141 ) ) ;
#587 = AXIS2_PLACEMENT_3D ( 'NONE', #3769, #3082, #963 ) ;
#588 = LINE ( 'NONE', #2442, #2802 ) ;
#589 = CARTESIAN_POINT ( 'NONE',  ( -0.1658750000000010216, -0.8518176790436347012, 0.7500000000000026645 ) ) ;
#590 = EDGE_LOOP ( 'NONE', ( #1434, #3080 ) ) ;
#591 = ORIENTED_EDGE ( 'NONE', *, *, #3955, .T. ) ;
#592 = LINE ( 'NONE', #1831, #2992 ) ;
#593 = CARTESIAN_POINT ( 'NONE',  ( -1.125000000000001998, -0.5896363203188079716, 0.5624999999999976685 ) ) ;
#594 = ORIENTED_EDGE ( 'NONE', *, *, #3003, .F. ) ;
#595 = FACE_OUTER_BOUND ( 'NONE', #3709, .T. ) ;
#596 = PRODUCT_DEFINITION ( 'UNKNOWN', '', #3151, #2827 ) ;
#597 = DIRECTION ( 'NONE',  ( -1.806777773587480111E-16, -1.000000000000000000, 0.000000000000000000 ) ) ;
#598 = VERTEX_POINT ( 'NONE', #377 ) ;
#599 = ORIENTED_EDGE ( 'NONE', *, *, #4013, .T. ) ;
#600 = ADVANCED_FACE ( 'NONE', ( #1041 ), #3608, .T. ) ;
#601 = CARTESIAN_POINT ( 'NONE',  ( 0.3345000000000000751, -0.01500000000000004455, 7.000000000000000000 ) ) ;
#602 = ORIENTED_EDGE ( 'NONE', *, *, #3622, .T. ) ;
#603 = CARTESIAN_POINT ( 'NONE',  ( -1.187500000000001998, -0.7500000000000005551, 0.2066503323926765501 ) ) ;
#604 = EDGE_CURVE ( 'NONE', #1339, #2952, #1834, .T. ) ;
#605 = DIRECTION ( 'NONE',  ( 0.000000000000000000, -0.9252097183857821427, -0.3794561595290049105 ) ) ;
#606 = PLANE ( 'NONE',  #950 ) ;
#607 = ORIENTED_EDGE ( 'NONE', *, *, #395, .T. ) ;
#608 = DIRECTION ( 'NONE',  ( -1.000000000000000000, 1.224646799147353207E-16, 0.000000000000000000 ) ) ;
#609 = VERTEX_POINT ( 'NONE', #1326 ) ;
#610 = DIRECTION ( 'NONE',  ( 1.806777773587480111E-16, 1.000000000000000000, 0.000000000000000000 ) ) ;
#611 = FACE_OUTER_BOUND ( 'NONE', #828, .T. ) ;
#612 = VERTEX_POINT ( 'NONE', #1016 ) ;
#613 = FACE_OUTER_BOUND ( 'NONE', #1641, .T. ) ;
#614 = CARTESIAN_POINT ( 'NONE',  ( -0.1658750000000011049, -1.263817679043634845, 0.7500000000000026645 ) ) ;
#615 = VERTEX_POINT ( 'NONE', #765 ) ;
#616 = ORIENTED_EDGE ( 'NONE', *, *, #1762, .T. ) ;
#617 = CARTESIAN_POINT ( 'NONE',  ( 0.000000000000000000, 0.000000000000000000, 0.000000000000000000 ) ) ;
#618 = CARTESIAN_POINT ( 'NONE',  ( 0.5545000000000001039, 0.2349999999999999867, -7.000000000000000000 ) ) ;
#619 = FACE_OUTER_BOUND ( 'NONE', #1285, .T. ) ;
#620 = ORIENTED_EDGE ( 'NONE', *, *, #1494, .T. ) ;
#621 = DIRECTION ( 'NONE',  ( -1.000000000000000000, 1.224646799147353207E-16, -0.000000000000000000 ) ) ;
#622 =( REPRESENTATION_RELATIONSHIP ('NONE','NONE', #196, #2895 ) REPRESENTATION_RELATIONSHIP_WITH_TRANSFORMATION ( #3896 )SHAPE_REPRESENTATION_RELATIONSHIP( ) );
#623 = EDGE_CURVE ( 'NONE', #2382, #3122, #2260, .T. ) ;
#624 = LINE ( 'NONE', #909, #707 ) ;
#625 = VECTOR ( 'NONE', #1152, 39.37007874015748143 ) ;
#626 = CARTESIAN_POINT ( 'NONE',  ( 3.655667139478286920, 2.780712062319987243, 4.251842231245662518 ) ) ;
#627 = DIRECTION ( 'NONE',  ( 0.000000000000000000, 1.000000000000000000, 0.000000000000000000 ) ) ;
#628 = EDGE_CURVE ( 'NONE', #1519, #823, #3280, .T. ) ;
#629 = CARTESIAN_POINT ( 'NONE',  ( -1.125000000000001998, 0.3315342383676684324, 0.3312501993688997670 ) ) ;
#630 = ORIENTED_EDGE ( 'NONE', *, *, #3728, .F. ) ;
#631 = DIRECTION ( 'NONE',  ( -1.000000000000000000, 1.224646799147353207E-16, -0.000000000000000000 ) ) ;
#632 = EDGE_LOOP ( 'NONE', ( #1331, #3762, #3755, #2479 ) ) ;
#633 = ADVANCED_FACE ( 'NONE', ( #411 ), #3529, .F. ) ;
#634 = CYLINDRICAL_SURFACE ( 'NONE', #501, 0.2039999999999995151 ) ;
#635 = DIRECTION ( 'NONE',  ( 0.000000000000000000, 0.000000000000000000, -1.000000000000000000 ) ) ;
#636 = VERTEX_POINT ( 'NONE', #432 ) ;
#637 = ORIENTED_EDGE ( 'NONE', *, *, #1575, .T. ) ;
#638 = DIRECTION ( 'NONE',  ( 1.499759782661857608E-32, 1.224646799147353207E-16, -1.000000000000000000 ) ) ;
#639 = AXIS2_PLACEMENT_3D ( 'NONE', #1050, #464, #2582 ) ;
#640 = AXIS2_PLACEMENT_3D ( 'NONE', #130, #3597, #2012 ) ;
#641 = LINE ( 'NONE', #2250, #3997 ) ;
#642 = CARTESIAN_POINT ( 'NONE',  ( -1.187500000000001776, -0.07771345515429380069, 0.5262498006311022714 ) ) ;
#643 = VERTEX_POINT ( 'NONE', #123 ) ;
#644 = VECTOR ( 'NONE', #3455, 39.37007874015748143 ) ;
#645 = CARTESIAN_POINT ( 'NONE',  ( -0.1658750000000010771, -1.468167046811732268, 0.9768915831120246196 ) ) ;
#646 = AXIS2_PLACEMENT_3D ( 'NONE', #658, #7, #1547 ) ;
#647 = CIRCLE ( 'NONE', #1413, 0.1889999999999995295 ) ;
#648 = AXIS2_PLACEMENT_3D ( 'NONE', #3776, #310, #1031 ) ;
#649 = FACE_BOUND ( 'NONE', #3963, .T. ) ;
#650 = ADVANCED_FACE ( 'NONE', ( #1379 ), #3989, .F. ) ;
#651 = DIRECTION ( 'NONE',  ( 1.000000000000000000, -1.224646799147353207E-16, -0.000000000000000000 ) ) ;
#652 = DIRECTION ( 'NONE',  ( -0.000000000000000000, 0.9062549842224582042, -0.4227314792772736141 ) ) ;
#653 = ADVANCED_FACE ( 'NONE', ( #1781 ), #474, .F. ) ;
#654 = EDGE_LOOP ( 'NONE', ( #3609, #3723, #693, #745 ) ) ;
#655 = DIRECTION ( 'NONE',  ( -1.204518515724981975E-16, -1.000000000000000000, 0.000000000000000000 ) ) ;
#656 = DIRECTION ( 'NONE',  ( 0.000000000000000000, 0.000000000000000000, -1.000000000000000000 ) ) ;
#657 = ORIENTED_EDGE ( 'NONE', *, *, #2016, .T. ) ;
#658 = CARTESIAN_POINT ( 'NONE',  ( -0.1658750000000009384, 2.042939377492016959E-17, 11.17049329678453518 ) ) ;
#659 = EDGE_CURVE ( 'NONE', #905, #106, #561, .T. ) ;
#660 = CARTESIAN_POINT ( 'NONE',  ( -1.187500000000001776, 0.4949000000000008392, 1.018100000000001115 ) ) ;
#661 = ORIENTED_EDGE ( 'NONE', *, *, #2049, .F. ) ;
#662 = ORIENTED_EDGE ( 'NONE', *, *, #1789, .F. ) ;
#663 = CIRCLE ( 'NONE', #2289, 0.8505000000000012550 ) ;
#664 = CARTESIAN_POINT ( 'NONE',  ( 0.000000000000000000, 0.000000000000000000, 0.000000000000000000 ) ) ;
#665 = CARTESIAN_POINT ( 'NONE',  ( 3.757567139478286133, 1.227894383276352475, 3.814342231245662962 ) ) ;
#666 = CARTESIAN_POINT ( 'NONE',  ( 3.655667139478286476, 1.530712062319987021, 4.251842231245662518 ) ) ;
#667 = VERTEX_POINT ( 'NONE', #3953 ) ;
#668 = CYLINDRICAL_SURFACE ( 'NONE', #2480, 0.1889999999999995295 ) ;
#669 = LINE ( 'NONE', #1863, #47 ) ;
#670 = DIRECTION ( 'NONE',  ( 0.000000000000000000, -1.000000000000000000, 0.000000000000000000 ) ) ;
#671 = CARTESIAN_POINT ( 'NONE',  ( -1.125000000000001998, -0.3146249791965748943, 0.8700000000000029932 ) ) ;
#672 = ORIENTED_EDGE ( 'NONE', *, *, #2193, .F. ) ;
#673 = CARTESIAN_POINT ( 'NONE',  ( -1.187500000000001776, 0.5000000000000009992, 1.120000000000001217 ) ) ;
#674 = CARTESIAN_POINT ( 'NONE',  ( 3.757567139478286133, 1.790712062319987030, 4.251842231245662518 ) ) ;
#675 = ORIENTED_EDGE ( 'NONE', *, *, #577, .F. ) ;
#676 = EDGE_CURVE ( 'NONE', #1269, #1396, #2087, .T. ) ;
#677 = FACE_BOUND ( 'NONE', #2324, .T. ) ;
#678 = CARTESIAN_POINT ( 'NONE',  ( -1.187500000000001776, -0.5000000000000007772, 0.005000000000000543940 ) ) ;
#679 = ORIENTED_EDGE ( 'NONE', *, *, #518, .F. ) ;
#680 = ORIENTED_EDGE ( 'NONE', *, *, #1067, .F. ) ;
#681 = APPLICATION_PROTOCOL_DEFINITION ( 'draft international standard', 'automotive_design', 1998, #2948 ) ;
#682 = EDGE_CURVE ( 'NONE', #567, #2825, #1132, .T. ) ;
#683 = CARTESIAN_POINT ( 'NONE',  ( -1.125000000000001998, -0.7500000000000007772, 1.120000000000001217 ) ) ;
#684 = LINE ( 'NONE', #700, #1036 ) ;
#685 = PLANE ( 'NONE',  #2941 ) ;
#686 = ORIENTED_EDGE ( 'NONE', *, *, #623, .T. ) ;
#687 = CARTESIAN_POINT ( 'NONE',  ( 3.655667139478286920, 3.343529741363622243, 3.814342231245662962 ) ) ;
#688 = EDGE_CURVE ( 'NONE', #1805, #1229, #1080, .T. ) ;
#689 = CARTESIAN_POINT ( 'NONE',  ( -1.187500000000001776, -0.05462271432538394478, 0.5625000000000009992 ) ) ;
#690 = CARTESIAN_POINT ( 'NONE',  ( -0.1658750000000010771, -1.057817679043634662, 0.7500000000000026645 ) ) ;
#691 = VERTEX_POINT ( 'NONE', #882 ) ;
#692 = DIRECTION ( 'NONE',  ( -1.000000000000000000, 1.224646799147353207E-16, -0.000000000000000000 ) ) ;
#693 = ORIENTED_EDGE ( 'NONE', *, *, #3643, .T. ) ;
#694 = DIRECTION ( 'NONE',  ( -0.000000000000000000, -0.000000000000000000, -1.000000000000000000 ) ) ;
#695 = ORIENTED_EDGE ( 'NONE', *, *, #68, .F. ) ;
#696 = VERTEX_POINT ( 'NONE', #865 ) ;
#697 = EDGE_CURVE ( 'NONE', #3006, #841, #752, .T. ) ;
#698 = CONTEXT_DEPENDENT_SHAPE_REPRESENTATION ( #3171, #1347 ) ;
#699 = DIRECTION ( 'NONE',  ( -1.000000000000000000, 1.224646799147353207E-16, 0.000000000000000000 ) ) ;
#700 = CARTESIAN_POINT ( 'NONE',  ( 3.757567139478286133, 0.7903943832763525856, 3.814342231245662962 ) ) ;
#701 = ORIENTED_EDGE ( 'NONE', *, *, #1702, .F. ) ;
#702 = EDGE_CURVE ( 'NONE', #2629, #1005, #1470, .T. ) ;
#703 = FACE_OUTER_BOUND ( 'NONE', #1817, .T. ) ;
#704 = VECTOR ( 'NONE', #2046, 39.37007874015748143 ) ;
#705 = PRESENTATION_LAYER_ASSIGNMENT (  '', '', ( #3593 ) ) ;
#706 = CARTESIAN_POINT ( 'NONE',  ( -1.187500000000001776, 0.9646363203188060842, 0.5624999999999976685 ) ) ;
#707 = VECTOR ( 'NONE', #2401, 39.37007874015748143 ) ;
#708 = EDGE_CURVE ( 'NONE', #2420, #2623, #2364, .T. ) ;
#709 = SURFACE_STYLE_FILL_AREA ( #1113 ) ;
#710 = VECTOR ( 'NONE', #999, 39.37007874015748143 ) ;
#711 = AXIS2_PLACEMENT_3D ( 'NONE', #3754, #1292, #1902 ) ;
#712 = ORIENTED_EDGE ( 'NONE', *, *, #3830, .F. ) ;
#713 = DIRECTION ( 'NONE',  ( -1.000000000000000000, 1.224646799147353454E-16, 0.000000000000000000 ) ) ;
#714 = ORIENTED_EDGE ( 'NONE', *, *, #3422, .T. ) ;
#715 = AXIS2_PLACEMENT_3D ( 'NONE', #687, #1921, #59 ) ;
#716 = CARTESIAN_POINT ( 'NONE',  ( -1.187500000000001776, 0.3146249791965799458, 0.8300000000000016254 ) ) ;
#717 = ORIENTED_EDGE ( 'NONE', *, *, #3111, .F. ) ;
#718 = ORIENTED_EDGE ( 'NONE', *, *, #2520, .F. ) ;
#719 = CONTEXT_DEPENDENT_SHAPE_REPRESENTATION ( #400, #539 ) ;
#720 = PLANE ( 'NONE',  #1544 ) ;
#721 = AXIS2_PLACEMENT_3D ( 'NONE', #2008, #3614, #1063 ) ;
#722 = LINE ( 'NONE', #2951, #2791 ) ;
#723 = CARTESIAN_POINT ( 'NONE',  ( -1.187500000000001776, 0.3546249791965799258, 0.8300000000000016254 ) ) ;
#724 = AXIS2_PLACEMENT_3D ( 'NONE', #229, #1812, #1438 ) ;
#725 = EDGE_CURVE ( 'NONE', #2512, #2758, #2403, .T. ) ;
#726 = AXIS2_PLACEMENT_3D ( 'NONE', #2939, #3569, #2020 ) ;
#727 = EDGE_CURVE ( 'NONE', #3396, #2149, #157, .T. ) ;
#728 = LINE ( 'NONE', #2586, #3259 ) ;
#729 = EDGE_LOOP ( 'NONE', ( #323, #2608, #3641, #3048 ) ) ;
#730 = CARTESIAN_POINT ( 'NONE',  ( -0.1658750000000010771, -1.057817679043634662, 0.7500000000000026645 ) ) ;
#731 = CARTESIAN_POINT ( 'NONE',  ( -0.5244999999999998552, -0.01500000000000004455, 7.000000000000000000 ) ) ;
#732 = ORIENTED_EDGE ( 'NONE', *, *, #1653, .F. ) ;
#733 = CARTESIAN_POINT ( 'NONE',  ( -0.5244999999999998552, -0.01500000000000004455, 7.000000000000000000 ) ) ;
#734 = ORIENTED_EDGE ( 'NONE', *, *, #89, .T. ) ;
#735 = PLANE ( 'NONE',  #3204 ) ;
#736 = ORIENTED_EDGE ( 'NONE', *, *, #2906, .T. ) ;
#737 = ITEM_DEFINED_TRANSFORMATION ( 'NONE', 'NONE', #179,  #1106 ) ;
#738 = DIRECTION ( 'NONE',  ( 1.224646799147353207E-16, 1.000000000000000000, 0.000000000000000000 ) ) ;
#739 = DIRECTION ( 'NONE',  ( 1.000000000000000000, -1.224646799147353207E-16, -0.000000000000000000 ) ) ;
#740 = ORIENTED_EDGE ( 'NONE', *, *, #2375, .T. ) ;
#741 = DIRECTION ( 'NONE',  ( 5.176967529957313148E-17, 0.4227314792772673968, -0.9062549842224612018 ) ) ;
#742 = DIMENSIONAL_EXPONENTS ( 1.000000000000000000, 0.000000000000000000, 0.000000000000000000, 0.000000000000000000, 0.000000000000000000, 0.000000000000000000, 0.000000000000000000 ) ;
#743 = EDGE_CURVE ( 'NONE', #419, #1903, #541, .T. ) ;
#744 = CARTESIAN_POINT ( 'NONE',  ( 3.655667139478286476, 1.227894383276352475, 3.814342231245662962 ) ) ;
#745 = ORIENTED_EDGE ( 'NONE', *, *, #814, .F. ) ;
#746 = DIRECTION ( 'NONE',  ( -1.000000000000000000, 1.224646799147353207E-16, 0.000000000000000000 ) ) ;
#747 = CARTESIAN_POINT ( 'NONE',  ( -1.125000000000001998, -0.07771345515429382844, 0.5262498006311023824 ) ) ;
#748 = EDGE_LOOP ( 'NONE', ( #1293, #2847, #3825, #3714 ) ) ;
#749 = EDGE_CURVE ( 'NONE', #22, #3977, #2757, .T. ) ;
#750 = CARTESIAN_POINT ( 'NONE',  ( -1.187500000000001776, 0.09462271432538291172, 0.5625000000000006661 ) ) ;
#751 = ORIENTED_EDGE ( 'NONE', *, *, #3622, .F. ) ;
#752 = CIRCLE ( 'NONE', #150, 0.03999999999999998002 ) ;
#753 = ORIENTED_EDGE ( 'NONE', *, *, #1789, .T. ) ;
#754 = EDGE_CURVE ( 'NONE', #3081, #3006, #2733, .T. ) ;
#755 = LINE ( 'NONE', #1105, #3197 ) ;
#756 = CARTESIAN_POINT ( 'NONE',  ( 3.757567139478286133, 1.431894383276351990, 3.814342231245662962 ) ) ;
#757 = VERTEX_POINT ( 'NONE', #4016 ) ;
#758 = DIRECTION ( 'NONE',  ( 0.000000000000000000, 1.000000000000000000, 0.000000000000000000 ) ) ;
#759 = VERTEX_POINT ( 'NONE', #3023 ) ;
#760 = VECTOR ( 'NONE', #414, 39.37007874015748143 ) ;
#761 = CIRCLE ( 'NONE', #1405, 0.03999999999999991757 ) ;
#762 = PRODUCT_RELATED_PRODUCT_CATEGORY ( 'part', '', ( #826 ) ) ;
#763 = CARTESIAN_POINT ( 'NONE',  ( -1.125000000000001998, -0.7162392253302760636, 0.2815660518889545050 ) ) ;
#764 = LINE ( 'NONE', #2000, #1742 ) ;
#765 = CARTESIAN_POINT ( 'NONE',  ( -1.187500000000001776, 0.4339263241866938570, 0.3600908324761689094 ) ) ;
#766 = VERTEX_POINT ( 'NONE', #2443 ) ;
#767 = VECTOR ( 'NONE', #188, 39.37007874015748143 ) ;
#768 = VECTOR ( 'NONE', #4061, 39.37007874015748143 ) ;
#769 = AXIS2_PLACEMENT_3D ( 'NONE', #2707, #2770, #266 ) ;
#770 = EDGE_CURVE ( 'NONE', #3811, #136, #2425, .T. ) ;
#771 = AXIS2_PLACEMENT_3D ( 'NONE', #3795, #3177, #3157 ) ;
#772 = DIRECTION ( 'NONE',  ( -1.000000000000000000, 1.224646799147353207E-16, -0.000000000000000000 ) ) ;
#773 = ORIENTED_EDGE ( 'NONE', *, *, #16, .F. ) ;
#774 = APPLICATION_CONTEXT ( 'automotive_design' ) ;
#775 = EDGE_CURVE ( 'NONE', #786, #2629, #206, .T. ) ;
#776 = LINE ( 'NONE', #383, #1473 ) ;
#777 = FACE_OUTER_BOUND ( 'NONE', #1023, .T. ) ;
#778 = EDGE_LOOP ( 'NONE', ( #1687, #2062, #3931, #2242 ) ) ;
#779 = SHAPE_REPRESENTATION ( '26_CO_rear_shockbar_bottombrace', ( #1106 ), #4018 ) ;
#780 = DIRECTION ( 'NONE',  ( -0.000000000000000000, -0.000000000000000000, -1.000000000000000000 ) ) ;
#781 = ORIENTED_EDGE ( 'NONE', *, *, #3634, .T. ) ;
#782 = SURFACE_SIDE_STYLE ('',( #709 ) ) ;
#783 = CARTESIAN_POINT ( 'NONE',  ( -1.187500000000001776, 0.01690925917109114066, 0.4780100905572086112 ) ) ;
#784 = CARTESIAN_POINT ( 'NONE',  ( -1.187500000000001776, -0.5000000000000007772, 1.120000000000001217 ) ) ;
#785 = DIRECTION ( 'NONE',  ( -1.000000000000000000, 1.224646799147353207E-16, -0.000000000000000000 ) ) ;
#786 = VERTEX_POINT ( 'NONE', #3378 ) ;
#787 = ORIENTED_EDGE ( 'NONE', *, *, #3235, .F. ) ;
#788 = CARTESIAN_POINT ( 'NONE',  ( -1.187500000000001998, -0.9646363203188079716, 0.5624999999999976685 ) ) ;
#789 = VERTEX_POINT ( 'NONE', #3316 ) ;
#790 = EDGE_CURVE ( 'NONE', #1991, #3783, #417, .T. ) ;
#791 = FACE_OUTER_BOUND ( 'NONE', #1849, .T. ) ;
#792 = PLANE ( 'NONE',  #2667 ) ;
#793 = ORIENTED_EDGE ( 'NONE', *, *, #754, .F. ) ;
#794 = ORIENTED_EDGE ( 'NONE', *, *, #1642, .T. ) ;
#795 =( CONVERSION_BASED_UNIT ( 'INCH', #2436 ) LENGTH_UNIT ( ) NAMED_UNIT ( #2649 ) );
#796 = ADVANCED_FACE ( 'NONE', ( #2690 ), #3969, .T. ) ;
#797 = CARTESIAN_POINT ( 'NONE',  ( -0.2518750000000007927, 1.057817679043635106, 0.7500000000000015543 ) ) ;
#798 = CARTESIAN_POINT ( 'NONE',  ( -0.2518750000000007372, 1.468167046811732268, 0.9768915831120246196 ) ) ;
#799 = EDGE_CURVE ( 'NONE', #871, #82, #2909, .T. ) ;
#800 = LINE ( 'NONE', #3645, #3399 ) ;
#801 = DIRECTION ( 'NONE',  ( 1.000000000000000000, -1.224646799147353207E-16, -0.000000000000000000 ) ) ;
#802 = DIRECTION ( 'NONE',  ( -0.000000000000000000, 8.364472971543246491E-15, -1.000000000000000000 ) ) ;
#803 = ORIENTED_EDGE ( 'NONE', *, *, #235, .F. ) ;
#804 = FACE_OUTER_BOUND ( 'NONE', #253, .T. ) ;
#805 = VERTEX_POINT ( 'NONE', #3110 ) ;
#806 = PLANE ( 'NONE',  #3549 ) ;
#807 = FACE_OUTER_BOUND ( 'NONE', #1661, .T. ) ;
#808 = ADVANCED_FACE ( 'NONE', ( #1516 ), #1845, .F. ) ;
#809 = CARTESIAN_POINT ( 'NONE',  ( 3.655667139478286476, 1.790712062319987030, 4.251842231245662518 ) ) ;
#810 = ORIENTED_EDGE ( 'NONE', *, *, #2193, .T. ) ;
#811 = CARTESIAN_POINT ( 'NONE',  ( 0.000000000000000000, 0.000000000000000000, 0.000000000000000000 ) ) ;
#812 = CARTESIAN_POINT ( 'NONE',  ( 0.5244999999999999662, -0.01500000000000004455, 7.000000000000000000 ) ) ;
#813 = VERTEX_POINT ( 'NONE', #589 ) ;
#814 = EDGE_CURVE ( 'NONE', #1893, #4065, #2256, .T. ) ;
#815 = LINE ( 'NONE', #580, #3474 ) ;
#816 = EDGE_LOOP ( 'NONE', ( #3946, #3604, #195, #736 ) ) ;
#817 = CARTESIAN_POINT ( 'NONE',  ( 3.757567139478287022, 3.343529741363622243, 3.814342231245662962 ) ) ;
#818 = EDGE_CURVE ( 'NONE', #2953, #3828, #2184, .T. ) ;
#819 = CARTESIAN_POINT ( 'NONE',  ( 3.757567139478286133, 1.790712062319987030, 4.189342231245662518 ) ) ;
#820 =( REPRESENTATION_RELATIONSHIP ('NONE','NONE', #196, #2895 ) REPRESENTATION_RELATIONSHIP_WITH_TRANSFORMATION ( #2579 )SHAPE_REPRESENTATION_RELATIONSHIP( ) );
#821 = CARTESIAN_POINT ( 'NONE',  ( -1.187500000000001776, 0.4949000000000008392, 1.023200000000001220 ) ) ;
#822 = CARTESIAN_POINT ( 'NONE',  ( -1.125000000000001998, 0.4508355833577848415, 0.3963410318450671932 ) ) ;
#823 = VERTEX_POINT ( 'NONE', #1537 ) ;
#824 = AXIS2_PLACEMENT_3D ( 'NONE', #3898, #3231, #1065 ) ;
#825 = VECTOR ( 'NONE', #2185, 39.37007874015748143 ) ;
#826 = PRODUCT ( '26_CO_rear_shock_bar_asm', '26_CO_rear_shock_bar_asm', '', ( #2166 ) ) ;
#827 = DIRECTION ( 'NONE',  ( 1.000000000000000000, -1.224646799147353207E-16, -0.000000000000000000 ) ) ;
#828 = EDGE_LOOP ( 'NONE', ( #1386, #3767, #2683, #1632 ) ) ;
#829 = CARTESIAN_POINT ( 'NONE',  ( -0.5544999999999998819, -0.01500000000000001159, 7.000000000000000000 ) ) ;
#830 = VECTOR ( 'NONE', #268, 39.37007874015748854 ) ;
#831 = DIRECTION ( 'NONE',  ( -1.138269997360108984E-15, -1.000000000000000000, 0.000000000000000000 ) ) ;
#832 = ORIENTED_EDGE ( 'NONE', *, *, #2520, .T. ) ;
#833 = AXIS2_PLACEMENT_3D ( 'NONE', #916, #254, #1220 ) ;
#834 = VECTOR ( 'NONE', #1905, 39.37007874015748143 ) ;
#835 = DIRECTION ( 'NONE',  ( 1.000000000000000000, -1.224646799147353207E-16, -0.000000000000000000 ) ) ;
#836 = LINE ( 'NONE', #2075, #3726 ) ;
#837 = ORIENTED_EDGE ( 'NONE', *, *, #1575, .F. ) ;
#838 = VECTOR ( 'NONE', #881, 39.37007874015748143 ) ;
#839 = CARTESIAN_POINT ( 'NONE',  ( -1.187500000000001998, -0.4646363203188058622, 0.5624999999999976685 ) ) ;
#840 = DIRECTION ( 'NONE',  ( 0.000000000000000000, -0.000000000000000000, -1.000000000000000000 ) ) ;
#841 = VERTEX_POINT ( 'NONE', #3739 ) ;
#842 = CARTESIAN_POINT ( 'NONE',  ( -0.5544999999999998819, 0.2349999999999999867, 7.000000000000000000 ) ) ;
#843 = FACE_OUTER_BOUND ( 'NONE', #2392, .T. ) ;
#844 = EDGE_CURVE ( 'NONE', #2179, #1189, #912, .T. ) ;
#845 = AXIS2_PLACEMENT_3D ( 'NONE', #3679, #831, #4041 ) ;
#846 = CARTESIAN_POINT ( 'NONE',  ( -1.125000000000001998, 0.4949000000000008392, 1.023200000000001220 ) ) ;
#847 = DIRECTION ( 'NONE',  ( 1.000000000000000000, -1.224646799147353207E-16, -0.000000000000000000 ) ) ;
#848 = ORIENTED_EDGE ( 'NONE', *, *, #2681, .T. ) ;
#849 = ADVANCED_FACE ( 'NONE', ( #952 ), #2154, .T. ) ;
#850 = APPLICATION_CONTEXT ( 'automotive_design' ) ;
#851 = CARTESIAN_POINT ( 'NONE',  ( -1.187500000000001776, -0.4949000000000005617, 0.1018000000000005428 ) ) ;
#852 = VERTEX_POINT ( 'NONE', #4053 ) ;
#853 = PLANE ( 'NONE',  #1294 ) ;
#854 = CARTESIAN_POINT ( 'NONE',  ( 3.757567139478286133, 1.061882313482412465, 3.409562979451883802 ) ) ;
#855 = ORIENTED_EDGE ( 'NONE', *, *, #867, .T. ) ;
#856 = FACE_OUTER_BOUND ( 'NONE', #3126, .T. ) ;
#857 = ORIENTED_EDGE ( 'NONE', *, *, #3131, .T. ) ;
#858 = EDGE_LOOP ( 'NONE', ( #3298, #2069 ) ) ;
#859 = DIRECTION ( 'NONE',  ( 1.204518515724980495E-16, 1.000000000000000000, 0.000000000000000000 ) ) ;
#860 = CARTESIAN_POINT ( 'NONE',  ( -1.125000000000001998, -0.4949000000000005617, 0.1018000000000005428 ) ) ;
#861 = CARTESIAN_POINT ( 'NONE',  ( -0.5544999999999998819, -0.01500000000000001159, -7.000000000000000000 ) ) ;
#862 = CARTESIAN_POINT ( 'NONE',  ( 3.655667139478286476, 1.530712062319987021, 4.251842231245662518 ) ) ;
#863 = ADVANCED_FACE ( 'NONE', ( #1216 ), #606, .F. ) ;
#864 = DIRECTION ( 'NONE',  ( -0.000000000000000000, -1.365923996832131964E-14, -1.000000000000000000 ) ) ;
#865 = CARTESIAN_POINT ( 'NONE',  ( -1.125000000000001998, 0.01690925917109138352, 0.6469899094427934427 ) ) ;
#866 = ORIENTED_EDGE ( 'NONE', *, *, #78, .T. ) ;
#867 = EDGE_CURVE ( 'NONE', #3396, #1699, #934, .T. ) ;
#868 = EDGE_LOOP ( 'NONE', ( #2384, #732, #299, #1021 ) ) ;
#869 = CARTESIAN_POINT ( 'NONE',  ( 3.757567139478286133, 1.227894383276352475, 3.814342231245662962 ) ) ;
#870 = DIRECTION ( 'NONE',  ( 1.000000000000000000, -1.224646799147353207E-16, -0.000000000000000000 ) ) ;
#871 = VERTEX_POINT ( 'NONE', #3133 ) ;
#872 = CARTESIAN_POINT ( 'NONE',  ( -0.2518750000000007372, 1.263817679043635067, 0.7500000000000015543 ) ) ;
#873 = EDGE_CURVE ( 'NONE', #2883, #2548, #1563, .T. ) ;
#874 =( NAMED_UNIT ( * ) SI_UNIT ( $, .STERADIAN. ) SOLID_ANGLE_UNIT ( ) );
#875 = VERTEX_POINT ( 'NONE', #2750 ) ;
#876 = ORIENTED_EDGE ( 'NONE', *, *, #2776, .T. ) ;
#877 = DIRECTION ( 'NONE',  ( -1.000000000000000000, 0.000000000000000000, 0.000000000000000000 ) ) ;
#878 = ORIENTED_EDGE ( 'NONE', *, *, #844, .F. ) ;
#879 = CARTESIAN_POINT ( 'NONE',  ( -0.5544999999999998819, -0.01500000000000001159, -7.000000000000000000 ) ) ;
#880 = VECTOR ( 'NONE', #802, 39.37007874015748143 ) ;
#881 = DIRECTION ( 'NONE',  ( -1.000000000000000000, 1.224646799147353207E-16, -0.000000000000000000 ) ) ;
#882 = CARTESIAN_POINT ( 'NONE',  ( 0.3345000000000000195, -0.2049999999999999878, -7.000000000000000000 ) ) ;
#883 = ORIENTED_EDGE ( 'NONE', *, *, #4085, .F. ) ;
#884 = EDGE_CURVE ( 'NONE', #3357, #2702, #3640, .T. ) ;
#885 = ORIENTED_EDGE ( 'NONE', *, *, #1226, .F. ) ;
#886 = CARTESIAN_POINT ( 'NONE',  ( -1.187500000000001998, -0.9646363203188079716, 0.5624999999999976685 ) ) ;
#887 = DIRECTION ( 'NONE',  ( 1.224646799147353207E-16, 1.000000000000000000, 0.000000000000000000 ) ) ;
#888 = EDGE_LOOP ( 'NONE', ( #2554, #2365, #1366, #922 ) ) ;
#889 = AXIS2_PLACEMENT_3D ( 'NONE', #1576, #31, #3440 ) ;
#890 = ADVANCED_FACE ( 'NONE', ( #1821 ), #3729, .F. ) ;
#891 = VECTOR ( 'NONE', #3749, 39.37007874015748143 ) ;
#892 = VECTOR ( 'NONE', #1138, 39.37007874015748143 ) ;
#893 = FACE_OUTER_BOUND ( 'NONE', #654, .T. ) ;
#894 = LENGTH_MEASURE_WITH_UNIT ( LENGTH_MEASURE( 0.02539999999999999897 ), #1770 );
#895 = ORIENTED_EDGE ( 'NONE', *, *, #553, .T. ) ;
#896 = VERTEX_POINT ( 'NONE', #1726 ) ;
#897 = DIRECTION ( 'NONE',  ( 1.000000000000000000, 0.000000000000000000, 0.000000000000000000 ) ) ;
#898 = VECTOR ( 'NONE', #3632, 39.37007874015748143 ) ;
#899 = AXIS2_PLACEMENT_3D ( 'NONE', #1755, #3018, #1510 ) ;
#900 = EDGE_CURVE ( 'NONE', #1068, #1111, #238, .T. ) ;
#901 = CARTESIAN_POINT ( 'NONE',  ( 3.757567139478286133, 1.530712062319987021, 4.189342231245662518 ) ) ;
#902 = VECTOR ( 'NONE', #3000, 39.37007874015748143 ) ;
#903 = DIRECTION ( 'NONE',  ( 1.000000000000000000, 0.000000000000000000, 0.000000000000000000 ) ) ;
#904 = VECTOR ( 'NONE', #3636, 39.37007874015748854 ) ;
#905 = VERTEX_POINT ( 'NONE', #1797 ) ;
#906 = LINE ( 'NONE', #306, #1999 ) ;
#907 =( REPRESENTATION_RELATIONSHIP ('NONE','NONE', #196, #3004 ) REPRESENTATION_RELATIONSHIP_WITH_TRANSFORMATION ( #737 )SHAPE_REPRESENTATION_RELATIONSHIP( ) );
#908 = AXIS2_PLACEMENT_3D ( 'NONE', #3040, #1730, #3398 ) ;
#909 = CARTESIAN_POINT ( 'NONE',  ( -0.1658750000000011326, -2.075993629146510422, 0.1928812930436655249 ) ) ;
#910 = AXIS2_PLACEMENT_3D ( 'NONE', #3123, #3103, #1552 ) ;
#911 = PLANE ( 'NONE',  #443 ) ;
#912 = LINE ( 'NONE', #4078, #2783 ) ;
#913 = VERTEX_POINT ( 'NONE', #3083 ) ;
#914 = VECTOR ( 'NONE', #3633, 39.37007874015748143 ) ;
#915 = ORIENTED_EDGE ( 'NONE', *, *, #3164, .T. ) ;
#916 = CARTESIAN_POINT ( 'NONE',  ( -0.1658749999999999114, 8.332817679043639458, -1.092739197465705287E-15 ) ) ;
#917 = CARTESIAN_POINT ( 'NONE',  ( 3.655667139478286920, 3.040712062319987030, 4.251842231245662518 ) ) ;
#918 = ORIENTED_EDGE ( 'NONE', *, *, #3979, .T. ) ;
#919 = DIRECTION ( 'NONE',  ( 1.224646799147353207E-16, 1.000000000000000000, 0.000000000000000000 ) ) ;
#920 = VECTOR ( 'NONE', #455, 39.37007874015748143 ) ;
#921 = DIRECTION ( 'NONE',  ( -1.000000000000000000, 1.224646799147353454E-16, 0.000000000000000000 ) ) ;
#922 = ORIENTED_EDGE ( 'NONE', *, *, #2389, .T. ) ;
#923 = ORIENTED_EDGE ( 'NONE', *, *, #1024, .F. ) ;
#924 = EDGE_CURVE ( 'NONE', #3325, #2195, #1277, .T. ) ;
#925 = APPLICATION_PROTOCOL_DEFINITION ( 'draft international standard', 'automotive_design', 1998, #2737 ) ;
#926 = DIRECTION ( 'NONE',  ( -1.000000000000000000, 1.224646799147353207E-16, -0.000000000000000000 ) ) ;
#927 = CARTESIAN_POINT ( 'NONE',  ( -1.125000000000001998, -0.3146249791965780584, 0.8300000000000030687 ) ) ;
#928 = ORIENTED_EDGE ( 'NONE', *, *, #3439, .T. ) ;
#929 = EDGE_CURVE ( 'NONE', #789, #2917, #2456, .T. ) ;
#930 = CARTESIAN_POINT ( 'NONE',  ( -0.1658750000000007996, 1.025108929193149887, 1.217756915286110742 ) ) ;
#931 = LINE ( 'NONE', #1534, #830 ) ;
#932 = EDGE_CURVE ( 'NONE', #1631, #2258, #3058, .T. ) ;
#933 = CARTESIAN_POINT ( 'NONE',  ( -1.187500000000001998, -0.4888948972067503895, 0.7163508964397530265 ) ) ;
#934 = LINE ( 'NONE', #2174, #1018 ) ;
#935 = LINE ( 'NONE', #629, #3060 ) ;
#936 = ORIENTED_EDGE ( 'NONE', *, *, #1741, .F. ) ;
#937 = CARTESIAN_POINT ( 'NONE',  ( -0.2518750000000011813, -2.075993629146510422, 0.1928812930436655249 ) ) ;
#938 = DIRECTION ( 'NONE',  ( 1.000000000000000000, -1.224646799147353207E-16, -0.000000000000000000 ) ) ;
#939 = ORIENTED_EDGE ( 'NONE', *, *, #3617, .F. ) ;
#940 = FACE_OUTER_BOUND ( 'NONE', #1658, .T. ) ;
#941 = CARTESIAN_POINT ( 'NONE',  ( 3.757567139478287022, 2.665168221848992491, 3.063260132605701180 ) ) ;
#942 = ORIENTED_EDGE ( 'NONE', *, *, #3032, .T. ) ;
#943 = EDGE_LOOP ( 'NONE', ( #734, #533, #787, #3498 ) ) ;
#944 = CARTESIAN_POINT ( 'NONE',  ( 3.655667139478286476, 2.285712062319987137, 3.064342231245660741 ) ) ;
#945 = EDGE_CURVE ( 'NONE', #3334, #1785, #263, .T. ) ;
#946 = CARTESIAN_POINT ( 'NONE',  ( -1.187500000000001998, -0.7500000000000009992, 1.000000000000001332 ) ) ;
#947 = ORIENTED_EDGE ( 'NONE', *, *, #62, .T. ) ;
#948 = LINE ( 'NONE', #603, #3603 ) ;
#949 = EDGE_CURVE ( 'NONE', #1956, #3325, #1489, .T. ) ;
#950 = AXIS2_PLACEMENT_3D ( 'NONE', #288, #2793, #3760 ) ;
#951 = DIRECTION ( 'NONE',  ( -4.646997711839432820E-17, -0.3794561595290049105, 0.9252097183857821427 ) ) ;
#952 = FACE_OUTER_BOUND ( 'NONE', #1312, .T. ) ;
#953 = EDGE_CURVE ( 'NONE', #2431, #106, #25, .T. ) ;
#954 = CARTESIAN_POINT ( 'NONE',  ( -0.1658749999999998836, 8.521817679043639515, -1.069593372961820351E-15 ) ) ;
#955 = ORIENTED_EDGE ( 'NONE', *, *, #688, .F. ) ;
#956 = CARTESIAN_POINT ( 'NONE',  ( -0.1658749999999999114, 8.332817679043639458, -1.092739197465705287E-15 ) ) ;
#957 = DIRECTION ( 'NONE',  ( 0.000000000000000000, 1.000000000000000000, 0.000000000000000000 ) ) ;
#958 = ORIENTED_EDGE ( 'NONE', *, *, #1819, .T. ) ;
#959 = PLANE ( 'NONE',  #237 ) ;
#960 = FACE_OUTER_BOUND ( 'NONE', #442, .T. ) ;
#961 = ORIENTED_EDGE ( 'NONE', *, *, #623, .F. ) ;
#962 = EDGE_LOOP ( 'NONE', ( #3372, #773, #1540, #657 ) ) ;
#963 = DIRECTION ( 'NONE',  ( 1.000000000000000000, 0.000000000000000000, 0.000000000000000000 ) ) ;
#964 = VECTOR ( 'NONE', #13, 39.37007874015748143 ) ;
#965 =( CONVERSION_BASED_UNIT ( 'INCH', #1918 ) LENGTH_UNIT ( ) NAMED_UNIT ( #2338 ) );
#966 = FACE_OUTER_BOUND ( 'NONE', #4027, .T. ) ;
#967 = ORIENTED_EDGE ( 'NONE', *, *, #1969, .F. ) ;
#968 = CIRCLE ( 'NONE', #3266, 0.2039999999999995151 ) ;
#969 = LINE ( 'NONE', #34, #1302 ) ;
#970 = AXIS2_PLACEMENT_3D ( 'NONE', #95, #491, #3903 ) ;
#971 = VECTOR ( 'NONE', #1709, 39.37007874015748143 ) ;
#972 = CIRCLE ( 'NONE', #2603, 0.5000000000000021094 ) ;
#973 = FACE_OUTER_BOUND ( 'NONE', #729, .T. ) ;
#974 = DIRECTION ( 'NONE',  ( -1.000000000000000000, 1.224646799147353207E-16, 0.000000000000000000 ) ) ;
#975 = EDGE_CURVE ( 'NONE', #3978, #636, #3727, .T. ) ;
#976 = VECTOR ( 'NONE', #3087, 39.37007874015748143 ) ;
#977 = DIRECTION ( 'NONE',  ( 0.000000000000000000, 1.000000000000000000, -2.170717659354551568E-15 ) ) ;
#978 = EDGE_LOOP ( 'NONE', ( #1925, #2760, #2716, #895 ) ) ;
#979 = CARTESIAN_POINT ( 'NONE',  ( -1.187500000000001776, -0.5000000000000007772, 0.1018000000000005428 ) ) ;
#980 = DIRECTION ( 'NONE',  ( -1.000000000000000000, 1.224646799147353207E-16, 0.000000000000000000 ) ) ;
#981 = ORIENTED_EDGE ( 'NONE', *, *, #708, .T. ) ;
#982 = EDGE_CURVE ( 'NONE', #3095, #905, #761, .T. ) ;
#983 = AXIS2_PLACEMENT_3D ( 'NONE', #1820, #4066, #2144 ) ;
#984 = CARTESIAN_POINT ( 'NONE',  ( -0.1658750000000007996, 1.057817679043635106, 0.7500000000000015543 ) ) ;
#985 = UNCERTAINTY_MEASURE_WITH_UNIT (LENGTH_MEASURE( 1.000000000000000082E-05 ), #197, 'distance_accuracy_value', 'NONE');
#986 = DIRECTION ( 'NONE',  ( 1.000000000000000000, -1.224646799147353207E-16, -0.000000000000000000 ) ) ;
#987 = EDGE_LOOP ( 'NONE', ( #602, #848, #2493, #793 ) ) ;
#988 = VERTEX_POINT ( 'NONE', #2686 ) ;
#989 = EDGE_CURVE ( 'NONE', #3488, #500, #2792, .T. ) ;
#990 = DIRECTION ( 'NONE',  ( 1.000000000000000000, -1.224646799147353207E-16, -0.000000000000000000 ) ) ;
#991 = LINE ( 'NONE', #3174, #2219 ) ;
#992 = ORIENTED_EDGE ( 'NONE', *, *, #3936, .F. ) ;
#993 = CARTESIAN_POINT ( 'NONE',  ( -0.1658749999999999114, 8.332817679043639458, -1.092739197465705287E-15 ) ) ;
#994 = DIRECTION ( 'NONE',  ( -0.000000000000000000, -1.000000000000000000, -0.000000000000000000 ) ) ;
#995 = CARTESIAN_POINT ( 'NONE',  ( -1.187500000000001776, 0.7500000000000009992, 1.120000000000001217 ) ) ;
#996 = MANIFOLD_SOLID_BREP ( 'Boss-Extrude1', #2550 ) ;
#997 = EDGE_CURVE ( 'NONE', #1263, #2404, #2923, .T. ) ;
#998 = ORIENTED_EDGE ( 'NONE', *, *, #1007, .T. ) ;
#999 = DIRECTION ( 'NONE',  ( 1.000000000000000000, -1.224646799147353207E-16, -0.000000000000000000 ) ) ;
#1000 = PLANE ( 'NONE',  #1374 ) ;
#1001 = ORIENTED_EDGE ( 'NONE', *, *, #2016, .F. ) ;
#1002 = EDGE_CURVE ( 'NONE', #813, #3371, #4069, .T. ) ;
#1003 = FACE_OUTER_BOUND ( 'NONE', #515, .T. ) ;
#1004 = VERTEX_POINT ( 'NONE', #683 ) ;
#1005 = VERTEX_POINT ( 'NONE', #281 ) ;
#1006 = ITEM_DEFINED_TRANSFORMATION ( 'NONE', 'NONE', #910,  #1106 ) ;
#1007 = EDGE_CURVE ( 'NONE', #1005, #1582, #1290, .T. ) ;
#1008 = DIRECTION ( 'NONE',  ( -2.731847993664263218E-16, 1.000000000000000000, 0.000000000000000000 ) ) ;
#1009 = DIRECTION ( 'NONE',  ( 0.000000000000000000, 2.276539994720220335E-15, 1.000000000000000000 ) ) ;
#1010 = DIRECTION ( 'NONE',  ( -1.000000000000000000, 1.224646799147353207E-16, 0.000000000000000000 ) ) ;
#1011 = MANIFOLD_SOLID_BREP ( 'Boss-Extrude1', #3010 ) ;
#1012 = ADVANCED_BREP_SHAPE_REPRESENTATION ( '', ( #3653, #1106 ), #3076 ) ;
#1013 = CARTESIAN_POINT ( 'NONE',  ( 0.3345000000000000751, -0.01500000000000001159, 7.000000000000000000 ) ) ;
#1014 = VERTEX_POINT ( 'NONE', #618 ) ;
#1015 = CARTESIAN_POINT ( 'NONE',  ( -1.187500000000001776, 0.6499999999999986899, 0.2066503323926765501 ) ) ;
#1016 = CARTESIAN_POINT ( 'NONE',  ( -1.125000000000001998, -0.3315342383676663784, 0.7937498006311036747 ) ) ;
#1017 = EDGE_LOOP ( 'NONE', ( #2566, #2048, #2515, #2678 ) ) ;
#1018 = VECTOR ( 'NONE', #1865, 39.37007874015748143 ) ;
#1019 = EDGE_CURVE ( 'NONE', #2940, #1582, #3172, .T. ) ;
#1020 = CARTESIAN_POINT ( 'NONE',  ( -1.187500000000001776, 0.7500000000000009992, 0.005000000000000543940 ) ) ;
#1021 = ORIENTED_EDGE ( 'NONE', *, *, #1175, .T. ) ;
#1022 = DIRECTION ( 'NONE',  ( 1.000000000000000000, -1.224646799147353207E-16, -0.000000000000000000 ) ) ;
#1023 = EDGE_LOOP ( 'NONE', ( #3408, #1877, #607, #876 ) ) ;
#1024 = EDGE_CURVE ( 'NONE', #3186, #3381, #641, .T. ) ;
#1025 = CARTESIAN_POINT ( 'NONE',  ( -0.1658750000000007163, 1.468167046811732268, 0.9768915831120246196 ) ) ;
#1026 = CARTESIAN_POINT ( 'NONE',  ( -1.187500000000001998, -0.7162392253302758416, 0.8434339481110404435 ) ) ;
#1027 = CYLINDRICAL_SURFACE ( 'NONE', #3483, 0.03999999999999998002 ) ;
#1028 = COLOUR_RGB ( '',0.7921568627450980005, 0.8196078431372548767, 0.9333333333333333481 ) ;
#1029 = ADVANCED_FACE ( 'NONE', ( #302 ), #2813, .T. ) ;
#1030 = VECTOR ( 'NONE', #1242, 39.37007874015748143 ) ;
#1031 = DIRECTION ( 'NONE',  ( 0.000000000000000000, 1.000000000000000000, 0.000000000000000000 ) ) ;
#1032 = CIRCLE ( 'NONE', #3329, 0.1889999999999995295 ) ;
#1033 =( NAMED_UNIT ( * ) PLANE_ANGLE_UNIT ( ) SI_UNIT ( $, .RADIAN. ) );
#1034 = ADVANCED_FACE ( 'NONE', ( #843 ), #2787, .F. ) ;
#1035 = AXIS2_PLACEMENT_3D ( 'NONE', #2884, #2513, #3140 ) ;
#1036 = VECTOR ( 'NONE', #1634, 39.37007874015748143 ) ;
#1037 = DIRECTION ( 'NONE',  ( 1.000000000000000000, 0.000000000000000000, -0.000000000000000000 ) ) ;
#1038 = AXIS2_PLACEMENT_3D ( 'NONE', #1676, #2938, #2322 ) ;
#1039 = ORIENTED_EDGE ( 'NONE', *, *, #3936, .T. ) ;
#1040 = FACE_OUTER_BOUND ( 'NONE', #1707, .T. ) ;
#1041 = FACE_OUTER_BOUND ( 'NONE', #6, .T. ) ;
#1042 = ORIENTED_EDGE ( 'NONE', *, *, #3855, .T. ) ;
#1043 = CIRCLE ( 'NONE', #2215, 0.5000000000000021094 ) ;
#1044 = CARTESIAN_POINT ( 'NONE',  ( -0.2518750000000006817, 2.075993629146510422, 0.1928812930436655249 ) ) ;
#1045 = ORIENTED_EDGE ( 'NONE', *, *, #1024, .T. ) ;
#1046 = ORIENTED_EDGE ( 'NONE', *, *, #3241, .T. ) ;
#1047 = CARTESIAN_POINT ( 'NONE',  ( -1.187500000000001998, -0.7500000000000007772, 1.120000000000001217 ) ) ;
#1048 = EDGE_CURVE ( 'NONE', #2118, #1585, #3152, .T. ) ;
#1049 = VECTOR ( 'NONE', #1200, 39.37007874015748143 ) ;
#1050 = CARTESIAN_POINT ( 'NONE',  ( -1.125000000000001998, 2.818351971719096308E-16, 0.6832401088116917265 ) ) ;
#1051 = DIRECTION ( 'NONE',  ( 0.000000000000000000, 1.000000000000000000, 0.000000000000000000 ) ) ;
#1052 = ADVANCED_FACE ( 'NONE', ( #3814 ), #2521, .F. ) ;
#1053 = CIRCLE ( 'NONE', #726, 0.1000000000000000194 ) ;
#1054 = EDGE_CURVE ( 'NONE', #2623, #786, #55, .T. ) ;
#1055 = FACE_OUTER_BOUND ( 'NONE', #324, .T. ) ;
#1056 = VERTEX_POINT ( 'NONE', #3287 ) ;
#1057 = CARTESIAN_POINT ( 'NONE',  ( 3.757567139478287022, 3.343529741363622243, 3.814342231245662962 ) ) ;
#1058 = DIMENSIONAL_EXPONENTS ( 1.000000000000000000, 0.000000000000000000, 0.000000000000000000, 0.000000000000000000, 0.000000000000000000, 0.000000000000000000, 0.000000000000000000 ) ;
#1059 = DIRECTION ( 'NONE',  ( 0.000000000000000000, -6.691578377234097528E-15, -1.000000000000000000 ) ) ;
#1060 = ORIENTED_EDGE ( 'NONE', *, *, #3057, .F. ) ;
#1061 = CARTESIAN_POINT ( 'NONE',  ( -0.1658750000000007996, 1.025108929193149887, 1.217756915286110742 ) ) ;
#1062 = ORIENTED_EDGE ( 'NONE', *, *, #3675, .T. ) ;
#1063 = DIRECTION ( 'NONE',  ( -1.000000000000000000, 0.000000000000000000, 0.000000000000000000 ) ) ;
#1064 = PRODUCT_CONTEXT ( 'NONE', #2655, 'mechanical' ) ;
#1065 = DIRECTION ( 'NONE',  ( 0.000000000000000000, -1.000000000000000000, 0.000000000000000000 ) ) ;
#1066 = LINE ( 'NONE', #3271, #2545 ) ;
#1067 = EDGE_CURVE ( 'NONE', #1805, #759, #421, .T. ) ;
#1068 = VERTEX_POINT ( 'NONE', #2295 ) ;
#1069 = LINE ( 'NONE', #1087, #2799 ) ;
#1070 = EDGE_CURVE ( 'NONE', #3388, #3201, #2462, .T. ) ;
#1071 = DIRECTION ( 'NONE',  ( -1.000000000000000000, 1.224646799147353207E-16, -0.000000000000000000 ) ) ;
#1072 = FACE_OUTER_BOUND ( 'NONE', #230, .T. ) ;
#1073 = ORIENTED_EDGE ( 'NONE', *, *, #3778, .F. ) ;
#1074 = PLANE ( 'NONE',  #2601 ) ;
#1075 = CARTESIAN_POINT ( 'NONE',  ( -1.187500000000001998, -0.6500000000000005773, 0.2066503323926765501 ) ) ;
#1076 = ORIENTED_EDGE ( 'NONE', *, *, #2812, .F. ) ;
#1077 = EDGE_CURVE ( 'NONE', #29, #1250, #2200, .T. ) ;
#1078 = DIRECTION ( 'NONE',  ( 0.000000000000000000, 1.000000000000000000, 0.000000000000000000 ) ) ;
#1079 = ORIENTED_EDGE ( 'NONE', *, *, #3880, .T. ) ;
#1080 = CIRCLE ( 'NONE', #2319, 0.03999999999999998002 ) ;
#1081 = LINE ( 'NONE', #3914, #301 ) ;
#1082 = DIRECTION ( 'NONE',  ( -1.224646799147353454E-16, -1.000000000000000000, 0.000000000000000000 ) ) ;
#1083 = ORIENTED_EDGE ( 'NONE', *, *, #1979, .F. ) ;
#1084 = ORIENTED_EDGE ( 'NONE', *, *, #2878, .T. ) ;
#1085 = CARTESIAN_POINT ( 'NONE',  ( 0.5545000000000001039, -0.01500000000000001159, -7.000000000000000000 ) ) ;
#1086 = ORIENTED_EDGE ( 'NONE', *, *, #2832, .F. ) ;
#1087 = CARTESIAN_POINT ( 'NONE',  ( -1.187500000000001776, 0.7499999999999986677, 0.2066503323926765501 ) ) ;
#1088 = PRESENTATION_LAYER_ASSIGNMENT (  '', '', ( #3655 ) ) ;
#1089 = AXIS2_PLACEMENT_3D ( 'NONE', #2346, #3606, #3295 ) ;
#1090 = AXIS2_PLACEMENT_3D ( 'NONE', #2036, #3580, #2646 ) ;
#1091 = DIRECTION ( 'NONE',  ( 1.000000000000000000, -1.224646799147353207E-16, -0.000000000000000000 ) ) ;
#1092 = CYLINDRICAL_SURFACE ( 'NONE', #1089, 0.03999999999999991757 ) ;
#1093 = EDGE_CURVE ( 'NONE', #1767, #3388, #1081, .T. ) ;
#1094 = CARTESIAN_POINT ( 'NONE',  ( -1.187500000000001776, -0.3146249791965780584, 0.2550000000000015588 ) ) ;
#1095 = DIRECTION ( 'NONE',  ( 0.000000000000000000, -1.000000000000000000, 0.000000000000000000 ) ) ;
#1096 = ORIENTED_EDGE ( 'NONE', *, *, #2619, .T. ) ;
#1097 = CIRCLE ( 'NONE', #3532, 0.005100000000000240626 ) ;
#1098 = CIRCLE ( 'NONE', #648, 0.4374999999999998890 ) ;
#1099 = AXIS2_PLACEMENT_3D ( 'NONE', #2648, #746, #2363 ) ;
#1100 = CIRCLE ( 'NONE', #2983, 0.4688991300000007190 ) ;
#1101 = ADVANCED_FACE ( 'NONE', ( #2657 ), #3230, .T. ) ;
#1102 = DIRECTION ( 'NONE',  ( 1.000000000000000000, -1.224646799147353207E-16, -0.000000000000000000 ) ) ;
#1103 = EDGE_LOOP ( 'NONE', ( #1265, #1362, #3168, #2621 ) ) ;
#1104 = AXIS2_PLACEMENT_3D ( 'NONE', #1688, #467, #2583 ) ;
#1105 = CARTESIAN_POINT ( 'NONE',  ( -0.2518749999999999045, 8.332817679043639458, 0.8505000000000009219 ) ) ;
#1106 = AXIS2_PLACEMENT_3D ( 'NONE', #3352, #1428, #1460 ) ;
#1107 = DIRECTION ( 'NONE',  ( 1.000000000000000000, -1.224646799147353207E-16, -0.000000000000000000 ) ) ;
#1108 = ORIENTED_EDGE ( 'NONE', *, *, #3170, .F. ) ;
#1109 =( LENGTH_UNIT ( ) NAMED_UNIT ( * ) SI_UNIT ( $, .METRE. ) );
#1110 = VECTOR ( 'NONE', #2110, 39.37007874015748143 ) ;
#1111 = VERTEX_POINT ( 'NONE', #1989 ) ;
#1112 = LINE ( 'NONE', #3623, #578 ) ;
#1113 = FILL_AREA_STYLE ('',( #2342 ) ) ;
#1114 = LINE ( 'NONE', #1130, #307 ) ;
#1115 = DIRECTION ( 'NONE',  ( 0.000000000000000000, 1.000000000000000000, 0.000000000000000000 ) ) ;
#1116 = DIRECTION ( 'NONE',  ( -1.365923996832129884E-16, -1.000000000000000000, 0.000000000000000000 ) ) ;
#1117 = VERTEX_POINT ( 'NONE', #3851 ) ;
#1118 = DIRECTION ( 'NONE',  ( 1.229331597148917709E-16, 1.000000000000000000, 0.000000000000000000 ) ) ;
#1119 = ORIENTED_EDGE ( 'NONE', *, *, #1619, .F. ) ;
#1120 = LINE ( 'NONE', #1972, #767 ) ;
#1121 = CARTESIAN_POINT ( 'NONE',  ( -1.125000000000001998, 0.3146249791965772258, 0.2550000000000001710 ) ) ;
#1122 = ORIENTED_EDGE ( 'NONE', *, *, #3032, .F. ) ;
#1123 = EDGE_CURVE ( 'NONE', #1699, #1004, #112, .T. ) ;
#1124 = CARTESIAN_POINT ( 'NONE',  ( -1.187500000000001998, -0.9646363203188079716, 0.5624999999999976685 ) ) ;
#1125 = LINE ( 'NONE', #4000, #2054 ) ;
#1126 = ORIENTED_EDGE ( 'NONE', *, *, #3546, .F. ) ;
#1127 = ADVANCED_FACE ( 'NONE', ( #1384 ), #3540, .F. ) ;
#1128 =( LENGTH_UNIT ( ) NAMED_UNIT ( * ) SI_UNIT ( $, .METRE. ) );
#1129 = ORIENTED_EDGE ( 'NONE', *, *, #390, .T. ) ;
#1130 = CARTESIAN_POINT ( 'NONE',  ( -1.187500000000001776, 0.5000000000000009992, 0.005000000000000543940 ) ) ;
#1131 = LINE ( 'NONE', #3402, #373 ) ;
#1132 = LINE ( 'NONE', #1760, #1977 ) ;
#1133 = ORIENTED_EDGE ( 'NONE', *, *, #272, .F. ) ;
#1134 = CARTESIAN_POINT ( 'NONE',  ( -0.1658750000000019653, -8.332817679043639458, 0.8505000000000020322 ) ) ;
#1135 = ORIENTED_EDGE ( 'NONE', *, *, #1796, .T. ) ;
#1136 = CARTESIAN_POINT ( 'NONE',  ( -0.1658750000000019653, -8.332817679043639458, 0.000000000000000000 ) ) ;
#1137 = LINE ( 'NONE', #2386, #1690 ) ;
#1138 = DIRECTION ( 'NONE',  ( -0.000000000000000000, 1.365923996832139222E-14, -1.000000000000000000 ) ) ;
#1139 = VECTOR ( 'NONE', #3695, 39.37007874015748143 ) ;
#1140 = CYLINDRICAL_SURFACE ( 'NONE', #3742, 0.1889999999999995295 ) ;
#1141 = ORIENTED_EDGE ( 'NONE', *, *, #3974, .F. ) ;
#1142 = ORIENTED_EDGE ( 'NONE', *, *, #3138, .F. ) ;
#1143 = EDGE_CURVE ( 'NONE', #3890, #2541, #755, .T. ) ;
#1144 = DIRECTION ( 'NONE',  ( 0.000000000000000000, 0.000000000000000000, -1.000000000000000000 ) ) ;
#1145 = ORIENTED_EDGE ( 'NONE', *, *, #2168, .F. ) ;
#1146 = CARTESIAN_POINT ( 'NONE',  ( -0.1658750000000011049, -1.263817679043634845, 0.7500000000000026645 ) ) ;
#1147 = EDGE_CURVE ( 'NONE', #3579, #2408, #2272, .T. ) ;
#1148 = LINE ( 'NONE', #1825, #2743 ) ;
#1149 = CARTESIAN_POINT ( 'NONE',  ( -1.125000000000001998, 0.5000000000000009992, 0.1018000000000005428 ) ) ;
#1150 = EDGE_CURVE ( 'NONE', #2149, #1004, #1974, .T. ) ;
#1151 = CARTESIAN_POINT ( 'NONE',  ( -1.125000000000001998, -0.05462271432538394478, 0.5625000000000009992 ) ) ;
#1152 = DIRECTION ( 'NONE',  ( -0.000000000000000000, -0.000000000000000000, 1.000000000000000000 ) ) ;
#1153 = ORIENTED_EDGE ( 'NONE', *, *, #42, .F. ) ;
#1154 = VECTOR ( 'NONE', #2234, 39.37007874015748143 ) ;
#1155 = CIRCLE ( 'NONE', #1993, 0.3749999999999999445 ) ;
#1156 = VECTOR ( 'NONE', #3761, 39.37007874015748143 ) ;
#1157 = CARTESIAN_POINT ( 'NONE',  ( -0.1658749999999999114, 8.332817679043639458, -0.8505000000000026983 ) ) ;
#1158 = VERTEX_POINT ( 'NONE', #2929 ) ;
#1159 = DIRECTION ( 'NONE',  ( 1.000000000000000000, -1.224646799147353207E-16, -0.000000000000000000 ) ) ;
#1160 = AXIS2_PLACEMENT_3D ( 'NONE', #3500, #1227, #1283 ) ;
#1161 = FACE_OUTER_BOUND ( 'NONE', #1526, .T. ) ;
#1162 = VERTEX_POINT ( 'NONE', #463 ) ;
#1163 = CIRCLE ( 'NONE', #4006, 0.005100000000000240626 ) ;
#1164 = CARTESIAN_POINT ( 'NONE',  ( -0.1658750000000011326, -1.831078121809923021, 0.3205414085530036705 ) ) ;
#1165 = FILL_AREA_STYLE ('',( #532 ) ) ;
#1166 = ORIENTED_EDGE ( 'NONE', *, *, #3855, .F. ) ;
#1167 = ORIENTED_EDGE ( 'NONE', *, *, #1150, .F. ) ;
#1168 = STYLED_ITEM ( 'NONE', ( #119 ), #3653 ) ;
#1169 = VECTOR ( 'NONE', #135, 39.37007874015748143 ) ;
#1170 = EDGE_CURVE ( 'NONE', #3389, #2562, #776, .T. ) ;
#1171 = DIRECTION ( 'NONE',  ( 1.000000000000000000, -1.224646799147353207E-16, -0.000000000000000000 ) ) ;
#1172 = CARTESIAN_POINT ( 'NONE',  ( -1.187500000000001776, 0.4339263241866951892, 0.7649091675238298693 ) ) ;
#1173 = ORIENTED_EDGE ( 'NONE', *, *, #2826, .T. ) ;
#1174 = CARTESIAN_POINT ( 'NONE',  ( -1.187500000000001776, -0.07771345515429375905, 0.5987501993688997270 ) ) ;
#1175 = EDGE_CURVE ( 'NONE', #3143, #2127, #1369, .T. ) ;
#1176 = DIRECTION ( 'NONE',  ( 1.000000000000000000, -1.224646799147353207E-16, -0.000000000000000000 ) ) ;
#1177 = DIRECTION ( 'NONE',  ( -1.657674753437052328E-16, -1.000000000000000000, 0.000000000000000000 ) ) ;
#1178 = CARTESIAN_POINT ( 'NONE',  ( -1.187500000000001776, 0.7499999999999993339, 0.1249999999999999029 ) ) ;
#1179 = ORIENTED_EDGE ( 'NONE', *, *, #3447, .T. ) ;
#1180 = ADVANCED_FACE ( 'NONE', ( #2638 ), #720, .F. ) ;
#1181 = CARTESIAN_POINT ( 'NONE',  ( -1.187500000000001776, -0.4949000000000005617, 0.1018000000000005428 ) ) ;
#1182 = ORIENTED_EDGE ( 'NONE', *, *, #1948, .T. ) ;
#1183 = CARTESIAN_POINT ( 'NONE',  ( -0.1658750000000008273, 0.8518176790436349233, 0.7500000000000015543 ) ) ;
#1184 = CARTESIAN_POINT ( 'NONE',  ( -1.187500000000001776, 0.7162392253302739542, 0.2815660518889546715 ) ) ;
#1185 = ORIENTED_EDGE ( 'NONE', *, *, #3662, .T. ) ;
#1186 = DIRECTION ( 'NONE',  ( -0.000000000000000000, -1.000000000000000000, -0.000000000000000000 ) ) ;
#1187 = CARTESIAN_POINT ( 'NONE',  ( -0.1658749999999999114, 8.332817679043639458, -1.092739197465705287E-15 ) ) ;
#1188 = VERTEX_POINT ( 'NONE', #2905 ) ;
#1189 = VERTEX_POINT ( 'NONE', #1701 ) ;
#1190 = CARTESIAN_POINT ( 'NONE',  ( -1.125000000000001998, 0.4508355833577858962, 0.7286589681549314745 ) ) ;
#1191 = DIRECTION ( 'NONE',  ( -1.000000000000000000, 1.224646799147353207E-16, -0.000000000000000000 ) ) ;
#1192 = ORIENTED_EDGE ( 'NONE', *, *, #3582, .T. ) ;
#1193 = CARTESIAN_POINT ( 'NONE',  ( -1.187500000000001776, -0.07771345515429382844, 0.5262498006311023824 ) ) ;
#1194 =( REPRESENTATION_RELATIONSHIP ('NONE','NONE', #196, #2895 ) REPRESENTATION_RELATIONSHIP_WITH_TRANSFORMATION ( #2563 )SHAPE_REPRESENTATION_RELATIONSHIP( ) );
#1195 = CARTESIAN_POINT ( 'NONE',  ( 3.655667139478286920, 3.139529741363622506, 3.814342231245662962 ) ) ;
#1196 = CARTESIAN_POINT ( 'NONE',  ( -1.125000000000001776, 0.7162392253302739542, 0.8434339481110404435 ) ) ;
#1197 = DIRECTION ( 'NONE',  ( -0.000000000000000000, 0.9252097183857821427, 0.3794561595290049105 ) ) ;
#1198 = VERTEX_POINT ( 'NONE', #2950 ) ;
#1199 = EDGE_CURVE ( 'NONE', #1899, #1339, #3393, .T. ) ;
#1200 = DIRECTION ( 'NONE',  ( -0.000000000000000000, -1.000000000000000000, -0.000000000000000000 ) ) ;
#1201 = ORIENTED_EDGE ( 'NONE', *, *, #1019, .F. ) ;
#1202 = DIRECTION ( 'NONE',  ( 1.000000000000000000, 5.104349763946681633E-17, -0.000000000000000000 ) ) ;
#1203 = DIRECTION ( 'NONE',  ( 0.000000000000000000, 1.000000000000000000, 0.000000000000000000 ) ) ;
#1204 = ORIENTED_EDGE ( 'NONE', *, *, #2795, .T. ) ;
#1205 = EDGE_CURVE ( 'NONE', #841, #127, #3861, .T. ) ;
#1206 = FACE_BOUND ( 'NONE', #3707, .T. ) ;
#1207 = VERTEX_POINT ( 'NONE', #872 ) ;
#1208 = EDGE_LOOP ( 'NONE', ( #1715, #4024, #2659, #3780 ) ) ;
#1209 = CARTESIAN_POINT ( 'NONE',  ( -0.1658750000000019653, -8.332817679043639458, 0.000000000000000000 ) ) ;
#1210 = CARTESIAN_POINT ( 'NONE',  ( -1.187500000000001776, -0.4949000000000005617, 1.023200000000001220 ) ) ;
#1211 = ORIENTED_EDGE ( 'NONE', *, *, #3589, .T. ) ;
#1212 = DIRECTION ( 'NONE',  ( 5.463695987328526437E-16, 1.000000000000000000, -0.000000000000000000 ) ) ;
#1213 = VECTOR ( 'NONE', #1197, 39.37007874015748143 ) ;
#1214 = LINE ( 'NONE', #1468, #2406 ) ;
#1215 = DIRECTION ( 'NONE',  ( 1.224646799147353207E-16, 1.000000000000000000, 0.000000000000000000 ) ) ;
#1216 = FACE_OUTER_BOUND ( 'NONE', #3913, .T. ) ;
#1217 = ORIENTED_EDGE ( 'NONE', *, *, #3285, .F. ) ;
#1218 = EDGE_CURVE ( 'NONE', #2118, #3067, #1155, .T. ) ;
#1219 = ORIENTED_EDGE ( 'NONE', *, *, #3798, .T. ) ;
#1220 = DIRECTION ( 'NONE',  ( -1.806777773587480111E-16, -1.000000000000000000, 0.000000000000000000 ) ) ;
#1221 = CARTESIAN_POINT ( 'NONE',  ( 3.757567139478286133, 1.530712062319987021, 4.189342231245662518 ) ) ;
#1222 = ORIENTED_EDGE ( 'NONE', *, *, #2674, .F. ) ;
#1223 = AXIS2_PLACEMENT_3D ( 'NONE', #1686, #3879, #2907 ) ;
#1224 = VECTOR ( 'NONE', #3789, 39.37007874015748143 ) ;
#1225 = CIRCLE ( 'NONE', #1734, 0.5000000000000021094 ) ;
#1226 = EDGE_CURVE ( 'NONE', #1968, #29, #231, .T. ) ;
#1227 = DIRECTION ( 'NONE',  ( 5.176967529957393267E-17, 0.4227314792772739471, 0.9062549842224580932 ) ) ;
#1228 = LINE ( 'NONE', #614, #891 ) ;
#1229 = VERTEX_POINT ( 'NONE', #3033 ) ;
#1230 = EDGE_LOOP ( 'NONE', ( #2267, #2308, #1133, #1564 ) ) ;
#1231 = DIRECTION ( 'NONE',  ( 1.000000000000000000, 0.000000000000000000, 0.000000000000000000 ) ) ;
#1232 = VECTOR ( 'NONE', #2555, 39.37007874015747433 ) ;
#1233 = AXIS2_PLACEMENT_3D ( 'NONE', #1995, #488, #1728 ) ;
#1234 = EDGE_CURVE ( 'NONE', #1158, #1189, #2358, .T. ) ;
#1235 = CIRCLE ( 'NONE', #1814, 0.5000000000000021094 ) ;
#1236 = DIRECTION ( 'NONE',  ( -1.000000000000000000, 1.224646799147353207E-16, 0.000000000000000000 ) ) ;
#1237 = ORIENTED_EDGE ( 'NONE', *, *, #3499, .F. ) ;
#1238 = DIRECTION ( 'NONE',  ( -0.000000000000000000, -0.000000000000000000, -1.000000000000000000 ) ) ;
#1239 = CARTESIAN_POINT ( 'NONE',  ( -0.2518749999999999045, 8.332817679043639458, -1.092739197465705287E-15 ) ) ;
#1240 = CARTESIAN_POINT ( 'NONE',  ( -0.1658750000000019653, -8.332817679043639458, 0.000000000000000000 ) ) ;
#1241 = VECTOR ( 'NONE', #827, 39.37007874015748143 ) ;
#1242 = DIRECTION ( 'NONE',  ( 1.000000000000000000, -1.224646799147353207E-16, -0.000000000000000000 ) ) ;
#1243 = ORIENTED_EDGE ( 'NONE', *, *, #160, .F. ) ;
#1244 = LINE ( 'NONE', #1221, #190 ) ;
#1245 = ORIENTED_EDGE ( 'NONE', *, *, #327, .F. ) ;
#1246 = EDGE_CURVE ( 'NONE', #29, #1263, #2116, .T. ) ;
#1247 = CIRCLE ( 'NONE', #2947, 0.2039999999999995151 ) ;
#1248 = CARTESIAN_POINT ( 'NONE',  ( 3.757567139478286133, 1.227894383276352475, 3.814342231245662962 ) ) ;
#1249 = CARTESIAN_POINT ( 'NONE',  ( -1.125000000000001998, -0.09462271432538395255, 0.5625000000000009992 ) ) ;
#1250 = VERTEX_POINT ( 'NONE', #2985 ) ;
#1251 = ORIENTED_EDGE ( 'NONE', *, *, #2011, .F. ) ;
#1252 = DIRECTION ( 'NONE',  ( 0.000000000000000000, 0.000000000000000000, 1.000000000000000000 ) ) ;
#1253 = ADVANCED_FACE ( 'NONE', ( #791 ), #3635, .F. ) ;
#1254 = DIRECTION ( 'NONE',  ( 0.000000000000000000, 0.000000000000000000, -1.000000000000000000 ) ) ;
#1255 = LINE ( 'NONE', #1593, #169 ) ;
#1256 = ORIENTED_EDGE ( 'NONE', *, *, #3363, .F. ) ;
#1257 = CARTESIAN_POINT ( 'NONE',  ( -1.125000000000001998, 0.4339263241866951892, 0.7649091675238298693 ) ) ;
#1258 = ADVANCED_BREP_SHAPE_REPRESENTATION ( '', ( #996, #1106 ), #2483 ) ;
#1259 = ADVANCED_FACE ( 'NONE', ( #571 ), #170, .T. ) ;
#1260 = LINE ( 'NONE', #2509, #971 ) ;
#1261 = CARTESIAN_POINT ( 'NONE',  ( -0.2518750000000019584, -8.332817679043639458, 0.000000000000000000 ) ) ;
#1262 = DIRECTION ( 'NONE',  ( -1.000000000000000000, 1.224646799147353207E-16, 0.000000000000000000 ) ) ;
#1263 = VERTEX_POINT ( 'NONE', #232 ) ;
#1264 = CYLINDRICAL_SURFACE ( 'NONE', #1314, 0.1899999999999999467 ) ;
#1265 = ORIENTED_EDGE ( 'NONE', *, *, #320, .T. ) ;
#1266 = DIRECTION ( 'NONE',  ( 0.000000000000000000, 1.000000000000000000, 0.000000000000000000 ) ) ;
#1267 = DIRECTION ( 'NONE',  ( 1.000000000000000000, -1.224646799147353207E-16, -0.000000000000000000 ) ) ;
#1268 = ORIENTED_EDGE ( 'NONE', *, *, #2393, .T. ) ;
#1269 = VERTEX_POINT ( 'NONE', #3962 ) ;
#1270 =( NAMED_UNIT ( * ) SI_UNIT ( $, .STERADIAN. ) SOLID_ANGLE_UNIT ( ) );
#1271 = ADVANCED_FACE ( 'NONE', ( #856 ), #2717, .F. ) ;
#1272 = DIRECTION ( 'NONE',  ( 1.000000000000000000, -1.224646799147353207E-16, -0.000000000000000000 ) ) ;
#1273 = ORIENTED_EDGE ( 'NONE', *, *, #3107, .T. ) ;
#1274 = LINE ( 'NONE', #2835, #2873 ) ;
#1275 = ADVANCED_FACE ( 'NONE', ( #257 ), #3998, .T. ) ;
#1276 = DIRECTION ( 'NONE',  ( 1.280104479605244935E-17, 0.1045284632676542619, -0.9945218953682732899 ) ) ;
#1277 = CIRCLE ( 'NONE', #3850, 0.8505000000000022542 ) ;
#1278 = DIRECTION ( 'NONE',  ( -1.040009797867800282E-16, -0.9975640502598241977, 0.06975647374412725921 ) ) ;
#1279 = CARTESIAN_POINT ( 'NONE',  ( -1.187500000000001776, -0.4949000000000005617, 1.018100000000000893 ) ) ;
#1280 = VERTEX_POINT ( 'NONE', #1164 ) ;
#1281 = CARTESIAN_POINT ( 'NONE',  ( 3.757567139478287022, 3.139529741363622506, 3.814342231245662962 ) ) ;
#1282 = ORIENTED_EDGE ( 'NONE', *, *, #1324, .T. ) ;
#1283 = DIRECTION ( 'NONE',  ( 0.000000000000000000, -0.9062549842224580932, 0.4227314792772739471 ) ) ;
#1284 = DIRECTION ( 'NONE',  ( 1.000000000000000000, 0.000000000000000000, 0.000000000000000000 ) ) ;
#1285 = EDGE_LOOP ( 'NONE', ( #3843, #233, #409, #2572 ) ) ;
#1286 = AXIS2_PLACEMENT_3D ( 'NONE', #3663, #4047, #535 ) ;
#1287 = ORIENTED_EDGE ( 'NONE', *, *, #953, .F. ) ;
#1288 =( NAMED_UNIT ( * ) SI_UNIT ( $, .STERADIAN. ) SOLID_ANGLE_UNIT ( ) );
#1289 = CIRCLE ( 'NONE', #427, 0.04000000000000004940 ) ;
#1290 = CIRCLE ( 'NONE', #889, 0.005100000000000240626 ) ;
#1291 = CARTESIAN_POINT ( 'NONE',  ( -1.187500000000001776, 0.5000000000000009992, 0.005000000000000543940 ) ) ;
#1292 = DIRECTION ( 'NONE',  ( -1.000000000000000000, 1.224646799147353207E-16, 0.000000000000000000 ) ) ;
#1293 = ORIENTED_EDGE ( 'NONE', *, *, #844, .T. ) ;
#1294 = AXIS2_PLACEMENT_3D ( 'NONE', #1765, #2778, #2429 ) ;
#1295 = CYLINDRICAL_SURFACE ( 'NONE', #3273, 0.8505000000000012550 ) ;
#1296 = AXIS2_PLACEMENT_3D ( 'NONE', #2379, #1757, #3605 ) ;
#1297 = EDGE_CURVE ( 'NONE', #1662, #3811, #3596, .T. ) ;
#1298 = VECTOR ( 'NONE', #3551, 39.37007874015748143 ) ;
#1299 = AXIS2_PLACEMENT_3D ( 'NONE', #706, #18, #388 ) ;
#1300 = FACE_BOUND ( 'NONE', #2889, .T. ) ;
#1301 = DIRECTION ( 'NONE',  ( -0.000000000000000000, -0.000000000000000000, -1.000000000000000000 ) ) ;
#1302 = VECTOR ( 'NONE', #1212, 39.37007874015748143 ) ;
#1303 = ADVANCED_FACE ( 'NONE', ( #807 ), #2744, .F. ) ;
#1304 = ORIENTED_EDGE ( 'NONE', *, *, #2525, .F. ) ;
#1305 = LINE ( 'NONE', #2841, #1939 ) ;
#1306 = LINE ( 'NONE', #2532, #3885 ) ;
#1307 = VERTEX_POINT ( 'NONE', #481 ) ;
#1308 = ADVANCED_BREP_SHAPE_REPRESENTATION ( '', ( #1011, #1106 ), #4018 ) ;
#1309 = EDGE_CURVE ( 'NONE', #3764, #260, #192, .T. ) ;
#1310 = AXIS2_PLACEMENT_3D ( 'NONE', #186, #3650, #3971 ) ;
#1311 = DIRECTION ( 'NONE',  ( -0.000000000000000000, 0.9252097183857821427, 0.3794561595290049105 ) ) ;
#1312 = EDGE_LOOP ( 'NONE', ( #3786, #1884, #2161, #958 ) ) ;
#1313 = ORIENTED_EDGE ( 'NONE', *, *, #2172, .T. ) ;
#1314 = AXIS2_PLACEMENT_3D ( 'NONE', #2495, #3827, #1851 ) ;
#1315 = DIRECTION ( 'NONE',  ( -1.000000000000000000, 1.224646799147353207E-16, 0.000000000000000000 ) ) ;
#1316 = CARTESIAN_POINT ( 'NONE',  ( -0.1658750000000007996, 1.057817679043635106, 0.7500000000000015543 ) ) ;
#1317 = ORIENTED_EDGE ( 'NONE', *, *, #3902, .T. ) ;
#1318 = PLANE ( 'NONE',  #1679 ) ;
#1319 = AXIS2_PLACEMENT_3D ( 'NONE', #3552, #3889, #1095 ) ;
#1320 = CARTESIAN_POINT ( 'NONE',  ( -0.2518750000000010703, -1.057817679043634662, 0.7500000000000026645 ) ) ;
#1321 = EDGE_CURVE ( 'NONE', #2752, #3044, #1722, .T. ) ;
#1322 = CARTESIAN_POINT ( 'NONE',  ( -1.125000000000001998, 0.07771345515429266271, 0.5262498006311019383 ) ) ;
#1323 = DIRECTION ( 'NONE',  ( -1.000000000000000000, 1.224646799147353207E-16, 0.000000000000000000 ) ) ;
#1324 = EDGE_CURVE ( 'NONE', #117, #766, #3368, .T. ) ;
#1325 = ORIENTED_EDGE ( 'NONE', *, *, #3187, .F. ) ;
#1326 = CARTESIAN_POINT ( 'NONE',  ( 0.3345000000000000751, -0.2349999999999999867, 7.000000000000000000 ) ) ;
#1327 = ORIENTED_EDGE ( 'NONE', *, *, #818, .F. ) ;
#1328 = EDGE_CURVE ( 'NONE', #2337, #2952, #2074, .T. ) ;
#1329 = DIRECTION ( 'NONE',  ( 0.000000000000000000, 1.000000000000000000, 0.000000000000000000 ) ) ;
#1330 = ORIENTED_EDGE ( 'NONE', *, *, #3285, .T. ) ;
#1331 = ORIENTED_EDGE ( 'NONE', *, *, #2136, .T. ) ;
#1332 = CARTESIAN_POINT ( 'NONE',  ( -0.2518750000000011813, -2.049861513329596985, 0.4415117668857341249 ) ) ;
#1333 = CARTESIAN_POINT ( 'NONE',  ( -1.187500000000001776, 0.4949000000000008392, 0.1018000000000005428 ) ) ;
#1334 = CARTESIAN_POINT ( 'NONE',  ( 3.655667139478286920, 3.509541811157562030, 3.409562979451883802 ) ) ;
#1335 = LINE ( 'NONE', #3524, #2994 ) ;
#1336 = DIRECTION ( 'NONE',  ( 0.000000000000000000, 1.672894594308647839E-15, 1.000000000000000000 ) ) ;
#1337 = CARTESIAN_POINT ( 'NONE',  ( -1.187500000000001776, 0.01690925917109139393, 0.6469899094427934427 ) ) ;
#1338 = LINE ( 'NONE', #2885, #2559 ) ;
#1339 = VERTEX_POINT ( 'NONE', #215 ) ;
#1340 = EDGE_CURVE ( 'NONE', #1189, #1420, #549, .T. ) ;
#1341 = PRODUCT_DEFINITION_CONTEXT ( 'detailed design', #2948, 'design' ) ;
#1342 = DIRECTION ( 'NONE',  ( 0.000000000000000000, -1.000000000000000000, 0.000000000000000000 ) ) ;
#1343 = ORIENTED_EDGE ( 'NONE', *, *, #2619, .F. ) ;
#1344 = ORIENTED_EDGE ( 'NONE', *, *, #1147, .T. ) ;
#1345 = APPLICATION_PROTOCOL_DEFINITION ( 'draft international standard', 'automotive_design', 1998, #480 ) ;
#1346 = EDGE_CURVE ( 'NONE', #2758, #3978, #2432, .T. ) ;
#1347 = PRODUCT_DEFINITION_SHAPE ( 'NONE', 'NONE',  #4096 ) ;
#1348 = DIRECTION ( 'NONE',  ( -1.000000000000000000, 1.224646799147353207E-16, 0.000000000000000000 ) ) ;
#1349 = LINE ( 'NONE', #1649, #3927 ) ;
#1350 = DIRECTION ( 'NONE',  ( 1.456522212818065311E-16, 1.000000000000000000, 0.000000000000000000 ) ) ;
#1351 = VECTOR ( 'NONE', #2718, 39.37007874015747433 ) ;
#1352 = ADVANCED_FACE ( 'NONE', ( #3412 ), #296, .T. ) ;
#1353 = AXIS2_PLACEMENT_3D ( 'NONE', #3840, #608, #2175 ) ;
#1354 = VECTOR ( 'NONE', #3758, 39.37007874015748143 ) ;
#1355 = VECTOR ( 'NONE', #2070, 39.37007874015748143 ) ;
#1356 = VECTOR ( 'NONE', #3129, 39.37007874015748143 ) ;
#1357 = CARTESIAN_POINT ( 'NONE',  ( -0.1658750000000010771, -1.057817679043634662, 0.7500000000000026645 ) ) ;
#1358 = VECTOR ( 'NONE', #39, 39.37007874015748854 ) ;
#1359 = ORIENTED_EDGE ( 'NONE', *, *, #1328, .T. ) ;
#1360 = DIRECTION ( 'NONE',  ( 0.000000000000000000, 0.000000000000000000, -1.000000000000000000 ) ) ;
#1361 = DIRECTION ( 'NONE',  ( -1.224646799147353207E-16, -1.000000000000000000, -1.365923996832139222E-14 ) ) ;
#1362 = ORIENTED_EDGE ( 'NONE', *, *, #4007, .F. ) ;
#1363 = VECTOR ( 'NONE', #3217, 39.37007874015748143 ) ;
#1364 = CARTESIAN_POINT ( 'NONE',  ( -1.125000000000001998, 0.5000000000000009992, 1.120000000000001217 ) ) ;
#1365 = EDGE_LOOP ( 'NONE', ( #1578, #2435, #1179, #1046, #1691, #2415, #3472 ) ) ;
#1366 = ORIENTED_EDGE ( 'NONE', *, *, #4013, .F. ) ;
#1367 = ADVANCED_FACE ( 'NONE', ( #595 ), #1913, .T. ) ;
#1368 = SHAPE_DEFINITION_REPRESENTATION ( #2988, #779 ) ;
#1369 = LINE ( 'NONE', #445, #2397 ) ;
#1370 = CIRCLE ( 'NONE', #1684, 0.9999999999999992228 ) ;
#1371 = DIRECTION ( 'NONE',  ( 1.000000000000000000, -1.224646799147353207E-16, -0.000000000000000000 ) ) ;
#1372 = ADVANCED_FACE ( 'NONE', ( #321 ), #4086, .F. ) ;
#1373 = DIRECTION ( 'NONE',  ( 0.000000000000000000, 0.9062549842224600916, 0.4227314792772694507 ) ) ;
#1374 = AXIS2_PLACEMENT_3D ( 'NONE', #2556, #656, #1602 ) ;
#1375 = ORIENTED_EDGE ( 'NONE', *, *, #1093, .T. ) ;
#1376 = ADVANCED_FACE ( 'NONE', ( #3765 ), #3454, .F. ) ;
#1377 = DIRECTION ( 'NONE',  ( -5.518884835685379881E-16, -1.000000000000000000, -0.000000000000000000 ) ) ;
#1378 = DIRECTION ( 'NONE',  ( 1.000000000000000000, -1.224646799147353207E-16, 0.000000000000000000 ) ) ;
#1379 = FACE_OUTER_BOUND ( 'NONE', #978, .T. ) ;
#1380 = ORIENTED_EDGE ( 'NONE', *, *, #3025, .F. ) ;
#1381 = DIRECTION ( 'NONE',  ( -0.000000000000000000, -0.000000000000000000, -1.000000000000000000 ) ) ;
#1382 = VERTEX_POINT ( 'NONE', #340 ) ;
#1383 = CARTESIAN_POINT ( 'NONE',  ( -1.187500000000001776, -0.4508355833577845639, 0.7286589681549335840 ) ) ;
#1384 = FACE_OUTER_BOUND ( 'NONE', #3421, .T. ) ;
#1385 = LINE ( 'NONE', #756, #2920 ) ;
#1386 = ORIENTED_EDGE ( 'NONE', *, *, #2049, .T. ) ;
#1387 = DIRECTION ( 'NONE',  ( 1.000000000000000000, -1.224646799147353207E-16, -0.000000000000000000 ) ) ;
#1388 = ADVANCED_FACE ( 'NONE', ( #1853 ), #3183, .F. ) ;
#1389 = EDGE_LOOP ( 'NONE', ( #2713, #3574, #227, #3664 ) ) ;
#1390 = CARTESIAN_POINT ( 'NONE',  ( -1.187500000000001776, -0.3146249791965780584, 0.2550000000000015588 ) ) ;
#1391 = EDGE_CURVE ( 'NONE', #2404, #3006, #1811, .T. ) ;
#1392 = DIRECTION ( 'NONE',  ( -1.000000000000000000, 1.224646799147353207E-16, -0.000000000000000000 ) ) ;
#1393 = DIRECTION ( 'NONE',  ( -0.000000000000000000, -0.000000000000000000, 1.000000000000000000 ) ) ;
#1394 = DIRECTION ( 'NONE',  ( -1.000000000000000000, 0.000000000000000000, 0.000000000000000000 ) ) ;
#1395 = LINE ( 'NONE', #393, #1503 ) ;
#1396 = VERTEX_POINT ( 'NONE', #2451 ) ;
#1397 = ADVANCED_FACE ( 'NONE', ( #26, #1569, #1206, #1524, #677 ), #959, .F. ) ;
#1398 = CARTESIAN_POINT ( 'NONE',  ( -0.2518750000000010703, -1.263817679043634845, 0.7500000000000026645 ) ) ;
#1399 = ORIENTED_EDGE ( 'NONE', *, *, #3291, .F. ) ;
#1400 = VECTOR ( 'NONE', #3341, 39.37007874015748143 ) ;
#1401 = CARTESIAN_POINT ( 'NONE',  ( 3.655667139478286920, 3.547529741363621980, 3.814342231245662962 ) ) ;
#1402 = ORIENTED_EDGE ( 'NONE', *, *, #3422, .F. ) ;
#1403 =( NAMED_UNIT ( * ) SI_UNIT ( $, .STERADIAN. ) SOLID_ANGLE_UNIT ( ) );
#1404 = ORIENTED_EDGE ( 'NONE', *, *, #470, .F. ) ;
#1405 = AXIS2_PLACEMENT_3D ( 'NONE', #554, #3354, #2722 ) ;
#1406 = ADVANCED_FACE ( 'NONE', ( #2844 ), #3721, .T. ) ;
#1407 = AXIS2_PLACEMENT_3D ( 'NONE', #1249, #2498, #3766 ) ;
#1408 = AXIS2_PLACEMENT_3D ( 'NONE', #2320, #3254, #2018 ) ;
#1409 = CYLINDRICAL_SURFACE ( 'NONE', #570, 0.4688991299999998863 ) ;
#1410 = CARTESIAN_POINT ( 'NONE',  ( 3.655667139478286476, 0.7903943832763525856, 3.814342231245662962 ) ) ;
#1411 = CARTESIAN_POINT ( 'NONE',  ( -1.187500000000001776, 0.4888948972067494458, 0.4086491035602470290 ) ) ;
#1412 = ORIENTED_EDGE ( 'NONE', *, *, #1637, .F. ) ;
#1413 = AXIS2_PLACEMENT_3D ( 'NONE', #1136, #2385, #610 ) ;
#1414 = ADVANCED_FACE ( 'NONE', ( #893 ), #634, .F. ) ;
#1415 = AXIS2_PLACEMENT_3D ( 'NONE', #1491, #2768, #329 ) ;
#1416 = AXIS2_PLACEMENT_3D ( 'NONE', #540, #1515, #2106 ) ;
#1417 = AXIS2_PLACEMENT_3D ( 'NONE', #1333, #1107, #3270 ) ;
#1418 = UNCERTAINTY_MEASURE_WITH_UNIT (LENGTH_MEASURE( 1.000000000000000082E-05 ), #194, 'distance_accuracy_value', 'NONE');
#1419 = DIRECTION ( 'NONE',  ( -1.000000000000000000, 1.224646799147353207E-16, -0.000000000000000000 ) ) ;
#1420 = VERTEX_POINT ( 'NONE', #2162 ) ;
#1421 = DIRECTION ( 'NONE',  ( -1.000000000000000000, 1.224646799147353207E-16, -0.000000000000000000 ) ) ;
#1422 = CARTESIAN_POINT ( 'NONE',  ( -1.125000000000001998, -0.3146249791965748943, 0.8700000000000029932 ) ) ;
#1423 = ORIENTED_EDGE ( 'NONE', *, *, #1824, .F. ) ;
#1424 = ADVANCED_FACE ( 'NONE', ( #613 ), #3809, .T. ) ;
#1425 = CIRCLE ( 'NONE', #2936, 0.2500000000000003331 ) ;
#1426 = DIRECTION ( 'NONE',  ( 1.000000000000000000, -1.224646799147353207E-16, -0.000000000000000000 ) ) ;
#1427 = ORIENTED_EDGE ( 'NONE', *, *, #2482, .T. ) ;
#1428 = DIRECTION ( 'NONE',  ( 0.000000000000000000, 0.000000000000000000, 1.000000000000000000 ) ) ;
#1429 = SURFACE_STYLE_USAGE ( .BOTH. , #198 ) ;
#1430 = CYLINDRICAL_SURFACE ( 'NONE', #3275, 0.005100000000000240626 ) ;
#1431 = FACE_OUTER_BOUND ( 'NONE', #2980, .T. ) ;
#1432 = FACE_BOUND ( 'NONE', #3667, .T. ) ;
#1433 = DIRECTION ( 'NONE',  ( -1.000000000000000000, 1.224646799147353207E-16, -0.000000000000000000 ) ) ;
#1434 = ORIENTED_EDGE ( 'NONE', *, *, #3359, .F. ) ;
#1435 = ADVANCED_FACE ( 'NONE', ( #940, #2180, #1875 ), #3145, .F. ) ;
#1436 = LINE ( 'NONE', #2383, #1241 ) ;
#1437 = ORIENTED_EDGE ( 'NONE', *, *, #697, .T. ) ;
#1438 = DIRECTION ( 'NONE',  ( -1.000000000000000000, 0.000000000000000000, 0.000000000000000000 ) ) ;
#1439 = EDGE_CURVE ( 'NONE', #483, #766, #2467, .T. ) ;
#1440 = CARTESIAN_POINT ( 'NONE',  ( -0.5544999999999998819, -0.01500000000000001159, 7.000000000000000000 ) ) ;
#1441 = ORIENTED_EDGE ( 'NONE', *, *, #1170, .F. ) ;
#1442 =( NAMED_UNIT ( * ) PLANE_ANGLE_UNIT ( ) SI_UNIT ( $, .RADIAN. ) );
#1443 = ORIENTED_EDGE ( 'NONE', *, *, #1683, .F. ) ;
#1444 = CARTESIAN_POINT ( 'NONE',  ( -1.187500000000001776, 0.4949000000000008392, 1.018100000000000893 ) ) ;
#1445 = ORIENTED_EDGE ( 'NONE', *, *, #3920, .F. ) ;
#1446 = CARTESIAN_POINT ( 'NONE',  ( -1.187500000000001776, 0.4949000000000008392, 0.1018000000000005428 ) ) ;
#1447 = LINE ( 'NONE', #3377, #902 ) ;
#1448 = DIRECTION ( 'NONE',  ( 1.000000000000000000, -1.224646799147353207E-16, -0.000000000000000000 ) ) ;
#1449 = ORIENTED_EDGE ( 'NONE', *, *, #1948, .F. ) ;
#1450 = CARTESIAN_POINT ( 'NONE',  ( -0.2518749999999999045, 8.332817679043639458, -1.092739197465705287E-15 ) ) ;
#1451 = ORIENTED_EDGE ( 'NONE', *, *, #1523, .F. ) ;
#1452 = CARTESIAN_POINT ( 'NONE',  ( -1.125000000000001776, 0.7499999999999987788, 0.9183496676073186205 ) ) ;
#1453 = CARTESIAN_POINT ( 'NONE',  ( -0.2518750000000006817, 1.831078121809923021, 0.3205414085530036705 ) ) ;
#1454 = ORIENTED_EDGE ( 'NONE', *, *, #490, .F. ) ;
#1455 = EDGE_CURVE ( 'NONE', #1056, #913, #3294, .T. ) ;
#1456 = DIRECTION ( 'NONE',  ( 0.000000000000000000, 1.000000000000000000, 0.000000000000000000 ) ) ;
#1457 = VECTOR ( 'NONE', #1171, 39.37007874015748143 ) ;
#1458 = ORIENTED_EDGE ( 'NONE', *, *, #3798, .F. ) ;
#1459 = EDGE_LOOP ( 'NONE', ( #547, #3699, #3185, #3502 ) ) ;
#1460 = DIRECTION ( 'NONE',  ( 1.000000000000000000, 0.000000000000000000, 0.000000000000000000 ) ) ;
#1461 = ADVANCED_FACE ( 'NONE', ( #1431 ), #2960, .F. ) ;
#1462 = CARTESIAN_POINT ( 'NONE',  ( 3.655667139478286920, 3.343529741363622243, 3.814342231245662962 ) ) ;
#1463 = LINE ( 'NONE', #3374, #1941 ) ;
#1464 = EDGE_LOOP ( 'NONE', ( #133, #3274, #2853, #2455 ) ) ;
#1465 = CARTESIAN_POINT ( 'NONE',  ( -0.2518750000000010147, -0.6975647374411807489, 1.194852794186280986 ) ) ;
#1466 = EDGE_CURVE ( 'NONE', #3811, #757, #519, .T. ) ;
#1467 = APPLICATION_CONTEXT ( 'automotive_design' ) ;
#1468 = CARTESIAN_POINT ( 'NONE',  ( -1.187500000000001998, -0.4888948972067482801, 0.4086491035602488608 ) ) ;
#1469 = FACE_BOUND ( 'NONE', #2589, .T. ) ;
#1470 = LINE ( 'NONE', #249, #558 ) ;
#1471 = ORIENTED_EDGE ( 'NONE', *, *, #867, .F. ) ;
#1472 = CIRCLE ( 'NONE', #1545, 0.04000000000000000083 ) ;
#1473 = VECTOR ( 'NONE', #1685, 39.37007874015748143 ) ;
#1474 = CIRCLE ( 'NONE', #2664, 0.03999999999999998002 ) ;
#1475 = DIRECTION ( 'NONE',  ( 1.000000000000000000, -1.224646799147353207E-16, -0.000000000000000000 ) ) ;
#1476 = VECTOR ( 'NONE', #3886, 39.37007874015748143 ) ;
#1477 = DIRECTION ( 'NONE',  ( -1.000000000000000000, 1.224646799147353207E-16, -0.000000000000000000 ) ) ;
#1478 = ORIENTED_EDGE ( 'NONE', *, *, #1007, .F. ) ;
#1479 =( GEOMETRIC_REPRESENTATION_CONTEXT ( 3 ) GLOBAL_UNCERTAINTY_ASSIGNED_CONTEXT ( ( #2538 ) ) GLOBAL_UNIT_ASSIGNED_CONTEXT ( ( #3858, #1033, #2300 ) ) REPRESENTATION_CONTEXT ( 'NONE', 'WORKASPACE' ) );
#1480 = AXIS2_PLACEMENT_3D ( 'NONE', #1320, #2568, #352 ) ;
#1481 = CARTESIAN_POINT ( 'NONE',  ( 0.3345000000000000751, -0.2349999999999999867, 7.000000000000000000 ) ) ;
#1482 = EDGE_CURVE ( 'NONE', #2710, #3148, #3921, .T. ) ;
#1483 = CARTESIAN_POINT ( 'NONE',  ( -1.125000000000001998, -0.01690925917109100882, 0.6469899094427935538 ) ) ;
#1484 = ORIENTED_EDGE ( 'NONE', *, *, #154, .T. ) ;
#1485 = ORIENTED_EDGE ( 'NONE', *, *, #577, .T. ) ;
#1486 = CIRCLE ( 'NONE', #3808, 0.2060000000000000719 ) ;
#1487 =( LENGTH_UNIT ( ) NAMED_UNIT ( * ) SI_UNIT ( $, .METRE. ) );
#1488 = AXIS2_PLACEMENT_3D ( 'NONE', #811, #1528, #3418 ) ;
#1489 = LINE ( 'NONE', #2147, #1862 ) ;
#1490 = ADVANCED_FACE ( 'NONE', ( #3276 ), #1409, .T. ) ;
#1491 = CARTESIAN_POINT ( 'NONE',  ( 3.757567139478287022, 2.780712062319987243, 4.251842231245662518 ) ) ;
#1492 = VERTEX_POINT ( 'NONE', #819 ) ;
#1493 = FACE_OUTER_BOUND ( 'NONE', #3791, .T. ) ;
#1494 = EDGE_CURVE ( 'NONE', #82, #871, #2129, .T. ) ;
#1495 = VECTOR ( 'NONE', #1910, 39.37007874015747433 ) ;
#1496 = FACE_BOUND ( 'NONE', #1601, .T. ) ;
#1497 = CARTESIAN_POINT ( 'NONE',  ( -0.1658749999999999392, 8.143817679043639401, -1.092739197465705287E-15 ) ) ;
#1498 = EDGE_LOOP ( 'NONE', ( #1856, #3948, #1129, #1062 ) ) ;
#1499 = ORIENTED_EDGE ( 'NONE', *, *, #3961, .T. ) ;
#1500 = DIRECTION ( 'NONE',  ( 1.204518515724980495E-16, 1.000000000000000000, 0.000000000000000000 ) ) ;
#1501 = FACE_BOUND ( 'NONE', #590, .T. ) ;
#1502 = ORIENTED_EDGE ( 'NONE', *, *, #929, .T. ) ;
#1503 = VECTOR ( 'NONE', #1982, 39.37007874015748143 ) ;
#1504 = CARTESIAN_POINT ( 'NONE',  ( -0.1658750000000007163, 1.468167046811732268, 0.9768915831120246196 ) ) ;
#1505 = CARTESIAN_POINT ( 'NONE',  ( -0.1658750000000019653, -8.332817679043639458, 0.000000000000000000 ) ) ;
#1506 = ORIENTED_EDGE ( 'NONE', *, *, #1054, .F. ) ;
#1507 = ORIENTED_EDGE ( 'NONE', *, *, #2604, .F. ) ;
#1508 =( CONVERSION_BASED_UNIT ( 'INCH', #3169 ) LENGTH_UNIT ( ) NAMED_UNIT ( #2010 ) );
#1509 = DIRECTION ( 'NONE',  ( 1.000000000000000000, -1.224646799147353207E-16, 0.000000000000000000 ) ) ;
#1510 = DIRECTION ( 'NONE',  ( 1.000000000000000000, 0.000000000000000000, -0.000000000000000000 ) ) ;
#1511 = ORIENTED_EDGE ( 'NONE', *, *, #2151, .F. ) ;
#1512 = CYLINDRICAL_SURFACE ( 'NONE', #3671, 0.1889999999999995295 ) ;
#1513 = ADVANCED_FACE ( 'NONE', ( #3950 ), #1736, .T. ) ;
#1514 = LINE ( 'NONE', #1801, #3135 ) ;
#1515 = DIRECTION ( 'NONE',  ( -1.000000000000000000, 1.224646799147353207E-16, 0.000000000000000000 ) ) ;
#1516 = FACE_OUTER_BOUND ( 'NONE', #3724, .T. ) ;
#1517 = ORIENTED_EDGE ( 'NONE', *, *, #1494, .F. ) ;
#1518 = EDGE_CURVE ( 'NONE', #786, #3990, #1114, .T. ) ;
#1519 = VERTEX_POINT ( 'NONE', #3626 ) ;
#1520 = CARTESIAN_POINT ( 'NONE',  ( -1.125000000000001776, 0.4888948972067494458, 0.4086491035602470290 ) ) ;
#1521 = CARTESIAN_POINT ( 'NONE',  ( -1.187500000000001776, 0.4508355833577848415, 0.3963410318450671932 ) ) ;
#1522 = ORIENTED_EDGE ( 'NONE', *, *, #1391, .T. ) ;
#1523 = EDGE_CURVE ( 'NONE', #2408, #523, #2302, .T. ) ;
#1524 = FACE_BOUND ( 'NONE', #67, .T. ) ;
#1525 = CARTESIAN_POINT ( 'NONE',  ( 3.655667139478286476, 1.227894383276352475, 3.814342231245662962 ) ) ;
#1526 = EDGE_LOOP ( 'NONE', ( #527, #3319, #3747, #753, #2982, #1330, #3101, #781, #1954, #1603, #65, #2285, #381, #2578, #279 ) ) ;
#1527 = VERTEX_POINT ( 'NONE', #3967 ) ;
#1528 = DIRECTION ( 'NONE',  ( 0.000000000000000000, 0.000000000000000000, 1.000000000000000000 ) ) ;
#1529 = SURFACE_SIDE_STYLE ('',( #2484 ) ) ;
#1530 = FACE_OUTER_BOUND ( 'NONE', #3182, .T. ) ;
#1531 = ORIENTED_EDGE ( 'NONE', *, *, #3194, .F. ) ;
#1532 = DIRECTION ( 'NONE',  ( 0.000000000000000000, 1.000000000000000000, 0.000000000000000000 ) ) ;
#1533 = VECTOR ( 'NONE', #2418, 39.37007874015748143 ) ;
#1534 = CARTESIAN_POINT ( 'NONE',  ( -1.125000000000001998, -0.4339263241866936904, 0.7649091675238318677 ) ) ;
#1535 = EDGE_CURVE ( 'NONE', #1566, #1920, #800, .T. ) ;
#1536 = CARTESIAN_POINT ( 'NONE',  ( -1.187500000000001776, 0.4508355833577848415, 0.3963410318450671932 ) ) ;
#1537 = CARTESIAN_POINT ( 'NONE',  ( 3.757567139478287022, 2.780712062319987243, 4.251842231245662518 ) ) ;
#1538 = CARTESIAN_POINT ( 'NONE',  ( -1.187500000000001776, 0.5000000000000009992, 1.120000000000001217 ) ) ;
#1539 = EDGE_CURVE ( 'NONE', #3208, #1158, #2937, .T. ) ;
#1540 = ORIENTED_EDGE ( 'NONE', *, *, #884, .F. ) ;
#1541 = CARTESIAN_POINT ( 'NONE',  ( -1.125000000000001998, 0.4508355833577858962, 0.7286589681549314745 ) ) ;
#1542 = CYLINDRICAL_SURFACE ( 'NONE', #457, 0.03999999999999998002 ) ;
#1543 = ORIENTED_EDGE ( 'NONE', *, *, #982, .T. ) ;
#1544 = AXIS2_PLACEMENT_3D ( 'NONE', #2891, #1959, #401 ) ;
#1545 = AXIS2_PLACEMENT_3D ( 'NONE', #2576, #3891, #2290 ) ;
#1546 = CIRCLE ( 'NONE', #2058, 0.03999999999999998002 ) ;
#1547 = DIRECTION ( 'NONE',  ( -1.229331597148917709E-16, -1.000000000000000000, 0.000000000000000000 ) ) ;
#1548 = ADVANCED_FACE ( 'NONE', ( #180 ), #120, .F. ) ;
#1549 = CARTESIAN_POINT ( 'NONE',  ( -1.187500000000001776, 2.894892396665805776E-16, 0.6832401088116917265 ) ) ;
#1550 = ORIENTED_EDGE ( 'NONE', *, *, #3999, .F. ) ;
#1551 = ORIENTED_EDGE ( 'NONE', *, *, #2189, .T. ) ;
#1552 = DIRECTION ( 'NONE',  ( 1.000000000000000000, 0.000000000000000000, 0.000000000000000000 ) ) ;
#1553 = AXIS2_PLACEMENT_3D ( 'NONE', #730, #1656, #2304 ) ;
#1554 = CIRCLE ( 'NONE', #1480, 0.4688991300000000528 ) ;
#1555 = VECTOR ( 'NONE', #2857, 39.37007874015748143 ) ;
#1556 = LINE ( 'NONE', #2485, #3205 ) ;
#1557 = EDGE_LOOP ( 'NONE', ( #2663, #3895, #1772, #3442 ) ) ;
#1558 = CARTESIAN_POINT ( 'NONE',  ( -0.2518750000000007927, 0.6975647374411817481, 1.194852794186280986 ) ) ;
#1559 = AXIS2_PLACEMENT_3D ( 'NONE', #817, #3668, #2727 ) ;
#1560 = CARTESIAN_POINT ( 'NONE',  ( -0.2518750000000010703, -1.468167046811732268, 0.9768915831120246196 ) ) ;
#1561 = ADVANCED_FACE ( 'NONE', ( #3522 ), #76, .F. ) ;
#1562 = CARTESIAN_POINT ( 'NONE',  ( -1.187500000000001776, -0.09462271432538395255, 0.5625000000000009992 ) ) ;
#1563 = LINE ( 'NONE', #839, #1457 ) ;
#1564 = ORIENTED_EDGE ( 'NONE', *, *, #2558, .T. ) ;
#1565 = CARTESIAN_POINT ( 'NONE',  ( -1.187500000000001776, -0.01690925917109099841, 0.6469899094427935538 ) ) ;
#1566 = VERTEX_POINT ( 'NONE', #783 ) ;
#1567 = CIRCLE ( 'NONE', #1826, 0.1889999999999995295 ) ;
#1568 = ADVANCED_FACE ( 'NONE', ( #1055 ), #3566, .F. ) ;
#1569 = FACE_BOUND ( 'NONE', #2592, .T. ) ;
#1570 = CIRCLE ( 'NONE', #63, 0.1000000000000001582 ) ;
#1571 = CARTESIAN_POINT ( 'NONE',  ( -1.187500000000001776, 0.07771345515429266271, 0.5262498006311019383 ) ) ;
#1572 = ORIENTED_EDGE ( 'NONE', *, *, #422, .F. ) ;
#1573 = EDGE_LOOP ( 'NONE', ( #3237, #2518, #1506, #2745 ) ) ;
#1574 =( NAMED_UNIT ( * ) PLANE_ANGLE_UNIT ( ) SI_UNIT ( $, .RADIAN. ) );
#1575 = EDGE_CURVE ( 'NONE', #3637, #2395, #429, .T. ) ;
#1576 = CARTESIAN_POINT ( 'NONE',  ( -1.125000000000001998, 0.4949000000000008392, 0.1018000000000005428 ) ) ;
#1577 = CARTESIAN_POINT ( 'NONE',  ( -1.125000000000001998, -0.4339263241866941345, 0.3600908324761707413 ) ) ;
#1578 = ORIENTED_EDGE ( 'NONE', *, *, #1646, .T. ) ;
#1579 = FACE_OUTER_BOUND ( 'NONE', #358, .T. ) ;
#1580 = DIRECTION ( 'NONE',  ( 1.000000000000000000, -1.224646799147353207E-16, 0.000000000000000000 ) ) ;
#1581 = FACE_OUTER_BOUND ( 'NONE', #778, .T. ) ;
#1582 = VERTEX_POINT ( 'NONE', #2627 ) ;
#1583 = CARTESIAN_POINT ( 'NONE',  ( -1.187500000000001776, 0.5000000000000009992, 1.120000000000001217 ) ) ;
#1584 = DIRECTION ( 'NONE',  ( 0.000000000000000000, 0.000000000000000000, -1.000000000000000000 ) ) ;
#1585 = VERTEX_POINT ( 'NONE', #763 ) ;
#1586 = CARTESIAN_POINT ( 'NONE',  ( 0.5244999999999999662, -0.01500000000000004455, 7.000000000000000000 ) ) ;
#1587 = CARTESIAN_POINT ( 'NONE',  ( 0.5545000000000001039, 0.2349999999999999867, 7.000000000000000000 ) ) ;
#1588 = ORIENTED_EDGE ( 'NONE', *, *, #4038, .F. ) ;
#1589 = ORIENTED_EDGE ( 'NONE', *, *, #3499, .T. ) ;
#1590 = ADVANCED_FACE ( 'NONE', ( #3424 ), #2731, .F. ) ;
#1591 = DIRECTION ( 'NONE',  ( 1.000000000000000000, -5.104349763946681633E-17, 5.104349763946680400E-17 ) ) ;
#1592 = DIRECTION ( 'NONE',  ( 0.000000000000000000, 1.000000000000000000, 0.000000000000000000 ) ) ;
#1593 = CARTESIAN_POINT ( 'NONE',  ( -1.187500000000001776, -0.3315342383676688209, 0.3312501993689012658 ) ) ;
#1594 = LINE ( 'NONE', #3191, #3681 ) ;
#1595 = EDGE_CURVE ( 'NONE', #598, #1527, #2461, .T. ) ;
#1596 = PLANE ( 'NONE',  #314 ) ;
#1597 = CARTESIAN_POINT ( 'NONE',  ( -0.1658750000000008273, 0.8518176790436349233, 0.7500000000000015543 ) ) ;
#1598 = EDGE_CURVE ( 'NONE', #1956, #3201, #624, .T. ) ;
#1599 = DIRECTION ( 'NONE',  ( 0.000000000000000000, 1.000000000000000000, 0.000000000000000000 ) ) ;
#1600 = DIRECTION ( 'NONE',  ( -1.224646799147353207E-16, -1.000000000000000000, 0.000000000000000000 ) ) ;
#1601 = EDGE_LOOP ( 'NONE', ( #538, #465, #2846, #2505, #1675, #794, #45, #2675 ) ) ;
#1602 = DIRECTION ( 'NONE',  ( -1.000000000000000000, 0.000000000000000000, 0.000000000000000000 ) ) ;
#1603 = ORIENTED_EDGE ( 'NONE', *, *, #628, .T. ) ;
#1604 = VECTOR ( 'NONE', #2273, 39.37007874015748143 ) ;
#1605 = CARTESIAN_POINT ( 'NONE',  ( -1.187500000000001776, -0.5000000000000007772, 1.120000000000001217 ) ) ;
#1606 = VERTEX_POINT ( 'NONE', #862 ) ;
#1607 = MECHANICAL_DESIGN_GEOMETRIC_PRESENTATION_REPRESENTATION (  '', ( #2055 ), #3587 ) ;
#1608 = ORIENTED_EDGE ( 'NONE', *, *, #3107, .F. ) ;
#1609 = CONTEXT_DEPENDENT_SHAPE_REPRESENTATION ( #622, #4003 ) ;
#1610 = VECTOR ( 'NONE', #2613, 39.37007874015748143 ) ;
#1611 = VECTOR ( 'NONE', #1186, 39.37007874015748143 ) ;
#1612 = EDGE_CURVE ( 'NONE', #2952, #696, #3021, .T. ) ;
#1613 = DIRECTION ( 'NONE',  ( 0.000000000000000000, -1.000000000000000000, 0.000000000000000000 ) ) ;
#1614 = DIRECTION ( 'NONE',  ( 0.000000000000000000, 1.000000000000000000, 0.000000000000000000 ) ) ;
#1615 = DIRECTION ( 'NONE',  ( -1.224646799147353207E-16, -1.000000000000000000, 0.000000000000000000 ) ) ;
#1616 = VECTOR ( 'NONE', #1421, 39.37007874015748143 ) ;
#1617 = CARTESIAN_POINT ( 'NONE',  ( -1.187500000000001998, -0.9646363203188079716, 0.5624999999999976685 ) ) ;
#1618 = VECTOR ( 'NONE', #3195, 39.37007874015748143 ) ;
#1619 = EDGE_CURVE ( 'NONE', #3148, #1903, #1032, .T. ) ;
#1620 = AXIS2_PLACEMENT_3D ( 'NONE', #3506, #1272, #1614 ) ;
#1621 = PLANE ( 'NONE',  #104 ) ;
#1622 = EDGE_CURVE ( 'NONE', #759, #2797, #1546, .T. ) ;
#1623 = CARTESIAN_POINT ( 'NONE',  ( 0.5245000000000000773, 0.2349999999999999589, -7.000000000000000000 ) ) ;
#1624 = ORIENTED_EDGE ( 'NONE', *, *, #2896, .F. ) ;
#1625 = LINE ( 'NONE', #1583, #168 ) ;
#1626 = DIRECTION ( 'NONE',  ( 0.000000000000000000, -0.9062549842224592034, -0.4227314792772714491 ) ) ;
#1627 = VERTEX_POINT ( 'NONE', #3737 ) ;
#1628 = VECTOR ( 'NONE', #1022, 39.37007874015748143 ) ;
#1629 = PRODUCT_DEFINITION_CONTEXT ( 'detailed design', #774, 'design' ) ;
#1630 = CARTESIAN_POINT ( 'NONE',  ( -0.3344999999999999640, -0.2050000000000000711, 7.000000000000000000 ) ) ;
#1631 = VERTEX_POINT ( 'NONE', #3987 ) ;
#1632 = ORIENTED_EDGE ( 'NONE', *, *, #3192, .T. ) ;
#1633 = CARTESIAN_POINT ( 'NONE',  ( -1.187500000000001776, 0.5000000000000009992, 0.1018000000000005428 ) ) ;
#1634 = DIRECTION ( 'NONE',  ( -1.000000000000000000, 1.224646799147353207E-16, -0.000000000000000000 ) ) ;
#1635 = CARTESIAN_POINT ( 'NONE',  ( 3.655667139478286476, 1.023894383276352960, 3.814342231245662962 ) ) ;
#1636 = DIRECTION ( 'NONE',  ( 1.000000000000000000, -1.224646799147353207E-16, 0.000000000000000000 ) ) ;
#1637 = EDGE_CURVE ( 'NONE', #3990, #1005, #1779, .T. ) ;
#1638 = ORIENTED_EDGE ( 'NONE', *, *, #2031, .T. ) ;
#1639 = CARTESIAN_POINT ( 'NONE',  ( 3.757567139478287022, 3.040712062319987030, 4.251842231245662518 ) ) ;
#1640 = DIRECTION ( 'NONE',  ( 0.000000000000000000, 1.000000000000000000, 0.000000000000000000 ) ) ;
#1641 = EDGE_LOOP ( 'NONE', ( #2747, #1251, #1499, #3801 ) ) ;
#1642 = EDGE_CURVE ( 'NONE', #106, #28, #931, .T. ) ;
#1643 = DIRECTION ( 'NONE',  ( -1.000000000000000000, 1.224646799147353207E-16, 0.000000000000000000 ) ) ;
#1644 = ORIENTED_EDGE ( 'NONE', *, *, #2026, .T. ) ;
#1645 = ORIENTED_EDGE ( 'NONE', *, *, #2136, .F. ) ;
#1646 = EDGE_CURVE ( 'NONE', #335, #759, #1514, .T. ) ;
#1647 = CONTEXT_DEPENDENT_SHAPE_REPRESENTATION ( #907, #3026 ) ;
#1648 = DIRECTION ( 'NONE',  ( -1.000000000000000000, 1.224646799147353207E-16, -0.000000000000000000 ) ) ;
#1649 = CARTESIAN_POINT ( 'NONE',  ( -1.187500000000001776, 0.7162392253302739542, 0.8434339481110404435 ) ) ;
#1650 = ORIENTED_EDGE ( 'NONE', *, *, #2057, .F. ) ;
#1651 = DIRECTION ( 'NONE',  ( 1.000000000000000000, -1.224646799147353207E-16, 0.000000000000000000 ) ) ;
#1652 =( REPRESENTATION_RELATIONSHIP ('NONE','NONE', #196, #779 ) REPRESENTATION_RELATIONSHIP_WITH_TRANSFORMATION ( #2595 )SHAPE_REPRESENTATION_RELATIONSHIP( ) );
#1653 = EDGE_CURVE ( 'NONE', #1198, #3871, #2772, .T. ) ;
#1654 = DIRECTION ( 'NONE',  ( 1.000000000000000000, -2.731847993664263218E-16, 0.000000000000000000 ) ) ;
#1655 = ORIENTED_EDGE ( 'NONE', *, *, #3920, .T. ) ;
#1656 = DIRECTION ( 'NONE',  ( -1.000000000000000000, 1.224646799147353207E-16, -0.000000000000000000 ) ) ;
#1657 = CARTESIAN_POINT ( 'NONE',  ( -1.187500000000001776, 0.3146249791965799458, 0.8300000000000016254 ) ) ;
#1658 = EDGE_LOOP ( 'NONE', ( #1965, #391, #1645, #542, #3677, #837, #167, #374, #1404, #630, #424, #1933, #1153, #2719, #2808 ) ) ;
#1659 = EDGE_CURVE ( 'NONE', #2748, #164, #1214, .T. ) ;
#1660 = DIRECTION ( 'NONE',  ( 1.000000000000000000, -1.224646799147353207E-16, -0.000000000000000000 ) ) ;
#1661 = EDGE_LOOP ( 'NONE', ( #2447, #3901, #3591, #3750 ) ) ;
#1662 = VERTEX_POINT ( 'NONE', #2423 ) ;
#1663 = APPLICATION_PROTOCOL_DEFINITION ( 'draft international standard', 'automotive_design', 1998, #774 ) ;
#1664 = EDGE_CURVE ( 'NONE', #3381, #3013, #3693, .T. ) ;
#1665 = DIRECTION ( 'NONE',  ( -1.248402950233959572E-16, -0.9945218953682732899, -0.1045284632676542619 ) ) ;
#1666 = DIRECTION ( 'NONE',  ( -1.000000000000000000, 1.224646799147353207E-16, -0.000000000000000000 ) ) ;
#1667 = ORIENTED_EDGE ( 'NONE', *, *, #1637, .T. ) ;
#1668 = CARTESIAN_POINT ( 'NONE',  ( -1.187500000000001776, 0.4508355833577848415, 0.3963410318450671932 ) ) ;
#1669 = AXIS2_PLACEMENT_3D ( 'NONE', #2902, #2633, #2591 ) ;
#1670 = COLOUR_RGB ( '',0.7921568627450980005, 0.8196078431372548767, 0.9333333333333333481 ) ;
#1671 = AXIS2_PLACEMENT_3D ( 'NONE', #3236, #2284, #3922 ) ;
#1672 = CIRCLE ( 'NONE', #3602, 0.03999999999999998002 ) ;
#1673 = CARTESIAN_POINT ( 'NONE',  ( 3.655667139478286476, 1.790712062319987030, 4.251842231245662518 ) ) ;
#1674 = AXIS2_PLACEMENT_3D ( 'NONE', #492, #2286, #2609 ) ;
#1675 = ORIENTED_EDGE ( 'NONE', *, *, #953, .T. ) ;
#1676 = CARTESIAN_POINT ( 'NONE',  ( 3.757567139478286133, 1.227894383276352475, 3.814342231245662962 ) ) ;
#1677 = CARTESIAN_POINT ( 'NONE',  ( -1.187500000000001776, 0.6499999999999986899, 0.9183496676073186205 ) ) ;
#1678 = VERTEX_POINT ( 'NONE', #1195 ) ;
#1679 = AXIS2_PLACEMENT_3D ( 'NONE', #2932, #741, #1706 ) ;
#1680 = CARTESIAN_POINT ( 'NONE',  ( -1.187500000000001776, 0.5000000000000011102, 0.1018000000000005428 ) ) ;
#1681 = ORIENTED_EDGE ( 'NONE', *, *, #3359, .T. ) ;
#1682 = DIRECTION ( 'NONE',  ( 0.000000000000000000, 1.000000000000000000, 0.000000000000000000 ) ) ;
#1683 = EDGE_CURVE ( 'NONE', #1519, #3848, #3711, .T. ) ;
#1684 = AXIS2_PLACEMENT_3D ( 'NONE', #3047, #226, #2068 ) ;
#1685 = DIRECTION ( 'NONE',  ( -2.731847993664263218E-16, -1.000000000000000000, -0.000000000000000000 ) ) ;
#1686 = CARTESIAN_POINT ( 'NONE',  ( -0.2518750000000010703, -1.057817679043634662, 0.7500000000000026645 ) ) ;
#1687 = ORIENTED_EDGE ( 'NONE', *, *, #1439, .T. ) ;
#1688 = CARTESIAN_POINT ( 'NONE',  ( -1.125000000000001776, 0.6499999999999986899, 0.2066503323926765501 ) ) ;
#1689 = ADVANCED_FACE ( 'NONE', ( #649, #77, #2584, #1300, #367 ), #1621, .T. ) ;
#1690 = VECTOR ( 'NONE', #3451, 39.37007874015748143 ) ;
#1691 = ORIENTED_EDGE ( 'NONE', *, *, #2812, .T. ) ;
#1692 = EDGE_CURVE ( 'NONE', #4045, #3143, #1335, .T. ) ;
#1693 = DIRECTION ( 'NONE',  ( 0.000000000000000000, 1.000000000000000000, 0.000000000000000000 ) ) ;
#1694 = CARTESIAN_POINT ( 'NONE',  ( -0.2518750000000011258, -1.831078121809923021, 0.3205414085530036705 ) ) ;
#1695 = DIMENSIONAL_EXPONENTS ( 1.000000000000000000, 0.000000000000000000, 0.000000000000000000, 0.000000000000000000, 0.000000000000000000, 0.000000000000000000, 0.000000000000000000 ) ;
#1696 = DIRECTION ( 'NONE',  ( -1.000000000000000000, 1.224646799147353207E-16, -0.000000000000000000 ) ) ;
#1697 = ORIENTED_EDGE ( 'NONE', *, *, #2145, .F. ) ;
#1698 = LINE ( 'NONE', #3611, #1934 ) ;
#1699 = VERTEX_POINT ( 'NONE', #2281 ) ;
#1700 = CARTESIAN_POINT ( 'NONE',  ( -1.187500000000001776, 0.4949000000000008392, 0.1069000000000008277 ) ) ;
#1701 = CARTESIAN_POINT ( 'NONE',  ( -1.125000000000001998, -0.5000000000000007772, 0.005000000000000543940 ) ) ;
#1702 = EDGE_CURVE ( 'NONE', #1198, #1519, #669, .T. ) ;
#1703 = LINE ( 'NONE', #1723, #2476 ) ;
#1704 = ORIENTED_EDGE ( 'NONE', *, *, #2795, .F. ) ;
#1705 = ORIENTED_EDGE ( 'NONE', *, *, #360, .F. ) ;
#1706 = DIRECTION ( 'NONE',  ( 0.000000000000000000, 0.9062549842224610908, 0.4227314792772673413 ) ) ;
#1707 = EDGE_LOOP ( 'NONE', ( #1317, #382, #3223, #2840 ) ) ;
#1708 = EDGE_CURVE ( 'NONE', #1307, #271, #3333, .T. ) ;
#1709 = DIRECTION ( 'NONE',  ( -1.000000000000000000, 1.224646799147353207E-16, -0.000000000000000000 ) ) ;
#1710 = EDGE_CURVE ( 'NONE', #2970, #1188, #1098, .T. ) ;
#1711 = CARTESIAN_POINT ( 'NONE',  ( -1.125000000000001998, 0.4949000000000008392, 1.023200000000001220 ) ) ;
#1712 = FACE_OUTER_BOUND ( 'NONE', #2724, .T. ) ;
#1713 = CARTESIAN_POINT ( 'NONE',  ( -0.5244999999999998552, 0.2349999999999999589, -7.000000000000000000 ) ) ;
#1714 = DIRECTION ( 'NONE',  ( 1.000000000000000000, -1.224646799147353207E-16, -0.000000000000000000 ) ) ;
#1715 = ORIENTED_EDGE ( 'NONE', *, *, #2703, .F. ) ;
#1716 = CARTESIAN_POINT ( 'NONE',  ( -0.2518750000000009037, 3.096135624758740851E-17, 11.17049329678453518 ) ) ;
#1717 = ORIENTED_EDGE ( 'NONE', *, *, #3009, .T. ) ;
#1718 = DIRECTION ( 'NONE',  ( 1.000000000000000000, -1.224646799147353207E-16, -0.000000000000000000 ) ) ;
#1719 = VECTOR ( 'NONE', #1448, 39.37007874015748143 ) ;
#1720 = FACE_OUTER_BOUND ( 'NONE', #544, .T. ) ;
#1721 = ORIENTED_EDGE ( 'NONE', *, *, #1391, .F. ) ;
#1722 = LINE ( 'NONE', #1790, #892 ) ;
#1723 = CARTESIAN_POINT ( 'NONE',  ( -1.187500000000001776, 0.4339263241866938570, 0.3600908324761689094 ) ) ;
#1724 = ORIENTED_EDGE ( 'NONE', *, *, #289, .T. ) ;
#1725 = EDGE_CURVE ( 'NONE', #4002, #3716, #3508, .T. ) ;
#1726 = CARTESIAN_POINT ( 'NONE',  ( -1.187500000000001776, 0.3546249791965799258, 0.8300000000000016254 ) ) ;
#1727 = ORIENTED_EDGE ( 'NONE', *, *, #2596, .T. ) ;
#1728 = DIRECTION ( 'NONE',  ( -1.657674753437052328E-16, -1.000000000000000000, 0.000000000000000000 ) ) ;
#1729 = VECTOR ( 'NONE', #694, 39.37007874015748143 ) ;
#1730 = DIRECTION ( 'NONE',  ( 1.000000000000000000, -1.224646799147353207E-16, -0.000000000000000000 ) ) ;
#1731 =( GEOMETRIC_REPRESENTATION_CONTEXT ( 3 ) GLOBAL_UNCERTAINTY_ASSIGNED_CONTEXT ( ( #2244 ) ) GLOBAL_UNIT_ASSIGNED_CONTEXT ( ( #965, #3770, #1270 ) ) REPRESENTATION_CONTEXT ( 'NONE', 'WORKASPACE' ) );
#1732 = EDGE_CURVE ( 'NONE', #3371, #2640, #1880, .T. ) ;
#1733 = PRODUCT_DEFINITION_SHAPE ( 'NONE', 'NONE',  #1912 ) ;
#1734 = AXIS2_PLACEMENT_3D ( 'NONE', #3910, #3572, #1078 ) ;
#1735 = VECTOR ( 'NONE', #835, 39.37007874015748143 ) ;
#1736 = CYLINDRICAL_SURFACE ( 'NONE', #1090, 0.8505000000000022542 ) ;
#1737 = FACE_BOUND ( 'NONE', #2654, .T. ) ;
#1738 = DIRECTION ( 'NONE',  ( 1.000000000000000000, -1.224646799147353207E-16, -0.000000000000000000 ) ) ;
#1739 = ORIENTED_EDGE ( 'NONE', *, *, #3194, .T. ) ;
#1740 = AXIS2_PLACEMENT_3D ( 'NONE', #1013, #118, #2957 ) ;
#1741 = EDGE_CURVE ( 'NONE', #813, #1898, #2341, .T. ) ;
#1742 = VECTOR ( 'NONE', #454, 39.37007874015748143 ) ;
#1743 = VECTOR ( 'NONE', #1267, 39.37007874015748143 ) ;
#1744 = CARTESIAN_POINT ( 'NONE',  ( -1.125000000000001998, -0.07771345515429375905, 0.5987501993688997270 ) ) ;
#1745 = ORIENTED_EDGE ( 'NONE', *, *, #3494, .T. ) ;
#1746 = CARTESIAN_POINT ( 'NONE',  ( 3.757567139478287022, 3.040712062319987030, 4.251842231245662518 ) ) ;
#1747 = PLANE ( 'NONE',  #845 ) ;
#1748 = AXIS2_PLACEMENT_3D ( 'NONE', #2816, #2487, #2507 ) ;
#1749 = CARTESIAN_POINT ( 'NONE',  ( -1.187500000000001776, 0.4508355833577858962, 0.7286589681549314745 ) ) ;
#1750 = SURFACE_STYLE_USAGE ( .BOTH. , #3387 ) ;
#1751 = ORIENTED_EDGE ( 'NONE', *, *, #395, .F. ) ;
#1752 = EDGE_LOOP ( 'NONE', ( #3510, #718, #447, #1928 ) ) ;
#1753 = CIRCLE ( 'NONE', #3951, 0.04000000000000001471 ) ;
#1754 =( NAMED_UNIT ( * ) PLANE_ANGLE_UNIT ( ) SI_UNIT ( $, .RADIAN. ) );
#1755 = CARTESIAN_POINT ( 'NONE',  ( -1.187500000000001776, 0.4949000000000008392, 0.1069000000000008277 ) ) ;
#1756 = CARTESIAN_POINT ( 'NONE',  ( -0.1658750000000010771, -1.025108929193149665, 1.217756915286110742 ) ) ;
#1757 = DIRECTION ( 'NONE',  ( -1.000000000000000000, 1.224646799147353207E-16, -0.000000000000000000 ) ) ;
#1758 = EDGE_CURVE ( 'NONE', #3557, #1767, #1554, .T. ) ;
#1759 = CARTESIAN_POINT ( 'NONE',  ( -0.1658750000000019098, -8.143817679043639401, 2.314582450388496442E-17 ) ) ;
#1760 = CARTESIAN_POINT ( 'NONE',  ( -0.5244999999999998552, -0.01500000000000004455, 7.000000000000000000 ) ) ;
#1761 = ORIENTED_EDGE ( 'NONE', *, *, #708, .F. ) ;
#1762 = EDGE_CURVE ( 'NONE', #766, #2533, #3219, .T. ) ;
#1763 = CARTESIAN_POINT ( 'NONE',  ( -1.125000000000001998, 0.09462271432538291172, 0.5625000000000006661 ) ) ;
#1764 = ORIENTED_EDGE ( 'NONE', *, *, #3187, .T. ) ;
#1765 = CARTESIAN_POINT ( 'NONE',  ( -0.1658750000000010771, -1.025108929193149665, 1.217756915286110742 ) ) ;
#1766 = CARTESIAN_POINT ( 'NONE',  ( -0.2518750000000007927, 1.057817679043635106, 0.7500000000000015543 ) ) ;
#1767 = VERTEX_POINT ( 'NONE', #1560 ) ;
#1768 = DIRECTION ( 'NONE',  ( 1.000000000000000000, -1.224646799147353207E-16, -0.000000000000000000 ) ) ;
#1769 = ADVANCED_FACE ( 'NONE', ( #973 ), #1, .F. ) ;
#1770 =( LENGTH_UNIT ( ) NAMED_UNIT ( * ) SI_UNIT ( $, .METRE. ) );
#1771 = EDGE_LOOP ( 'NONE', ( #1608, #1983 ) ) ;
#1772 = ORIENTED_EDGE ( 'NONE', *, *, #3337, .F. ) ;
#1773 =( NAMED_UNIT ( * ) PLANE_ANGLE_UNIT ( ) SI_UNIT ( $, .RADIAN. ) );
#1774 = FILL_AREA_STYLE_COLOUR ( '', #2265 ) ;
#1775 = ORIENTED_EDGE ( 'NONE', *, *, #945, .F. ) ;
#1776 = FACE_OUTER_BOUND ( 'NONE', #2170, .T. ) ;
#1777 = CYLINDRICAL_SURFACE ( 'NONE', #908, 0.03999999999999998002 ) ;
#1778 = ADVANCED_BREP_SHAPE_REPRESENTATION ( '', ( #2351, #1106 ), #2003 ) ;
#1779 = LINE ( 'NONE', #1149, #2598 ) ;
#1780 = LINE ( 'NONE', #3426, #3211 ) ;
#1781 = FACE_OUTER_BOUND ( 'NONE', #2426, .T. ) ;
#1782 = ORIENTED_EDGE ( 'NONE', *, *, #2371, .F. ) ;
#1783 = EDGE_CURVE ( 'NONE', #3039, #2374, #2216, .T. ) ;
#1784 = LINE ( 'NONE', #4039, #3884 ) ;
#1785 = VERTEX_POINT ( 'NONE', #2237 ) ;
#1786 = CYLINDRICAL_SURFACE ( 'NONE', #40, 0.5000000000000021094 ) ;
#1787 = CARTESIAN_POINT ( 'NONE',  ( -1.187500000000001776, 0.6499999999999986899, 0.9183496676073186205 ) ) ;
#1788 = ORIENTED_EDGE ( 'NONE', *, *, #295, .F. ) ;
#1789 = EDGE_CURVE ( 'NONE', #1056, #2512, #3803, .T. ) ;
#1790 = CARTESIAN_POINT ( 'NONE',  ( -1.125000000000001776, 0.7500000000000009992, 0.005000000000000543940 ) ) ;
#1791 = VECTOR ( 'NONE', #2991, 39.37007874015748143 ) ;
#1792 = DIRECTION ( 'NONE',  ( 0.000000000000000000, 1.000000000000000000, 0.000000000000000000 ) ) ;
#1793 = EDGE_LOOP ( 'NONE', ( #616, #2496, #349, #1282 ) ) ;
#1794 = ORIENTED_EDGE ( 'NONE', *, *, #1872, .F. ) ;
#1795 =( NAMED_UNIT ( * ) SI_UNIT ( $, .STERADIAN. ) SOLID_ANGLE_UNIT ( ) );
#1796 = EDGE_CURVE ( 'NONE', #609, #598, #1815, .T. ) ;
#1797 = CARTESIAN_POINT ( 'NONE',  ( -1.187500000000001776, -0.4339263241866936904, 0.7649091675238318677 ) ) ;
#1798 = FACE_OUTER_BOUND ( 'NONE', #2141, .T. ) ;
#1799 = ORIENTED_EDGE ( 'NONE', *, *, #1455, .T. ) ;
#1800 = LINE ( 'NONE', #3061, #4081 ) ;
#1801 = CARTESIAN_POINT ( 'NONE',  ( -1.125000000000001998, -0.3146249791965780584, 0.2550000000000015588 ) ) ;
#1802 = AXIS2_PLACEMENT_3D ( 'NONE', #2210, #346, #1592 ) ;
#1803 = LINE ( 'NONE', #223, #2211 ) ;
#1804 = CARTESIAN_POINT ( 'NONE',  ( 3.757567139478287022, 3.509541811157562030, 3.409562979451883802 ) ) ;
#1805 = VERTEX_POINT ( 'NONE', #1390 ) ;
#1806 = VECTOR ( 'NONE', #1336, 39.37007874015748143 ) ;
#1807 = VECTOR ( 'NONE', #2975, 39.37007874015748143 ) ;
#1808 = VECTOR ( 'NONE', #3652, 39.37007874015748143 ) ;
#1809 = EDGE_LOOP ( 'NONE', ( #3163, #2765, #4071, #1830 ) ) ;
#1810 = FACE_OUTER_BOUND ( 'NONE', #2637, .T. ) ;
#1811 = CIRCLE ( 'NONE', #2399, 0.4999999999999997224 ) ;
#1812 = DIRECTION ( 'NONE',  ( -0.000000000000000000, -0.000000000000000000, -1.000000000000000000 ) ) ;
#1813 = ORIENTED_EDGE ( 'NONE', *, *, #2243, .F. ) ;
#1814 = AXIS2_PLACEMENT_3D ( 'NONE', #3624, #221, #3691 ) ;
#1815 = CIRCLE ( 'NONE', #1740, 0.2199999999999999734 ) ;
#1816 = DIRECTION ( 'NONE',  ( -1.071729520524682605E-16, -0.8751335660786948578, -0.4838814333309210403 ) ) ;
#1817 = EDGE_LOOP ( 'NONE', ( #3209, #3105, #3599, #3970 ) ) ;
#1818 = VERTEX_POINT ( 'NONE', #3293 ) ;
#1819 = EDGE_CURVE ( 'NONE', #2182, #2114, #1112, .T. ) ;
#1820 = CARTESIAN_POINT ( 'NONE',  ( 1.023100000000000342, -2.731847993664263218E-16, 0.000000000000000000 ) ) ;
#1821 = FACE_OUTER_BOUND ( 'NONE', #3028, .T. ) ;
#1822 = FACE_OUTER_BOUND ( 'NONE', #343, .T. ) ;
#1823 = ORIENTED_EDGE ( 'NONE', *, *, #1937, .F. ) ;
#1824 = EDGE_CURVE ( 'NONE', #2420, #2752, #1069, .T. ) ;
#1825 = CARTESIAN_POINT ( 'NONE',  ( -1.187500000000001776, 0.3315342383676684324, 0.3312501993688997670 ) ) ;
#1826 = AXIS2_PLACEMENT_3D ( 'NONE', #2715, #3959, #2696 ) ;
#1827 = FACE_BOUND ( 'NONE', #177, .T. ) ;
#1828 = DIRECTION ( 'NONE',  ( 1.806777773587480111E-16, 1.000000000000000000, 0.000000000000000000 ) ) ;
#1829 = ORIENTED_EDGE ( 'NONE', *, *, #975, .T. ) ;
#1830 = ORIENTED_EDGE ( 'NONE', *, *, #743, .F. ) ;
#1831 = CARTESIAN_POINT ( 'NONE',  ( 0.3345000000000000751, -0.2349999999999999867, 7.000000000000000000 ) ) ;
#1832 = CYLINDRICAL_SURFACE ( 'NONE', #2612, 0.2039999999999995151 ) ;
#1833 = VERTEX_POINT ( 'NONE', #2340 ) ;
#1834 = CIRCLE ( 'NONE', #1319, 0.03999999999999998002 ) ;
#1835 = DIRECTION ( 'NONE',  ( 0.000000000000000000, -1.000000000000000000, 0.000000000000000000 ) ) ;
#1836 = CARTESIAN_POINT ( 'NONE',  ( -1.187500000000001776, 0.07771345515429266271, 0.5262498006311019383 ) ) ;
#1837 = ORIENTED_EDGE ( 'NONE', *, *, #932, .F. ) ;
#1838 = VERTEX_POINT ( 'NONE', #469 ) ;
#1839 = DIRECTION ( 'NONE',  ( 0.000000000000000000, 1.000000000000000000, 0.000000000000000000 ) ) ;
#1840 = ORIENTED_EDGE ( 'NONE', *, *, #2749, .F. ) ;
#1841 = DIRECTION ( 'NONE',  ( 8.542704229055181990E-18, 0.06975647374412725921, -0.9975640502598241977 ) ) ;
#1842 = EDGE_CURVE ( 'NONE', #523, #2486, #2864, .T. ) ;
#1843 = DIRECTION ( 'NONE',  ( -1.280104479605246630E-17, -0.1045284632676544145, -0.9945218953682732899 ) ) ;
#1844 = DIRECTION ( 'NONE',  ( 1.000000000000000000, -1.224646799147353207E-16, -0.000000000000000000 ) ) ;
#1845 = PLANE ( 'NONE',  #3453 ) ;
#1846 = ORIENTED_EDGE ( 'NONE', *, *, #3824, .F. ) ;
#1847 = EDGE_CURVE ( 'NONE', #3299, #1566, #1672, .T. ) ;
#1848 = DIRECTION ( 'NONE',  ( -1.657674753437052328E-16, -1.000000000000000000, 0.000000000000000000 ) ) ;
#1849 = EDGE_LOOP ( 'NONE', ( #2051, #1451, #4084, #145 ) ) ;
#1850 = CARTESIAN_POINT ( 'NONE',  ( -1.187500000000001776, 0.4888948972067494458, 0.4086491035602470290 ) ) ;
#1851 = DIRECTION ( 'NONE',  ( -1.000000000000000000, 0.000000000000000000, 0.000000000000000000 ) ) ;
#1852 = EDGE_LOOP ( 'NONE', ( #1076, #3983, #2316, #1745 ) ) ;
#1853 = FACE_OUTER_BOUND ( 'NONE', #1464, .T. ) ;
#1854 = LINE ( 'NONE', #660, #1743 ) ;
#1855 = ORIENTED_EDGE ( 'NONE', *, *, #2973, .T. ) ;
#1856 = ORIENTED_EDGE ( 'NONE', *, *, #1642, .F. ) ;
#1857 = DIRECTION ( 'NONE',  ( -5.997880482304886853E-17, 1.000000000000000000, 1.101361642698176214E-49 ) ) ;
#1858 = DIRECTION ( 'NONE',  ( 0.000000000000000000, 1.000000000000000000, 0.000000000000000000 ) ) ;
#1859 = CARTESIAN_POINT ( 'NONE',  ( -0.3344999999999997975, -0.2350000000000000422, -7.000000000000000000 ) ) ;
#1860 = ORIENTED_EDGE ( 'NONE', *, *, #3643, .F. ) ;
#1861 = CARTESIAN_POINT ( 'NONE',  ( -0.1658750000000010771, -1.057817679043634662, 0.7500000000000026645 ) ) ;
#1862 = VECTOR ( 'NONE', #3688, 39.37007874015748854 ) ;
#1863 = CARTESIAN_POINT ( 'NONE',  ( 3.757567139478287022, 3.040712062319987030, 4.189342231245662518 ) ) ;
#1864 = FACE_OUTER_BOUND ( 'NONE', #399, .T. ) ;
#1865 = DIRECTION ( 'NONE',  ( -0.000000000000000000, -3.345789188617048764E-15, 1.000000000000000000 ) ) ;
#1866 = EDGE_CURVE ( 'NONE', #1207, #2374, #371, .T. ) ;
#1867 = DIRECTION ( 'NONE',  ( 1.000000000000000000, -1.224646799147353207E-16, 0.000000000000000000 ) ) ;
#1868 = ORIENTED_EDGE ( 'NONE', *, *, #1595, .T. ) ;
#1869 = LINE ( 'NONE', #1565, #1495 ) ;
#1870 = ORIENTED_EDGE ( 'NONE', *, *, #727, .T. ) ;
#1871 = AXIS2_PLACEMENT_3D ( 'NONE', #2433, #3054, #3034 ) ;
#1872 = EDGE_CURVE ( 'NONE', #2239, #338, #2993, .T. ) ;
#1873 = VECTOR ( 'NONE', #2544, 39.37007874015748143 ) ;
#1874 = VECTOR ( 'NONE', #977, 39.37007874015748143 ) ;
#1875 = FACE_BOUND ( 'NONE', #265, .T. ) ;
#1876 = PLANE ( 'NONE',  #3865 ) ;
#1877 = ORIENTED_EDGE ( 'NONE', *, *, #929, .F. ) ;
#1878 = ORIENTED_EDGE ( 'NONE', *, *, #497, .T. ) ;
#1879 = VECTOR ( 'NONE', #2798, 39.37007874015748143 ) ;
#1880 = CIRCLE ( 'NONE', #771, 0.2060000000000000719 ) ;
#1881 = DIRECTION ( 'NONE',  ( -1.000000000000000000, 0.000000000000000000, -0.000000000000000000 ) ) ;
#1882 = VECTOR ( 'NONE', #2818, 39.37007874015748143 ) ;
#1883 = DIRECTION ( 'NONE',  ( 1.000000000000000000, -1.224646799147353207E-16, -0.000000000000000000 ) ) ;
#1884 = ORIENTED_EDGE ( 'NONE', *, *, #2083, .F. ) ;
#1885 = CARTESIAN_POINT ( 'NONE',  ( 3.655667139478286920, 3.040712062319987030, 4.189342231245662518 ) ) ;
#1886 = VECTOR ( 'NONE', #3193, 39.37007874015747433 ) ;
#1887 = SHAPE_REPRESENTATION_RELATIONSHIP ( 'NONE' , 'NONE' ,  #3462, #1778 ) ;
#1888 = EDGE_CURVE ( 'NONE', #3167, #2179, #2209, .T. ) ;
#1889 = CARTESIAN_POINT ( 'NONE',  ( -1.125000000000001998, -0.7500000000000007772, 0.1249999999999998335 ) ) ;
#1890 = EDGE_LOOP ( 'NONE', ( #242, #2264, #2972, #3086 ) ) ;
#1891 = CARTESIAN_POINT ( 'NONE',  ( -1.125000000000001998, 4.503743727510895068E-17, 0.4417598911883103829 ) ) ;
#1892 = DIRECTION ( 'NONE',  ( 0.000000000000000000, 0.9062549842224584262, -0.4227314792772729479 ) ) ;
#1893 = VERTEX_POINT ( 'NONE', #200 ) ;
#1894 = ADVANCED_FACE ( 'NONE', ( #1530 ), #2148, .T. ) ;
#1895 = DIRECTION ( 'NONE',  ( 1.000000000000000000, -1.224646799147353207E-16, -0.000000000000000000 ) ) ;
#1896 = AXIS2_PLACEMENT_3D ( 'NONE', #337, #1584, #2842 ) ;
#1897 = DIRECTION ( 'NONE',  ( 0.000000000000000000, 1.000000000000000000, 0.000000000000000000 ) ) ;
#1898 = VERTEX_POINT ( 'NONE', #1146 ) ;
#1899 = VERTEX_POINT ( 'NONE', #4048 ) ;
#1900 = CARTESIAN_POINT ( 'NONE',  ( 3.821542139478287581, 2.285712062319987581, 3.064342231245660297 ) ) ;
#1901 = EDGE_CURVE ( 'NONE', #1785, #1068, #2543, .T. ) ;
#1902 = DIRECTION ( 'NONE',  ( 0.000000000000000000, -1.000000000000000000, 0.000000000000000000 ) ) ;
#1903 = VERTEX_POINT ( 'NONE', #2052 ) ;
#1904 = DIRECTION ( 'NONE',  ( 1.000000000000000000, -1.224646799147353207E-16, -0.000000000000000000 ) ) ;
#1905 = DIRECTION ( 'NONE',  ( -1.000000000000000000, 1.224646799147353207E-16, -0.000000000000000000 ) ) ;
#1906 = CARTESIAN_POINT ( 'NONE',  ( -1.187500000000001776, 0.3146249791965772258, 0.2550000000000000044 ) ) ;
#1907 = CARTESIAN_POINT ( 'NONE',  ( -1.187500000000001998, -0.4888948972067482801, 0.4086491035602488608 ) ) ;
#1908 = EDGE_LOOP ( 'NONE', ( #3243, #4046, #3075, #3367, #3586, #1916, #695, #1108, #2360, #3570, #3292, #3530, #3460, #1122, #1327 ) ) ;
#1909 = LINE ( 'NONE', #2240, #576 ) ;
#1910 = DIRECTION ( 'NONE',  ( 0.000000000000000000, -0.9062549842224560948, 0.4227314792772784435 ) ) ;
#1911 = ORIENTED_EDGE ( 'NONE', *, *, #462, .F. ) ;
#1912 = PRODUCT_DEFINITION ( 'UNKNOWN', '', #2877, #3869 ) ;
#1913 = CYLINDRICAL_SURFACE ( 'NONE', #3661, 0.4374999999999998890 ) ;
#1914 = DIRECTION ( 'NONE',  ( 0.000000000000000000, 0.000000000000000000, 1.000000000000000000 ) ) ;
#1915 = ORIENTED_EDGE ( 'NONE', *, *, #1539, .T. ) ;
#1916 = ORIENTED_EDGE ( 'NONE', *, *, #3571, .F. ) ;
#1917 = EDGE_CURVE ( 'NONE', #2634, #22, #1463, .T. ) ;
#1918 = LENGTH_MEASURE_WITH_UNIT ( LENGTH_MEASURE( 0.02539999999999999897 ), #3189 );
#1919 = CYLINDRICAL_SURFACE ( 'NONE', #1620, 0.5000000000000021094 ) ;
#1920 = VERTEX_POINT ( 'NONE', #282 ) ;
#1921 = DIRECTION ( 'NONE',  ( 1.000000000000000000, -1.224646799147353207E-16, -0.000000000000000000 ) ) ;
#1922 = ADVANCED_FACE ( 'NONE', ( #1776 ), #2788, .F. ) ;
#1923 = CARTESIAN_POINT ( 'NONE',  ( 3.757567139478287022, 3.509541811157562030, 3.409562979451883802 ) ) ;
#1924 = CARTESIAN_POINT ( 'NONE',  ( -1.125000000000001776, 0.7499999999999986677, 0.2066503323926765501 ) ) ;
#1925 = ORIENTED_EDGE ( 'NONE', *, *, #1070, .T. ) ;
#1926 = LINE ( 'NONE', #3781, #1232 ) ;
#1927 = LINE ( 'NONE', #2824, #3616 ) ;
#1928 = ORIENTED_EDGE ( 'NONE', *, *, #676, .T. ) ;
#1929 = AXIS2_PLACEMENT_3D ( 'NONE', #2097, #3370, #1792 ) ;
#1930 = FACE_OUTER_BOUND ( 'NONE', #152, .T. ) ;
#1931 = ORIENTED_EDGE ( 'NONE', *, *, #1842, .T. ) ;
#1932 = PRESENTATION_LAYER_ASSIGNMENT (  '', '', ( #2055 ) ) ;
#1933 = ORIENTED_EDGE ( 'NONE', *, *, #2445, .F. ) ;
#1934 = VECTOR ( 'NONE', #1381, 39.37007874015748143 ) ;
#1935 = VECTOR ( 'NONE', #2105, 39.37007874015748143 ) ;
#1936 = DIRECTION ( 'NONE',  ( -9.106159978880879860E-17, -0.4838814333309209847, -0.8751335660786947468 ) ) ;
#1937 = EDGE_CURVE ( 'NONE', #4045, #636, #815, .T. ) ;
#1938 = CARTESIAN_POINT ( 'NONE',  ( -1.187500000000001998, -0.7162392253302760636, 0.2815660518889545050 ) ) ;
#1939 = VECTOR ( 'NONE', #2823, 39.37007874015748143 ) ;
#1940 = LINE ( 'NONE', #1085, #585 ) ;
#1941 = VECTOR ( 'NONE', #4030, 39.37007874015748143 ) ;
#1942 = VECTOR ( 'NONE', #3158, 39.37007874015748143 ) ;
#1943 = MECHANICAL_DESIGN_GEOMETRIC_PRESENTATION_REPRESENTATION (  '', ( #3655 ), #3944 ) ;
#1944 = ADVANCED_FACE ( 'NONE', ( #1822 ), #555, .F. ) ;
#1945 = CARTESIAN_POINT ( 'NONE',  ( -0.1658750000000010771, -1.057817679043634662, 0.7500000000000026645 ) ) ;
#1946 = SURFACE_STYLE_USAGE ( .BOTH. , #782 ) ;
#1947 = CIRCLE ( 'NONE', #3339, 0.03999999999999998002 ) ;
#1948 = EDGE_CURVE ( 'NONE', #1068, #691, #2751, .T. ) ;
#1949 = ORIENTED_EDGE ( 'NONE', *, *, #2249, .F. ) ;
#1950 = CARTESIAN_POINT ( 'NONE',  ( -0.2518749999999998490, 8.521817679043639515, -1.069593372961820351E-15 ) ) ;
#1951 = DIRECTION ( 'NONE',  ( 1.000000000000000000, -1.224646799147353207E-16, -0.000000000000000000 ) ) ;
#1952 = ORIENTED_EDGE ( 'NONE', *, *, #3610, .T. ) ;
#1953 = FACE_OUTER_BOUND ( 'NONE', #468, .T. ) ;
#1954 = ORIENTED_EDGE ( 'NONE', *, *, #1702, .T. ) ;
#1955 = DIRECTION ( 'NONE',  ( 1.224646799147353207E-16, 1.000000000000000000, -1.672894594308647839E-15 ) ) ;
#1956 = VERTEX_POINT ( 'NONE', #2419 ) ;
#1957 = CIRCLE ( 'NONE', #724, 0.1899999999999999467 ) ;
#1958 = PRODUCT_CONTEXT ( 'NONE', #480, 'mechanical' ) ;
#1959 = DIRECTION ( 'NONE',  ( 0.000000000000000000, 0.000000000000000000, -1.000000000000000000 ) ) ;
#1960 = LINE ( 'NONE', #2968, #364 ) ;
#1961 = CARTESIAN_POINT ( 'NONE',  ( -1.125000000000001998, 0.5000000000000009992, 0.005000000000000543940 ) ) ;
#1962 = ADVANCED_FACE ( 'NONE', ( #2457 ), #219, .F. ) ;
#1963 = EDGE_CURVE ( 'NONE', #988, #1269, #2736, .T. ) ;
#1964 = PLANE ( 'NONE',  #2336 ) ;
#1965 = ORIENTED_EDGE ( 'NONE', *, *, #2482, .F. ) ;
#1966 = DIRECTION ( 'NONE',  ( 0.000000000000000000, 1.000000000000000000, 0.000000000000000000 ) ) ;
#1967 = LINE ( 'NONE', #2631, #3286 ) ;
#1968 = VERTEX_POINT ( 'NONE', #2723 ) ;
#1969 = EDGE_CURVE ( 'NONE', #2548, #2431, #972, .T. ) ;
#1970 = CARTESIAN_POINT ( 'NONE',  ( -1.187500000000001776, 0.3146249791965799458, 0.8300000000000016254 ) ) ;
#1971 = ORIENTED_EDGE ( 'NONE', *, *, #2011, .T. ) ;
#1972 = CARTESIAN_POINT ( 'NONE',  ( 3.757567139478286133, 1.790712062319987030, 4.251842231245662518 ) ) ;
#1973 = ORIENTED_EDGE ( 'NONE', *, *, #682, .F. ) ;
#1974 = LINE ( 'NONE', #3249, #35 ) ;
#1975 = DIRECTION ( 'NONE',  ( -5.176967529957380941E-17, -0.4227314792772730034, -0.9062549842224585372 ) ) ;
#1976 = LINE ( 'NONE', #2253, #2606 ) ;
#1977 = VECTOR ( 'NONE', #3361, 39.37007874015748143 ) ;
#1978 = CARTESIAN_POINT ( 'NONE',  ( -1.187500000000001776, -0.5000000000000007772, 0.1018000000000005428 ) ) ;
#1979 = EDGE_CURVE ( 'NONE', #1269, #1968, #264, .T. ) ;
#1980 = EDGE_LOOP ( 'NONE', ( #1644, #1192, #1788, #536 ) ) ;
#1981 = DIRECTION ( 'NONE',  ( 1.000000000000000000, -1.224646799147353207E-16, -0.000000000000000000 ) ) ;
#1982 = DIRECTION ( 'NONE',  ( -0.000000000000000000, -0.9062549842224582042, -0.4227314792772736141 ) ) ;
#1983 = ORIENTED_EDGE ( 'NONE', *, *, #137, .F. ) ;
#1984 = ADVANCED_FACE ( 'NONE', ( #514 ), #3059, .F. ) ;
#1985 = PLANE ( 'NONE',  #3794 ) ;
#1986 = ORIENTED_EDGE ( 'NONE', *, *, #1309, .T. ) ;
#1987 = CARTESIAN_POINT ( 'NONE',  ( -1.125000000000001998, 0.4339263241866951892, 0.7649091675238298693 ) ) ;
#1988 = ORIENTED_EDGE ( 'NONE', *, *, #548, .F. ) ;
#1989 = CARTESIAN_POINT ( 'NONE',  ( -0.3344999999999999640, -0.2050000000000000711, 7.000000000000000000 ) ) ;
#1990 = CARTESIAN_POINT ( 'NONE',  ( -1.187500000000001998, -0.7500000000000005551, 0.2066503323926765501 ) ) ;
#1991 = VERTEX_POINT ( 'NONE', #3689 ) ;
#1992 = CARTESIAN_POINT ( 'NONE',  ( -0.1658749999999999114, 8.332817679043639458, -0.8505000000000022542 ) ) ;
#1993 = AXIS2_PLACEMENT_3D ( 'NONE', #1124, #506, #1456 ) ;
#1994 = CIRCLE ( 'NONE', #504, 0.2039999999999995151 ) ;
#1995 = CARTESIAN_POINT ( 'NONE',  ( -0.2518750000000007927, 1.057817679043635106, 0.7500000000000015543 ) ) ;
#1996 = AXIS2_PLACEMENT_3D ( 'NONE', #3466, #974, #1599 ) ;
#1997 = VECTOR ( 'NONE', #2856, 39.37007874015748143 ) ;
#1998 = DIRECTION ( 'NONE',  ( 1.000000000000000000, -1.224646799147353207E-16, -0.000000000000000000 ) ) ;
#1999 = VECTOR ( 'NONE', #3756, 39.37007874015748143 ) ;
#2000 = CARTESIAN_POINT ( 'NONE',  ( 3.757567139478287022, 2.780712062319987243, 4.251842231245662518 ) ) ;
#2001 = DIRECTION ( 'NONE',  ( -1.000000000000000000, 1.224646799147353207E-16, 0.000000000000000000 ) ) ;
#2002 = ORIENTED_EDGE ( 'NONE', *, *, #4038, .T. ) ;
#2003 =( GEOMETRIC_REPRESENTATION_CONTEXT ( 3 ) GLOBAL_UNCERTAINTY_ASSIGNED_CONTEXT ( ( #3206 ) ) GLOBAL_UNIT_ASSIGNED_CONTEXT ( ( #1508, #2831, #3484 ) ) REPRESENTATION_CONTEXT ( 'NONE', 'WORKASPACE' ) );
#2004 = ADVANCED_FACE ( 'NONE', ( #1798 ), #240, .F. ) ;
#2005 = FACE_OUTER_BOUND ( 'NONE', #1752, .T. ) ;
#2006 = ORIENTED_EDGE ( 'NONE', *, *, #1762, .F. ) ;
#2007 = CARTESIAN_POINT ( 'NONE',  ( 0.5545000000000001039, -0.01499999999999998383, 7.000000000000000000 ) ) ;
#2008 = CARTESIAN_POINT ( 'NONE',  ( -0.3344999999999998530, -0.01500000000000001159, 7.000000000000000000 ) ) ;
#2009 = VECTOR ( 'NONE', #2093, 39.37007874015748854 ) ;
#2010 = DIMENSIONAL_EXPONENTS ( 1.000000000000000000, 0.000000000000000000, 0.000000000000000000, 0.000000000000000000, 0.000000000000000000, 0.000000000000000000, 0.000000000000000000 ) ;
#2011 = EDGE_CURVE ( 'NONE', #1229, #2797, #1255, .T. ) ;
#2012 = DIRECTION ( 'NONE',  ( 0.000000000000000000, -1.000000000000000000, 0.000000000000000000 ) ) ;
#2013 = CARTESIAN_POINT ( 'NONE',  ( -0.1658750000000020486, -9.183317679043641490, 0.000000000000000000 ) ) ;
#2014 = ORIENTED_EDGE ( 'NONE', *, *, #1917, .T. ) ;
#2015 = LINE ( 'NONE', #2277, #2347 ) ;
#2016 = EDGE_CURVE ( 'NONE', #3357, #2165, #1556, .T. ) ;
#2017 = AXIS2_PLACEMENT_3D ( 'NONE', #1075, #1951, #3585 ) ;
#2018 = DIRECTION ( 'NONE',  ( 0.000000000000000000, 1.000000000000000000, 0.000000000000000000 ) ) ;
#2019 = CARTESIAN_POINT ( 'NONE',  ( -0.1658750000000007996, 1.057817679043635106, 0.7500000000000015543 ) ) ;
#2020 = DIRECTION ( 'NONE',  ( 0.000000000000000000, 1.000000000000000000, 0.000000000000000000 ) ) ;
#2021 = ORIENTED_EDGE ( 'NONE', *, *, #111, .F. ) ;
#2022 = UNCERTAINTY_MEASURE_WITH_UNIT (LENGTH_MEASURE( 1.000000000000000082E-05 ), #2361, 'distance_accuracy_value', 'NONE');
#2023 = ORIENTED_EDGE ( 'NONE', *, *, #2878, .F. ) ;
#2024 = CARTESIAN_POINT ( 'NONE',  ( 3.757567139478286133, 0.7903943832763525856, 3.814342231245662962 ) ) ;
#2025 = ORIENTED_EDGE ( 'NONE', *, *, #2026, .F. ) ;
#2026 = EDGE_CURVE ( 'NONE', #2164, #1162, #2471, .T. ) ;
#2027 = DIRECTION ( 'NONE',  ( 0.000000000000000000, 0.4838814333309209847, -0.8751335660786947468 ) ) ;
#2028 = CARTESIAN_POINT ( 'NONE',  ( 3.757567139478286133, 1.530712062319987021, 4.251842231245662518 ) ) ;
#2029 = EDGE_LOOP ( 'NONE', ( #317, #1986, #2041, #2131, #1135, #1868, #947, #3960, #3521, #3995, #2540, #2458 ) ) ;
#2030 = ORIENTED_EDGE ( 'NONE', *, *, #3337, .T. ) ;
#2031 = EDGE_CURVE ( 'NONE', #2111, #2098, #385, .T. ) ;
#2032 = ORIENTED_EDGE ( 'NONE', *, *, #2065, .F. ) ;
#2033 = DIRECTION ( 'NONE',  ( -1.456522212818063339E-16, -1.000000000000000000, 0.000000000000000000 ) ) ;
#2034 = ADVANCED_FACE ( 'NONE', ( #966 ), #2851, .F. ) ;
#2035 = LINE ( 'NONE', #1174, #2996 ) ;
#2036 = CARTESIAN_POINT ( 'NONE',  ( -0.1658750000000019653, -8.332817679043639458, 0.000000000000000000 ) ) ;
#2037 = DIRECTION ( 'NONE',  ( 1.000000000000000000, -1.224646799147353207E-16, -0.000000000000000000 ) ) ;
#2038 = CARTESIAN_POINT ( 'NONE',  ( -1.187500000000001776, -0.4339263241866936904, 0.7649091675238318677 ) ) ;
#2039 = ORIENTED_EDGE ( 'NONE', *, *, #982, .F. ) ;
#2040 = CARTESIAN_POINT ( 'NONE',  ( 3.757567139478286133, 1.530712062319987021, 4.189342231245662518 ) ) ;
#2041 = ORIENTED_EDGE ( 'NONE', *, *, #2575, .T. ) ;
#2042 = DIRECTION ( 'NONE',  ( 0.000000000000000000, 0.000000000000000000, -1.000000000000000000 ) ) ;
#2043 = VECTOR ( 'NONE', #847, 39.37007874015748143 ) ;
#2044 = CARTESIAN_POINT ( 'NONE',  ( -1.187500000000001776, -0.3146249791965748943, 0.8700000000000029932 ) ) ;
#2045 = CARTESIAN_POINT ( 'NONE',  ( -1.187500000000001776, 0.9646363203188060842, 0.5624999999999976685 ) ) ;
#2046 = DIRECTION ( 'NONE',  ( 1.000000000000000000, -1.224646799147353207E-16, -0.000000000000000000 ) ) ;
#2047 = ORIENTED_EDGE ( 'NONE', *, *, #3444, .F. ) ;
#2048 = ORIENTED_EDGE ( 'NONE', *, *, #1741, .T. ) ;
#2049 = EDGE_CURVE ( 'NONE', #2533, #2382, #3459, .T. ) ;
#2050 =( CONVERSION_BASED_UNIT ( 'INCH', #579 ) LENGTH_UNIT ( ) NAMED_UNIT ( #213 ) );
#2051 = ORIENTED_EDGE ( 'NONE', *, *, #3703, .T. ) ;
#2052 = CARTESIAN_POINT ( 'NONE',  ( -0.2518749999999999045, 8.143817679043639401, -1.092739197465705287E-15 ) ) ;
#2053 = ORIENTED_EDGE ( 'NONE', *, *, #2979, .F. ) ;
#2054 = VECTOR ( 'NONE', #4044, 39.37007874015748143 ) ;
#2055 = STYLED_ITEM ( 'NONE', ( #2391 ), #996 ) ;
#2056 = AXIS2_PLACEMENT_3D ( 'NONE', #380, #3226, #1329 ) ;
#2057 = EDGE_CURVE ( 'NONE', #2970, #3350, #684, .T. ) ;
#2058 = AXIS2_PLACEMENT_3D ( 'NONE', #2489, #3091, #286 ) ;
#2059 = DIRECTION ( 'NONE',  ( 1.000000000000000000, -1.224646799147353207E-16, 0.000000000000000000 ) ) ;
#2060 = DIRECTION ( 'NONE',  ( 1.000000000000000000, -1.224646799147353207E-16, -0.000000000000000000 ) ) ;
#2061 = DIRECTION ( 'NONE',  ( 1.000000000000000000, -1.224646799147353207E-16, -0.000000000000000000 ) ) ;
#2062 = ORIENTED_EDGE ( 'NONE', *, *, #1324, .F. ) ;
#2063 = AXIS2_PLACEMENT_3D ( 'NONE', #1057, #141, #1966 ) ;
#2064 = AXIS2_PLACEMENT_3D ( 'NONE', #946, #3816, #1009 ) ;
#2065 = EDGE_CURVE ( 'NONE', #3384, #1838, #32, .T. ) ;
#2066 = AXIS2_PLACEMENT_3D ( 'NONE', #20, #1301, #311 ) ;
#2067 = CARTESIAN_POINT ( 'NONE',  ( -1.187500000000001776, -0.5000000000000007772, 1.023200000000001220 ) ) ;
#2068 = DIRECTION ( 'NONE',  ( 0.000000000000000000, 1.000000000000000000, 0.000000000000000000 ) ) ;
#2069 = ORIENTED_EDGE ( 'NONE', *, *, #814, .T. ) ;
#2070 = DIRECTION ( 'NONE',  ( -0.000000000000000000, -0.000000000000000000, -1.000000000000000000 ) ) ;
#2071 = DIRECTION ( 'NONE',  ( 0.000000000000000000, -1.000000000000000000, 0.000000000000000000 ) ) ;
#2072 = EDGE_LOOP ( 'NONE', ( #3685, #3031, #394, #2025, #2900, #2039, #2763, #2213 ) ) ;
#2073 = AXIS2_PLACEMENT_3D ( 'NONE', #3837, #1010, #1051 ) ;
#2074 = LINE ( 'NONE', #3348, #4074 ) ;
#2075 = CARTESIAN_POINT ( 'NONE',  ( -0.1658750000000010771, -1.025108929193149665, 1.217756915286110742 ) ) ;
#2076 = ORIENTED_EDGE ( 'NONE', *, *, #1123, .F. ) ;
#2077 = ORIENTED_EDGE ( 'NONE', *, *, #659, .T. ) ;
#2078 = VECTOR ( 'NONE', #418, 39.37007874015748143 ) ;
#2079 = CARTESIAN_POINT ( 'NONE',  ( -1.125000000000001998, -0.4508355833577845639, 0.7286589681549335840 ) ) ;
#2080 = DIRECTION ( 'NONE',  ( -0.000000000000000000, -0.000000000000000000, -1.000000000000000000 ) ) ;
#2081 = ORIENTED_EDGE ( 'NONE', *, *, #3477, .T. ) ;
#2082 = DIRECTION ( 'NONE',  ( -1.000000000000000000, 1.224646799147353207E-16, -0.000000000000000000 ) ) ;
#2083 = EDGE_CURVE ( 'NONE', #2706, #1818, #347, .T. ) ;
#2084 = AXIS2_PLACEMENT_3D ( 'NONE', #3008, #2449, #2071 ) ;
#2085 = CARTESIAN_POINT ( 'NONE',  ( -0.1658750000000019653, -8.332817679043639458, 0.8505000000000020322 ) ) ;
#2086 = CARTESIAN_POINT ( 'NONE',  ( -1.187500000000001776, 0.3146249791965769482, 0.8700000000000016609 ) ) ;
#2087 = LINE ( 'NONE', #522, #2711 ) ;
#2088 = ORIENTED_EDGE ( 'NONE', *, *, #2906, .F. ) ;
#2089 = EDGE_CURVE ( 'NONE', #612, #136, #3666, .T. ) ;
#2090 = DIRECTION ( 'NONE',  ( -1.000000000000000000, 1.224646799147353207E-16, -0.000000000000000000 ) ) ;
#2091 = EDGE_LOOP ( 'NONE', ( #1589, #1484, #475, #2734 ) ) ;
#2092 = DIRECTION ( 'NONE',  ( -1.806777773587480111E-16, -1.000000000000000000, 0.000000000000000000 ) ) ;
#2093 = DIRECTION ( 'NONE',  ( 0.000000000000000000, 0.9252097183857818097, -0.3794561595290057432 ) ) ;
#2094 = EDGE_LOOP ( 'NONE', ( #52, #551, #2198, #3841 ) ) ;
#2095 = ADVANCED_FACE ( 'NONE', ( #3836 ), #2814, .F. ) ;
#2096 = DIRECTION ( 'NONE',  ( 1.000000000000000000, -1.224646799147353207E-16, -0.000000000000000000 ) ) ;
#2097 = CARTESIAN_POINT ( 'NONE',  ( -1.187500000000001998, -0.6500000000000005773, 0.2066503323926765501 ) ) ;
#2098 = VERTEX_POINT ( 'NONE', #2169 ) ;
#2099 = ORIENTED_EDGE ( 'NONE', *, *, #2201, .T. ) ;
#2100 = DIRECTION ( 'NONE',  ( 1.000000000000000000, -1.224646799147353207E-16, -0.000000000000000000 ) ) ;
#2101 = CARTESIAN_POINT ( 'NONE',  ( 0.3345000000000000751, -0.01500000000000001159, 7.000000000000000000 ) ) ;
#2102 = DIRECTION ( 'NONE',  ( 0.000000000000000000, -1.000000000000000000, 0.000000000000000000 ) ) ;
#2103 = EDGE_LOOP ( 'NONE', ( #637, #1572, #1705, #2370 ) ) ;
#2104 = DIRECTION ( 'NONE',  ( 1.000000000000000000, -1.224646799147353207E-16, -0.000000000000000000 ) ) ;
#2105 = DIRECTION ( 'NONE',  ( 0.000000000000000000, 1.000000000000000000, 0.000000000000000000 ) ) ;
#2106 = DIRECTION ( 'NONE',  ( -1.365923996832129884E-16, -1.000000000000000000, 0.000000000000000000 ) ) ;
#2107 = DIRECTION ( 'NONE',  ( 1.000000000000000000, -1.224646799147353207E-16, -0.000000000000000000 ) ) ;
#2108 = ORIENTED_EDGE ( 'NONE', *, *, #3057, .T. ) ;
#2109 = EDGE_CURVE ( 'NONE', #2623, #3044, #75, .T. ) ;
#2110 = DIRECTION ( 'NONE',  ( -1.000000000000000000, -1.138269997360108984E-15, -0.000000000000000000 ) ) ;
#2111 = VERTEX_POINT ( 'NONE', #3441 ) ;
#2112 = CARTESIAN_POINT ( 'NONE',  ( -1.187500000000001998, -0.5896363203188079716, 0.5624999999999976685 ) ) ;
#2113 = CARTESIAN_POINT ( 'NONE',  ( 3.757567139478286133, 1.227894383276352475, 3.814342231245662962 ) ) ;
#2114 = VERTEX_POINT ( 'NONE', #1577 ) ;
#2115 = ADVANCED_FACE ( 'NONE', ( #619 ), #1919, .T. ) ;
#2116 = LINE ( 'NONE', #2372, #568 ) ;
#2117 = CARTESIAN_POINT ( 'NONE',  ( -1.187500000000001776, 0.3315342383676681548, 0.7937498006311020093 ) ) ;
#2118 = VERTEX_POINT ( 'NONE', #1938 ) ;
#2119 = ORIENTED_EDGE ( 'NONE', *, *, #1598, .T. ) ;
#2120 = DIRECTION ( 'NONE',  ( 0.000000000000000000, -1.000000000000000000, 0.000000000000000000 ) ) ;
#2121 = DIRECTION ( 'NONE',  ( -0.000000000000000000, -0.000000000000000000, -1.000000000000000000 ) ) ;
#2122 = ORIENTED_EDGE ( 'NONE', *, *, #553, .F. ) ;
#2123 = DIRECTION ( 'NONE',  ( -0.000000000000000000, 0.9062549842224582042, -0.4227314792772736141 ) ) ;
#2124 = CIRCLE ( 'NONE', #2396, 0.4999999999999997224 ) ;
#2125 = DIRECTION ( 'NONE',  ( 1.000000000000000000, -1.224646799147353207E-16, -0.000000000000000000 ) ) ;
#2126 = CARTESIAN_POINT ( 'NONE',  ( -0.2518750000000019584, -8.332817679043639458, 0.000000000000000000 ) ) ;
#2127 = VERTEX_POINT ( 'NONE', #3153 ) ;
#2128 = AXIS2_PLACEMENT_3D ( 'NONE', #1970, #1102, #2307 ) ;
#2129 = CIRCLE ( 'NONE', #3267, 0.1889999999999995295 ) ;
#2130 = AXIS2_PLACEMENT_3D ( 'NONE', #1383, #1718, #1682 ) ;
#2131 = ORIENTED_EDGE ( 'NONE', *, *, #3003, .T. ) ;
#2132 = CARTESIAN_POINT ( 'NONE',  ( -1.125000000000001776, 0.7500000000000009992, 0.005000000000000543940 ) ) ;
#2133 = AXIS2_PLACEMENT_3D ( 'NONE', #1210, #3038, #3420 ) ;
#2134 = FACE_BOUND ( 'NONE', #3342, .T. ) ;
#2135 = VERTEX_POINT ( 'NONE', #1859 ) ;
#2136 = EDGE_CURVE ( 'NONE', #2098, #1606, #449, .T. ) ;
#2137 = VECTOR ( 'NONE', #3738, 39.37007874015748143 ) ;
#2138 = AXIS2_PLACEMENT_3D ( 'NONE', #3487, #57, #2892 ) ;
#2139 = CARTESIAN_POINT ( 'NONE',  ( -1.187500000000001776, -0.3315342383676688209, 0.3312501993689012658 ) ) ;
#2140 = LINE ( 'NONE', #1836, #904 ) ;
#2141 = EDGE_LOOP ( 'NONE', ( #2903, #3113, #3051, #412 ) ) ;
#2142 = ORIENTED_EDGE ( 'NONE', *, *, #770, .T. ) ;
#2143 = AXIS2_PLACEMENT_3D ( 'NONE', #3252, #1651, #1350 ) ;
#2144 = DIRECTION ( 'NONE',  ( 1.000000000000000000, 0.000000000000000000, 0.000000000000000000 ) ) ;
#2145 = EDGE_CURVE ( 'NONE', #2408, #2684, #1100, .T. ) ;
#2146 = PRODUCT_DEFINITION_FORMATION_WITH_SPECIFIED_SOURCE ( 'ANY', '', #3625, .NOT_KNOWN. ) ;
#2147 = CARTESIAN_POINT ( 'NONE',  ( -0.1658750000000019653, -8.332817679043639458, 0.8505000000000020322 ) ) ;
#2148 = CYLINDRICAL_SURFACE ( 'NONE', #3736, 0.2199999999999999734 ) ;
#2149 = VERTEX_POINT ( 'NONE', #303 ) ;
#2150 = FACE_OUTER_BOUND ( 'NONE', #2517, .T. ) ;
#2151 = EDGE_CURVE ( 'NONE', #3330, #643, #2251, .T. ) ;
#2152 = AXIS2_PLACEMENT_3D ( 'NONE', #1766, #3701, #3654 ) ;
#2153 = FACE_BOUND ( 'NONE', #1365, .T. ) ;
#2154 = PLANE ( 'NONE',  #222 ) ;
#2155 = EDGE_LOOP ( 'NONE', ( #942, #3036, #2291, #928 ) ) ;
#2156 = CIRCLE ( 'NONE', #389, 0.04000000000000004940 ) ;
#2157 = DIRECTION ( 'NONE',  ( 1.224646799147353207E-16, 1.000000000000000000, 0.000000000000000000 ) ) ;
#2158 = ORIENTED_EDGE ( 'NONE', *, *, #2855, .F. ) ;
#2159 = DIRECTION ( 'NONE',  ( 0.000000000000000000, 1.000000000000000000, 0.000000000000000000 ) ) ;
#2160 = CARTESIAN_POINT ( 'NONE',  ( -0.1658749999999999392, 8.143817679043639401, -1.092739197465705287E-15 ) ) ;
#2161 = ORIENTED_EDGE ( 'NONE', *, *, #3753, .T. ) ;
#2162 = CARTESIAN_POINT ( 'NONE',  ( -1.125000000000001998, -0.7500000000000007772, 0.005000000000000543940 ) ) ;
#2163 = PLANE ( 'NONE',  #4080 ) ;
#2164 = VERTEX_POINT ( 'NONE', #3125 ) ;
#2165 = VERTEX_POINT ( 'NONE', #2522 ) ;
#2166 = PRODUCT_CONTEXT ( 'NONE', #2737, 'mechanical' ) ;
#2167 = CARTESIAN_POINT ( 'NONE',  ( 3.757567139478286133, 1.227894383276352475, 4.251842231245662518 ) ) ;
#2168 = EDGE_CURVE ( 'NONE', #3122, #3488, #3391, .T. ) ;
#2169 = CARTESIAN_POINT ( 'NONE',  ( 3.655667139478286476, 1.530712062319987021, 4.189342231245662518 ) ) ;
#2170 = EDGE_LOOP ( 'NONE', ( #2843, #1507, #280, #1182 ) ) ;
#2171 = CARTESIAN_POINT ( 'NONE',  ( -0.1658750000000010771, -1.025108929193149665, 1.217756915286110742 ) ) ;
#2172 = EDGE_CURVE ( 'NONE', #2629, #2940, #3322, .T. ) ;
#2173 = LINE ( 'NONE', #3445, #1942 ) ;
#2174 = CARTESIAN_POINT ( 'NONE',  ( -1.187500000000001998, -0.7500000000000009992, 1.000000000000001332 ) ) ;
#2175 = DIRECTION ( 'NONE',  ( 0.000000000000000000, 1.000000000000000000, 0.000000000000000000 ) ) ;
#2176 = ORIENTED_EDGE ( 'NONE', *, *, #289, .F. ) ;
#2177 = FACE_OUTER_BOUND ( 'NONE', #3873, .T. ) ;
#2178 = LINE ( 'NONE', #1281, #61 ) ;
#2179 = VERTEX_POINT ( 'NONE', #3543 ) ;
#2180 = FACE_BOUND ( 'NONE', #858, .T. ) ;
#2181 = FACE_OUTER_BOUND ( 'NONE', #1389, .T. ) ;
#2182 = VERTEX_POINT ( 'NONE', #3598 ) ;
#2183 = ORIENTED_EDGE ( 'NONE', *, *, #3849, .T. ) ;
#2184 = CIRCLE ( 'NONE', #485, 0.8505000000000022542 ) ;
#2185 = DIRECTION ( 'NONE',  ( 1.000000000000000000, -1.224646799147353207E-16, -0.000000000000000000 ) ) ;
#2186 = CARTESIAN_POINT ( 'NONE',  ( 3.655667139478286476, 1.530712062319987021, 4.189342231245662518 ) ) ;
#2187 = ORIENTED_EDGE ( 'NONE', *, *, #4062, .T. ) ;
#2188 = CARTESIAN_POINT ( 'NONE',  ( -0.1658750000000011326, -2.049861513329596985, 0.4415117668857341249 ) ) ;
#2189 = EDGE_CURVE ( 'NONE', #852, #1893, #1385, .T. ) ;
#2190 = DIRECTION ( 'NONE',  ( 1.657674753437052328E-16, 1.000000000000000000, 0.000000000000000000 ) ) ;
#2191 = LINE ( 'NONE', #287, #1618 ) ;
#2192 = DIRECTION ( 'NONE',  ( 1.138269997360108984E-15, -1.000000000000000000, 0.000000000000000000 ) ) ;
#2193 = EDGE_CURVE ( 'NONE', #1250, #3081, #2124, .T. ) ;
#2194 = DIRECTION ( 'NONE',  ( 0.000000000000000000, 1.000000000000000000, 0.000000000000000000 ) ) ;
#2195 = VERTEX_POINT ( 'NONE', #2013 ) ;
#2196 = LINE ( 'NONE', #2259, #2275 ) ;
#2197 = FACE_OUTER_BOUND ( 'NONE', #3680, .T. ) ;
#2198 = ORIENTED_EDGE ( 'NONE', *, *, #3880, .F. ) ;
#2199 = CIRCLE ( 'NONE', #101, 0.3749999999999999445 ) ;
#2200 = CIRCLE ( 'NONE', #2728, 0.03999999999999998002 ) ;
#2201 = EDGE_CURVE ( 'NONE', #615, #127, #1703, .T. ) ;
#2202 = AXIS2_PLACEMENT_3D ( 'NONE', #1541, #3409, #2714 ) ;
#2203 = AXIS2_PLACEMENT_3D ( 'NONE', #3975, #3656, #4025 ) ;
#2204 = DIRECTION ( 'NONE',  ( -1.000000000000000000, 1.224646799147353207E-16, -0.000000000000000000 ) ) ;
#2205 = CARTESIAN_POINT ( 'NONE',  ( -1.125000000000001776, 0.4888948972067503340, 0.7163508964397511392 ) ) ;
#2206 = EDGE_LOOP ( 'NONE', ( #79, #714, #3981, #574, #3308, #981, #509, #2293, #1313, #398, #2557, #1915, #3098, #1764, #2247, #292, #3629, #2030, #855, #3612, #3307, #3024, #2306, #2777, #3787 ) ) ;
#2207 = ORIENTED_EDGE ( 'NONE', *, *, #345, .T. ) ;
#2208 = VECTOR ( 'NONE', #336, 39.37007874015748143 ) ;
#2209 = CIRCLE ( 'NONE', #438, 0.005100000000000240626 ) ;
#2210 = CARTESIAN_POINT ( 'NONE',  ( -1.187500000000001776, -0.09462271432538395255, 0.5625000000000009992 ) ) ;
#2211 = VECTOR ( 'NONE', #182, 39.37007874015748143 ) ;
#2212 = CARTESIAN_POINT ( 'NONE',  ( -1.187500000000001776, 0.3546249791965803144, 0.2950000000000001510 ) ) ;
#2213 = ORIENTED_EDGE ( 'NONE', *, *, #3820, .F. ) ;
#2214 = CARTESIAN_POINT ( 'NONE',  ( -0.1658750000000007996, 1.025108929193149887, 1.217756915286110742 ) ) ;
#2215 = AXIS2_PLACEMENT_3D ( 'NONE', #1617, #3423, #1532 ) ;
#2216 = LINE ( 'NONE', #1597, #1997 ) ;
#2217 = AXIS2_PLACEMENT_3D ( 'NONE', #344, #1857, #1591 ) ;
#2218 = EDGE_CURVE ( 'NONE', #691, #1117, #2986, .T. ) ;
#2219 = VECTOR ( 'NONE', #348, 39.37007874015748143 ) ;
#2220 = CARTESIAN_POINT ( 'NONE',  ( -1.125000000000001998, 0.3146249791965803344, 0.2950000000000001510 ) ) ;
#2221 = EDGE_CURVE ( 'NONE', #696, #2917, #512, .T. ) ;
#2222 = ORIENTED_EDGE ( 'NONE', *, *, #2804, .T. ) ;
#2223 = LINE ( 'NONE', #3826, #710 ) ;
#2224 = PLANE ( 'NONE',  #3088 ) ;
#2225 = ORIENTED_EDGE ( 'NONE', *, *, #3728, .T. ) ;
#2226 = DIRECTION ( 'NONE',  ( -1.000000000000000000, 1.224646799147353207E-16, -0.000000000000000000 ) ) ;
#2227 = ADVANCED_FACE ( 'NONE', ( #777 ), #2600, .T. ) ;
#2228 = CIRCLE ( 'NONE', #125, 0.005100000000000240626 ) ;
#2229 = PLANE ( 'NONE',  #4067 ) ;
#2230 = EDGE_LOOP ( 'NONE', ( #2329, #4021, #1775, #440 ) ) ;
#2231 = EDGE_LOOP ( 'NONE', ( #216, #3702, #2014, #3055, #158, #1042, #1344, #2687, #1219, #1878, #1079, #599, #2697, #2183, #3481 ) ) ;
#2232 = DIRECTION ( 'NONE',  ( 1.000000000000000000, 0.000000000000000000, 0.000000000000000000 ) ) ;
#2233 = CARTESIAN_POINT ( 'NONE',  ( -0.1658750000000010216, -0.8518176790436347012, 0.7500000000000026645 ) ) ;
#2234 = DIRECTION ( 'NONE',  ( 1.000000000000000000, -1.224646799147353207E-16, -0.000000000000000000 ) ) ;
#2235 = FACE_OUTER_BOUND ( 'NONE', #962, .T. ) ;
#2236 = CARTESIAN_POINT ( 'NONE',  ( 3.757567139478286133, 1.023894383276352960, 3.814342231245662962 ) ) ;
#2237 = CARTESIAN_POINT ( 'NONE',  ( 0.5244999999999999662, -0.01500000000000004455, 7.000000000000000000 ) ) ;
#2238 = LINE ( 'NONE', #689, #3538 ) ;
#2239 = VERTEX_POINT ( 'NONE', #1026 ) ;
#2240 = CARTESIAN_POINT ( 'NONE',  ( 0.5244999999999999662, -0.01500000000000004455, 7.000000000000000000 ) ) ;
#2241 = LINE ( 'NONE', #3181, #3492 ) ;
#2242 = ORIENTED_EDGE ( 'NONE', *, *, #2427, .T. ) ;
#2243 = EDGE_CURVE ( 'NONE', #3579, #276, #3915, .T. ) ;
#2244 = UNCERTAINTY_MEASURE_WITH_UNIT (LENGTH_MEASURE( 1.000000000000000082E-05 ), #965, 'distance_accuracy_value', 'NONE');
#2245 = DIRECTION ( 'NONE',  ( 1.000000000000000000, -1.224646799147353207E-16, 0.000000000000000000 ) ) ;
#2246 = EDGE_LOOP ( 'NONE', ( #915, #1443, #701, #2701 ) ) ;
#2247 = ORIENTED_EDGE ( 'NONE', *, *, #2371, .T. ) ;
#2248 = CONTEXT_DEPENDENT_SHAPE_REPRESENTATION ( #3581, #3857 ) ;
#2249 = EDGE_CURVE ( 'NONE', #1307, #3488, #1349, .T. ) ;
#2250 = CARTESIAN_POINT ( 'NONE',  ( -0.5244999999999998552, -0.01500000000000004455, -7.000000000000000000 ) ) ;
#2251 = LINE ( 'NONE', #3772, #300 ) ;
#2252 = VERTEX_POINT ( 'NONE', #1990 ) ;
#2253 = CARTESIAN_POINT ( 'NONE',  ( 0.5245000000000000773, 0.2349999999999999589, 7.000000000000000000 ) ) ;
#2254 = ADVANCED_FACE ( 'NONE', ( #2296 ), #2620, .F. ) ;
#2255 = CARTESIAN_POINT ( 'NONE',  ( 3.757567139478287022, 2.780712062319987243, 4.189342231245662518 ) ) ;
#2256 = CIRCLE ( 'NONE', #3985, 0.2039999999999995151 ) ;
#2257 = CARTESIAN_POINT ( 'NONE',  ( -1.187500000000001776, 0.7500000000000009992, 1.120000000000001217 ) ) ;
#2258 = VERTEX_POINT ( 'NONE', #1401 ) ;
#2259 = CARTESIAN_POINT ( 'NONE',  ( -1.187500000000001998, -0.7500000000000007772, 0.005000000000000543940 ) ) ;
#2260 = LINE ( 'NONE', #2650, #3618 ) ;
#2261 = ORIENTED_EDGE ( 'NONE', *, *, #932, .T. ) ;
#2262 = CIRCLE ( 'NONE', #3463, 0.4374999999999998890 ) ;
#2263 = CYLINDRICAL_SURFACE ( 'NONE', #305, 0.04000000000000001471 ) ;
#2264 = ORIENTED_EDGE ( 'NONE', *, *, #676, .F. ) ;
#2265 = COLOUR_RGB ( '',0.7921568627450980005, 0.8196078431372548767, 0.9333333333333333481 ) ;
#2266 = FACE_OUTER_BOUND ( 'NONE', #134, .T. ) ;
#2267 = ORIENTED_EDGE ( 'NONE', *, *, #1664, .T. ) ;
#2268 = EDGE_CURVE ( 'NONE', #403, #2469, #1960, .T. ) ;
#2269 = APPLICATION_PROTOCOL_DEFINITION ( 'draft international standard', 'automotive_design', 1998, #3807 ) ;
#2270 = AXIS2_PLACEMENT_3D ( 'NONE', #2220, #3159, #43 ) ;
#2271 = AXIS2_PLACEMENT_3D ( 'NONE', #2139, #2782, #2497 ) ;
#2272 = LINE ( 'NONE', #1025, #2984 ) ;
#2273 = DIRECTION ( 'NONE',  ( -1.000000000000000000, 1.224646799147353207E-16, -0.000000000000000000 ) ) ;
#2274 = ORIENTED_EDGE ( 'NONE', *, *, #1048, .F. ) ;
#2275 = VECTOR ( 'NONE', #2494, 39.37007874015748143 ) ;
#2276 = ADVANCED_FACE ( 'NONE', ( #2333 ), #148, .T. ) ;
#2277 = CARTESIAN_POINT ( 'NONE',  ( -1.187500000000001776, -0.3315342383676688209, 0.3312501993689012658 ) ) ;
#2278 = VECTOR ( 'NONE', #3215, 39.37007874015748143 ) ;
#2279 = AXIS2_PLACEMENT_3D ( 'NONE', #3923, #2630, #3906 ) ;
#2280 = VECTOR ( 'NONE', #2874, 39.37007874015748143 ) ;
#2281 = CARTESIAN_POINT ( 'NONE',  ( -1.187500000000001998, -0.7500000000000007772, 1.120000000000001217 ) ) ;
#2282 = EDGE_CURVE ( 'NONE', #2640, #3371, #3406, .T. ) ;
#2283 = AXIS2_PLACEMENT_3D ( 'NONE', #3020, #2104, #202 ) ;
#2284 = DIRECTION ( 'NONE',  ( -0.000000000000000000, -0.000000000000000000, -1.000000000000000000 ) ) ;
#2285 = ORIENTED_EDGE ( 'NONE', *, *, #2971, .T. ) ;
#2286 = DIRECTION ( 'NONE',  ( 1.000000000000000000, -1.224646799147353207E-16, 0.000000000000000000 ) ) ;
#2287 = DIRECTION ( 'NONE',  ( 0.000000000000000000, 1.365923996832139222E-14, -1.000000000000000000 ) ) ;
#2288 = ORIENTED_EDGE ( 'NONE', *, *, #873, .F. ) ;
#2289 = AXIS2_PLACEMENT_3D ( 'NONE', #1450, #2712, #2407 ) ;
#2290 = DIRECTION ( 'NONE',  ( 0.000000000000000000, -1.000000000000000000, 0.000000000000000000 ) ) ;
#2291 = ORIENTED_EDGE ( 'NONE', *, *, #1917, .F. ) ;
#2292 = FACE_OUTER_BOUND ( 'NONE', #3658, .T. ) ;
#2293 = ORIENTED_EDGE ( 'NONE', *, *, #775, .T. ) ;
#2294 = ITEM_DEFINED_TRANSFORMATION ( 'NONE', 'NONE', #3545,  #1106 ) ;
#2295 = CARTESIAN_POINT ( 'NONE',  ( 0.3345000000000000195, -0.2049999999999999878, 7.000000000000000000 ) ) ;
#2296 = FACE_OUTER_BOUND ( 'NONE', #632, .T. ) ;
#2297 = FACE_OUTER_BOUND ( 'NONE', #2155, .T. ) ;
#2298 = EDGE_CURVE ( 'NONE', #1968, #3892, #722, .T. ) ;
#2299 = DIRECTION ( 'NONE',  ( 1.000000000000000000, -1.224646799147353207E-16, -0.000000000000000000 ) ) ;
#2300 =( NAMED_UNIT ( * ) SI_UNIT ( $, .STERADIAN. ) SOLID_ANGLE_UNIT ( ) );
#2301 = ADVANCED_FACE ( 'NONE', ( #3940 ), #792, .T. ) ;
#2302 = LINE ( 'NONE', #2345, #1476 ) ;
#2303 = LINE ( 'NONE', #96, #2725 ) ;
#2304 = DIRECTION ( 'NONE',  ( -1.657674753437052328E-16, -1.000000000000000000, 0.000000000000000000 ) ) ;
#2305 = DIRECTION ( 'NONE',  ( 1.224646799147353454E-16, 1.000000000000000000, 0.000000000000000000 ) ) ;
#2306 = ORIENTED_EDGE ( 'NONE', *, *, #72, .T. ) ;
#2307 = DIRECTION ( 'NONE',  ( 0.000000000000000000, 1.000000000000000000, 0.000000000000000000 ) ) ;
#2308 = ORIENTED_EDGE ( 'NONE', *, *, #3955, .F. ) ;
#2309 = DIRECTION ( 'NONE',  ( -0.000000000000000000, 0.9062549842224610908, 0.4227314792772673413 ) ) ;
#2310 = PLANE ( 'NONE',  #251 ) ;
#2311 = ORIENTED_EDGE ( 'NONE', *, *, #1439, .F. ) ;
#2312 = SHAPE_DEFINITION_REPRESENTATION ( #3525, #196 ) ;
#2313 = DIRECTION ( 'NONE',  ( 1.000000000000000000, -1.224646799147353207E-16, -0.000000000000000000 ) ) ;
#2314 = CARTESIAN_POINT ( 'NONE',  ( -1.187500000000001776, -0.01690925917109099841, 0.6469899094427935538 ) ) ;
#2315 = DIRECTION ( 'NONE',  ( -0.000000000000000000, -0.000000000000000000, -1.000000000000000000 ) ) ;
#2316 = ORIENTED_EDGE ( 'NONE', *, *, #3778, .T. ) ;
#2317 = DIRECTION ( 'NONE',  ( -1.000000000000000000, 1.224646799147353207E-16, 0.000000000000000000 ) ) ;
#2318 = ADVANCED_FACE ( 'NONE', ( #402 ), #3250, .F. ) ;
#2319 = AXIS2_PLACEMENT_3D ( 'NONE', #2381, #224, #183 ) ;
#2320 = CARTESIAN_POINT ( 'NONE',  ( -1.187500000000001776, 0.3146249791965803344, 0.2950000000000001510 ) ) ;
#2321 = ORIENTED_EDGE ( 'NONE', *, *, #799, .F. ) ;
#2322 = DIRECTION ( 'NONE',  ( 0.000000000000000000, 1.000000000000000000, 0.000000000000000000 ) ) ;
#2323 = CARTESIAN_POINT ( 'NONE',  ( -0.1658750000000009384, 2.042939377492016959E-17, 11.17049329678453518 ) ) ;
#2324 = EDGE_LOOP ( 'NONE', ( #2694, #2473 ) ) ;
#2325 = EDGE_CURVE ( 'NONE', #3555, #335, #2746, .T. ) ;
#2326 = CYLINDRICAL_SURFACE ( 'NONE', #2056, 0.1000000000000000194 ) ;
#2327 = VERTEX_POINT ( 'NONE', #550 ) ;
#2328 = CYLINDRICAL_SURFACE ( 'NONE', #520, 0.3749999999999999445 ) ;
#2329 = ORIENTED_EDGE ( 'NONE', *, *, #1170, .T. ) ;
#2330 = EDGE_CURVE ( 'NONE', #2917, #612, #2682, .T. ) ;
#2331 = AXIS2_PLACEMENT_3D ( 'NONE', #1749, #4043, #3619 ) ;
#2332 = DIRECTION ( 'NONE',  ( -1.000000000000000000, 1.224646799147353207E-16, -0.000000000000000000 ) ) ;
#2333 = FACE_OUTER_BOUND ( 'NONE', #1498, .T. ) ;
#2334 = ORIENTED_EDGE ( 'NONE', *, *, #2558, .F. ) ;
#2335 = LINE ( 'NONE', #723, #1169 ) ;
#2336 = AXIS2_PLACEMENT_3D ( 'NONE', #3904, #2647, #1037 ) ;
#2337 = VERTEX_POINT ( 'NONE', #2117 ) ;
#2338 = DIMENSIONAL_EXPONENTS ( 1.000000000000000000, 0.000000000000000000, 0.000000000000000000, 0.000000000000000000, 0.000000000000000000, 0.000000000000000000, 0.000000000000000000 ) ;
#2339 = CIRCLE ( 'NONE', #3735, 0.1000000000000000194 ) ;
#2340 = CARTESIAN_POINT ( 'NONE',  ( -0.1658750000000007996, 0.6975647374411817481, 1.194852794186280986 ) ) ;
#2341 = CIRCLE ( 'NONE', #2343, 0.2060000000000000719 ) ;
#2342 = FILL_AREA_STYLE_COLOUR ( '', #2935 ) ;
#2343 = AXIS2_PLACEMENT_3D ( 'NONE', #1945, #1580, #2190 ) ;
#2344 = ADVANCED_FACE ( 'NONE', ( #2414 ), #1140, .F. ) ;
#2345 = CARTESIAN_POINT ( 'NONE',  ( -0.1658750000000007163, 1.468167046811732712, 0.9768915831120248416 ) ) ;
#2346 = CARTESIAN_POINT ( 'NONE',  ( -1.187500000000001776, -0.3146249791965780584, 0.8300000000000030687 ) ) ;
#2347 = VECTOR ( 'NONE', #1373, 39.37007874015748854 ) ;
#2348 = CARTESIAN_POINT ( 'NONE',  ( -0.2518750000000010147, -0.8518176790436347012, 0.7500000000000026645 ) ) ;
#2349 = CYLINDRICAL_SURFACE ( 'NONE', #3015, 0.03999999999999998002 ) ;
#2350 = ORIENTED_EDGE ( 'NONE', *, *, #1612, .F. ) ;
#2351 = MANIFOLD_SOLID_BREP ( 'Boss-Extrude1', #2488 ) ;
#2352 = EDGE_CURVE ( 'NONE', #2739, #805, #1125, .T. ) ;
#2353 = CARTESIAN_POINT ( 'NONE',  ( 0.5244999999999999662, -0.01500000000000004455, -7.000000000000000000 ) ) ;
#2354 = ORIENTED_EDGE ( 'NONE', *, *, #2172, .F. ) ;
#2355 = DIRECTION ( 'NONE',  ( -1.000000000000000000, 0.000000000000000000, -0.000000000000000000 ) ) ;
#2356 = DIRECTION ( 'NONE',  ( 1.000000000000000000, -1.224646799147353207E-16, 0.000000000000000000 ) ) ;
#2357 = EDGE_CURVE ( 'NONE', #3350, #2956, #3196, .T. ) ;
#2358 = LINE ( 'NONE', #3386, #2535 ) ;
#2359 = CARTESIAN_POINT ( 'NONE',  ( -1.187500000000001776, 0.9646363203188060842, 0.5624999999999976685 ) ) ;
#2360 = ORIENTED_EDGE ( 'NONE', *, *, #1842, .F. ) ;
#2361 =( CONVERSION_BASED_UNIT ( 'INCH', #2417 ) LENGTH_UNIT ( ) NAMED_UNIT ( #742 ) );
#2362 = DIRECTION ( 'NONE',  ( 1.000000000000000000, -1.224646799147353207E-16, 0.000000000000000000 ) ) ;
#2363 = DIRECTION ( 'NONE',  ( 0.000000000000000000, 1.000000000000000000, 0.000000000000000000 ) ) ;
#2364 = LINE ( 'NONE', #1178, #880 ) ;
#2365 = ORIENTED_EDGE ( 'NONE', *, *, #3514, .F. ) ;
#2366 = PRODUCT ( '26_CO_Rear_Shock_Bar_Side_cf', '26_CO_Rear_Shock_Bar_Side_cf', '', ( #1958 ) ) ;
#2367 = LINE ( 'NONE', #3318, #3417 ) ;
#2368 = ORIENTED_EDGE ( 'NONE', *, *, #1659, .T. ) ;
#2369 = FACE_OUTER_BOUND ( 'NONE', #1208, .T. ) ;
#2370 = ORIENTED_EDGE ( 'NONE', *, *, #3385, .T. ) ;
#2371 = EDGE_CURVE ( 'NONE', #2252, #2118, #174, .T. ) ;
#2372 = CARTESIAN_POINT ( 'NONE',  ( -1.187500000000001776, 0.4908355833577858762, 0.7286589681549314745 ) ) ;
#2373 = CARTESIAN_POINT ( 'NONE',  ( -1.125000000000001776, 0.7500000000000009992, 1.120000000000001217 ) ) ;
#2374 = VERTEX_POINT ( 'NONE', #4026 ) ;
#2375 = EDGE_CURVE ( 'NONE', #3744, #2135, #94, .T. ) ;
#2376 = ORIENTED_EDGE ( 'NONE', *, *, #4007, .T. ) ;
#2377 = LINE ( 'NONE', #798, #44 ) ;
#2378 = ADVANCED_FACE ( 'NONE', ( #2453 ), #258, .F. ) ;
#2379 = CARTESIAN_POINT ( 'NONE',  ( 3.757567139478287022, 3.343529741363622243, 3.814342231245662962 ) ) ;
#2380 = LINE ( 'NONE', #2689, #2137 ) ;
#2381 = CARTESIAN_POINT ( 'NONE',  ( -1.187500000000001776, -0.3146249791965808340, 0.2950000000000015388 ) ) ;
#2382 = VERTEX_POINT ( 'NONE', #2373 ) ;
#2383 = CARTESIAN_POINT ( 'NONE',  ( -1.187500000000001998, -0.7500000000000007772, 0.005000000000000543940 ) ) ;
#2384 = ORIENTED_EDGE ( 'NONE', *, *, #470, .T. ) ;
#2385 = DIRECTION ( 'NONE',  ( 1.000000000000000000, -1.224646799147353207E-16, 0.000000000000000000 ) ) ;
#2386 = CARTESIAN_POINT ( 'NONE',  ( -0.1658750000000006608, 2.075993629146510422, 0.1928812930436655249 ) ) ;
#2387 = EDGE_LOOP ( 'NONE', ( #2978, #2047, #3972, #2897 ) ) ;
#2388 = CARTESIAN_POINT ( 'NONE',  ( -1.187500000000001776, 0.5000000000000009992, 1.023200000000001220 ) ) ;
#2389 = EDGE_CURVE ( 'NONE', #3768, #3557, #836, .T. ) ;
#2390 = ORIENTED_EDGE ( 'NONE', *, *, #1455, .F. ) ;
#2391 = PRESENTATION_STYLE_ASSIGNMENT (( #1429 ) ) ;
#2392 = EDGE_LOOP ( 'NONE', ( #2081, #3731, #1511, #143 ) ) ;
#2393 = EDGE_CURVE ( 'NONE', #615, #988, #2140, .T. ) ;
#2394 = DIRECTION ( 'NONE',  ( -0.000000000000000000, 0.000000000000000000, -1.000000000000000000 ) ) ;
#2395 = VERTEX_POINT ( 'NONE', #809 ) ;
#2396 = AXIS2_PLACEMENT_3D ( 'NONE', #2359, #3620, #2639 ) ;
#2397 = VECTOR ( 'NONE', #1648, 39.37007874015748143 ) ;
#2398 = AXIS2_PLACEMENT_3D ( 'NONE', #2882, #1600, #1867 ) ;
#2399 = AXIS2_PLACEMENT_3D ( 'NONE', #2913, #1895, #3784 ) ;
#2400 = ADVANCED_FACE ( 'NONE', ( #1003 ), #2516, .F. ) ;
#2401 = DIRECTION ( 'NONE',  ( -1.000000000000000000, 1.224646799147353207E-16, -0.000000000000000000 ) ) ;
#2402 = CARTESIAN_POINT ( 'NONE',  ( -1.187500000000001776, -0.4949000000000005617, 0.1069000000000007722 ) ) ;
#2403 = LINE ( 'NONE', #1804, #1213 ) ;
#2404 = VERTEX_POINT ( 'NONE', #2205 ) ;
#2405 = AXIS2_PLACEMENT_3D ( 'NONE', #211, #4040, #3096 ) ;
#2406 = VECTOR ( 'NONE', #2755, 39.37007874015748143 ) ;
#2407 = DIRECTION ( 'NONE',  ( -1.204518515724981975E-16, -1.000000000000000000, 0.000000000000000000 ) ) ;
#2408 = VERTEX_POINT ( 'NONE', #3435 ) ;
#2409 = LINE ( 'NONE', #2761, #1808 ) ;
#2410 = CARTESIAN_POINT ( 'NONE',  ( 3.757567139478286133, 1.227894383276352475, 3.814342231245662962 ) ) ;
#2411 = ORIENTED_EDGE ( 'NONE', *, *, #1466, .F. ) ;
#2412 = AXIS2_PLACEMENT_3D ( 'NONE', #1668, #3578, #758 ) ;
#2413 = DIRECTION ( 'NONE',  ( 0.000000000000000000, 1.000000000000000000, 0.000000000000000000 ) ) ;
#2414 = FACE_OUTER_BOUND ( 'NONE', #484, .T. ) ;
#2415 = ORIENTED_EDGE ( 'NONE', *, *, #3546, .T. ) ;
#2416 = ORIENTED_EDGE ( 'NONE', *, *, #1710, .F. ) ;
#2417 = LENGTH_MEASURE_WITH_UNIT ( LENGTH_MEASURE( 0.02539999999999999897 ), #1109 );
#2418 = DIRECTION ( 'NONE',  ( -1.000000000000000000, 0.000000000000000000, 0.000000000000000000 ) ) ;
#2419 = CARTESIAN_POINT ( 'NONE',  ( -0.1658750000000011326, -2.075993629146510422, 0.1928812930436655249 ) ) ;
#2420 = VERTEX_POINT ( 'NONE', #51 ) ;
#2421 = DIRECTION ( 'NONE',  ( -0.000000000000000000, -1.000000000000000000, -0.000000000000000000 ) ) ;
#2422 = EDGE_CURVE ( 'NONE', #1158, #3289, #3480, .T. ) ;
#2423 = CARTESIAN_POINT ( 'NONE',  ( -1.187500000000001776, -0.3315342383676664895, 0.7937498006311036747 ) ) ;
#2424 = DIRECTION ( 'NONE',  ( -1.000000000000000000, 1.224646799147353207E-16, -0.000000000000000000 ) ) ;
#2425 = LINE ( 'NONE', #3297, #1139 ) ;
#2426 = EDGE_LOOP ( 'NONE', ( #1550, #342, #1185, #1794 ) ) ;
#2427 = EDGE_CURVE ( 'NONE', #92, #483, #1854, .T. ) ;
#2428 = EDGE_LOOP ( 'NONE', ( #2742, #717, #2561, #591 ) ) ;
#2429 = DIRECTION ( 'NONE',  ( 0.000000000000000000, 0.9975640502598241977, -0.06975647374412725921 ) ) ;
#2430 = LINE ( 'NONE', #566, #914 ) ;
#2431 = VERTEX_POINT ( 'NONE', #3184 ) ;
#2432 = LINE ( 'NONE', #406, #768 ) ;
#2433 = CARTESIAN_POINT ( 'NONE',  ( 3.655667139478286476, 1.227894383276352475, 3.814342231245662962 ) ) ;
#2434 = ORIENTED_EDGE ( 'NONE', *, *, #3771, .F. ) ;
#2435 = ORIENTED_EDGE ( 'NONE', *, *, #1622, .T. ) ;
#2436 = LENGTH_MEASURE_WITH_UNIT ( LENGTH_MEASURE( 0.02539999999999999897 ), #1487 );
#2437 = SURFACE_STYLE_FILL_AREA ( #2767 ) ;
#2438 = DIRECTION ( 'NONE',  ( 1.000000000000000000, -1.224646799147353207E-16, -0.000000000000000000 ) ) ;
#2439 = ORIENTED_EDGE ( 'NONE', *, *, #3343, .T. ) ;
#2440 = LINE ( 'NONE', #244, #3541 ) ;
#2441 = ADVANCED_FACE ( 'NONE', ( #2477 ), #2163, .F. ) ;
#2442 = CARTESIAN_POINT ( 'NONE',  ( -1.187500000000001776, 0.3315342383676684324, 0.3312501993688997670 ) ) ;
#2443 = CARTESIAN_POINT ( 'NONE',  ( -1.125000000000001998, 0.5000000000000009992, 1.023200000000001220 ) ) ;
#2444 = ORIENTED_EDGE ( 'NONE', *, *, #2674, .T. ) ;
#2445 = EDGE_CURVE ( 'NONE', #220, #3978, #278, .T. ) ;
#2446 = CARTESIAN_POINT ( 'NONE',  ( 0.5245000000000000773, 0.2349999999999999589, 7.000000000000000000 ) ) ;
#2447 = ORIENTED_EDGE ( 'NONE', *, *, #989, .T. ) ;
#2448 = FACE_OUTER_BOUND ( 'NONE', #3583, .T. ) ;
#2449 = DIRECTION ( 'NONE',  ( -1.000000000000000000, 1.224646799147353207E-16, 0.000000000000000000 ) ) ;
#2450 = ORIENTED_EDGE ( 'NONE', *, *, #2971, .F. ) ;
#2451 = CARTESIAN_POINT ( 'NONE',  ( -1.125000000000001998, 0.07771345515429291251, 0.5987501993688993940 ) ) ;
#2452 = ADVANCED_FACE ( 'NONE', ( #3785 ), #8, .F. ) ;
#2453 = FACE_OUTER_BOUND ( 'NONE', #1809, .T. ) ;
#2454 = ORIENTED_EDGE ( 'NONE', *, *, #3439, .F. ) ;
#2455 = ORIENTED_EDGE ( 'NONE', *, *, #2552, .T. ) ;
#2456 = LINE ( 'NONE', #3394, #290 ) ;
#2457 = FACE_OUTER_BOUND ( 'NONE', #1459, .T. ) ;
#2458 = ORIENTED_EDGE ( 'NONE', *, *, #682, .T. ) ;
#2459 = LINE ( 'NONE', #2214, #1886 ) ;
#2460 = VECTOR ( 'NONE', #1311, 39.37007874015748143 ) ;
#2461 = LINE ( 'NONE', #4077, #1935 ) ;
#2462 = CIRCLE ( 'NONE', #3263, 0.2500000000000003331 ) ;
#2463 = FACE_OUTER_BOUND ( 'NONE', #2704, .T. ) ;
#2464 = DIRECTION ( 'NONE',  ( 1.000000000000000000, 1.138269997360108984E-15, 0.000000000000000000 ) ) ;
#2465 = ORIENTED_EDGE ( 'NONE', *, *, #2552, .F. ) ;
#2466 = AXIS2_PLACEMENT_3D ( 'NONE', #2653, #84, #3845 ) ;
#2467 = CIRCLE ( 'NONE', #3469, 0.005100000000000240626 ) ;
#2468 = EDGE_CURVE ( 'NONE', #1527, #1014, #2784, .T. ) ;
#2469 = VERTEX_POINT ( 'NONE', #3120 ) ;
#2470 = LINE ( 'NONE', #3745, #4075 ) ;
#2471 = CIRCLE ( 'NONE', #711, 0.04000000000000000083 ) ;
#2472 = DIRECTION ( 'NONE',  ( -1.000000000000000000, 1.224646799147353207E-16, -0.000000000000000000 ) ) ;
#2473 = ORIENTED_EDGE ( 'NONE', *, *, #1732, .T. ) ;
#2474 = CIRCLE ( 'NONE', #1416, 0.2500000000000003331 ) ;
#2475 = ADVANCED_FACE ( 'NONE', ( #960 ), #2229, .T. ) ;
#2476 = VECTOR ( 'NONE', #739, 39.37007874015748143 ) ;
#2477 = FACE_OUTER_BOUND ( 'NONE', #2428, .T. ) ;
#2478 = ORIENTED_EDGE ( 'NONE', *, *, #3518, .T. ) ;
#2479 = ORIENTED_EDGE ( 'NONE', *, *, #462, .T. ) ;
#2480 = AXIS2_PLACEMENT_3D ( 'NONE', #993, #3443, #3155 ) ;
#2481 = CARTESIAN_POINT ( 'NONE',  ( 0.000000000000000000, 0.000000000000000000, 0.000000000000000000 ) ) ;
#2482 = EDGE_CURVE ( 'NONE', #2868, #3350, #2262, .T. ) ;
#2483 =( GEOMETRIC_REPRESENTATION_CONTEXT ( 3 ) GLOBAL_UNCERTAINTY_ASSIGNED_CONTEXT ( ( #3909 ) ) GLOBAL_UNIT_ASSIGNED_CONTEXT ( ( #795, #1773, #1403 ) ) REPRESENTATION_CONTEXT ( 'NONE', 'WORKASPACE' ) );
#2484 = SURFACE_STYLE_FILL_AREA ( #2503 ) ;
#2485 = CARTESIAN_POINT ( 'NONE',  ( -1.187500000000001776, -0.5000000000000007772, 1.120000000000001217 ) ) ;
#2486 = VERTEX_POINT ( 'NONE', #2539 ) ;
#2487 = DIRECTION ( 'NONE',  ( -1.000000000000000000, 1.224646799147353207E-16, -0.000000000000000000 ) ) ;
#2488 = CLOSED_SHELL ( 'NONE', ( #1052, #2115, #1561, #4051, #2652, #2400, #653, #3467, #3523, #366, #863, #267, #1303, #2580, #584, #2850, #1127, #3720, #1984, #30, #2781, #2528, #193, #600, #139, #1259, #2034, #3304, #131, #1944, #1962, #2759, #2754, #1461, #1424, #1376, #2301, #1568, #1275, #2881, #339, #524, #2475, #2508, #2227, #3715, #3775, #450, #1352, #2624, #4056, #3369, #3084, #2946, #2276, #3638, #849 ) ) ;
#2489 = CARTESIAN_POINT ( 'NONE',  ( -1.125000000000001998, -0.3146249791965808340, 0.2950000000000015388 ) ) ;
#2490 = LINE ( 'NONE', #2838, #3068 ) ;
#2491 = CARTESIAN_POINT ( 'NONE',  ( -1.187500000000001776, -0.07771345515429382844, 0.5262498006311023824 ) ) ;
#2492 = LINE ( 'NONE', #1623, #1156 ) ;
#2493 = ORIENTED_EDGE ( 'NONE', *, *, #697, .F. ) ;
#2494 = DIRECTION ( 'NONE',  ( 0.000000000000000000, 0.000000000000000000, 1.000000000000000000 ) ) ;
#2495 = CARTESIAN_POINT ( 'NONE',  ( -0.3344999999999999640, -0.01500000000000004455, 7.000000000000000000 ) ) ;
#2496 = ORIENTED_EDGE ( 'NONE', *, *, #3192, .F. ) ;
#2497 = DIRECTION ( 'NONE',  ( 0.000000000000000000, 0.9062549842224600916, 0.4227314792772695062 ) ) ;
#2498 = DIRECTION ( 'NONE',  ( -1.000000000000000000, 1.224646799147353207E-16, 0.000000000000000000 ) ) ;
#2499 = ORIENTED_EDGE ( 'NONE', *, *, #436, .F. ) ;
#2500 = ORIENTED_EDGE ( 'NONE', *, *, #2221, .T. ) ;
#2501 = EDGE_CURVE ( 'NONE', #1699, #3357, #4063, .T. ) ;
#2502 = DIRECTION ( 'NONE',  ( 1.000000000000000000, 0.000000000000000000, 0.000000000000000000 ) ) ;
#2503 = FILL_AREA_STYLE ('',( #3505 ) ) ;
#2504 = DIRECTION ( 'NONE',  ( -1.456522212818063339E-16, -1.000000000000000000, 0.000000000000000000 ) ) ;
#2505 = ORIENTED_EDGE ( 'NONE', *, *, #1969, .T. ) ;
#2506 = EDGE_CURVE ( 'NONE', #1898, #2640, #1228, .T. ) ;
#2507 = DIRECTION ( 'NONE',  ( 0.000000000000000000, -1.000000000000000000, 0.000000000000000000 ) ) ;
#2508 = ADVANCED_FACE ( 'NONE', ( #3810 ), #297, .F. ) ;
#2509 = CARTESIAN_POINT ( 'NONE',  ( 3.757567139478286133, 1.023894383276352960, 3.814342231245662962 ) ) ;
#2510 = DIRECTION ( 'NONE',  ( -5.176967529957362452E-17, -0.4227314792772715046, 0.9062549842224592034 ) ) ;
#2511 = DIRECTION ( 'NONE',  ( -1.000000000000000000, 1.224646799147353207E-16, -0.000000000000000000 ) ) ;
#2512 = VERTEX_POINT ( 'NONE', #941 ) ;
#2513 = DIRECTION ( 'NONE',  ( -0.000000000000000000, -0.000000000000000000, -1.000000000000000000 ) ) ;
#2514 = FACE_OUTER_BOUND ( 'NONE', #2103, .T. ) ;
#2515 = ORIENTED_EDGE ( 'NONE', *, *, #2506, .T. ) ;
#2516 = CYLINDRICAL_SURFACE ( 'NONE', #2997, 0.03999999999999998002 ) ;
#2517 = EDGE_LOOP ( 'NONE', ( #562, #415, #3326, #1119 ) ) ;
#2518 = ORIENTED_EDGE ( 'NONE', *, *, #1518, .F. ) ;
#2519 = AXIS2_PLACEMENT_3D ( 'NONE', #901, #3037, #3016 ) ;
#2520 = EDGE_CURVE ( 'NONE', #988, #667, #3501, .T. ) ;
#2521 = CYLINDRICAL_SURFACE ( 'NONE', #1802, 0.04000000000000000083 ) ;
#2522 = CARTESIAN_POINT ( 'NONE',  ( -1.125000000000001998, -0.5000000000000007772, 1.120000000000001217 ) ) ;
#2523 = ORIENTED_EDGE ( 'NONE', *, *, #315, .F. ) ;
#2524 = LINE ( 'NONE', #4088, #175 ) ;
#2525 = EDGE_CURVE ( 'NONE', #3516, #1818, #3397, .T. ) ;
#2526 = DIRECTION ( 'NONE',  ( 0.000000000000000000, 0.9945218953682732899, 0.1045284632676542619 ) ) ;
#2527 = LINE ( 'NONE', #1322, #1358 ) ;
#2528 = ADVANCED_FACE ( 'NONE', ( #2181 ), #1876, .F. ) ;
#2529 = FACE_OUTER_BOUND ( 'NONE', #1793, .T. ) ;
#2530 = ORIENTED_EDGE ( 'NONE', *, *, #3771, .T. ) ;
#2531 = DIRECTION ( 'NONE',  ( 0.000000000000000000, -1.000000000000000000, 0.000000000000000000 ) ) ;
#2532 = CARTESIAN_POINT ( 'NONE',  ( 3.757567139478286133, 1.790712062319987030, 4.251842231245662518 ) ) ;
#2533 = VERTEX_POINT ( 'NONE', #1364 ) ;
#2534 = AXIS2_PLACEMENT_3D ( 'NONE', #716, #1643, #1342 ) ;
#2535 = VECTOR ( 'NONE', #1768, 39.37007874015748143 ) ;
#2536 = CIRCLE ( 'NONE', #3867, 0.03999999999999998002 ) ;
#2537 = DIRECTION ( 'NONE',  ( -1.456522212818063339E-16, -1.000000000000000000, 0.000000000000000000 ) ) ;
#2538 = UNCERTAINTY_MEASURE_WITH_UNIT (LENGTH_MEASURE( 1.000000000000000082E-05 ), #3858, 'distance_accuracy_value', 'NONE');
#2539 = CARTESIAN_POINT ( 'NONE',  ( -0.2518750000000007927, 1.025108929193149887, 1.217756915286110742 ) ) ;
#2540 = ORIENTED_EDGE ( 'NONE', *, *, #3565, .T. ) ;
#2541 = VERTEX_POINT ( 'NONE', #1044 ) ;
#2542 = AXIS2_PLACEMENT_3D ( 'NONE', #405, #2959, #3947 ) ;
#2543 = CIRCLE ( 'NONE', #3401, 0.1899999999999999467 ) ;
#2544 = DIRECTION ( 'NONE',  ( -5.463695987328526437E-16, -1.000000000000000000, -0.000000000000000000 ) ) ;
#2545 = VECTOR ( 'NONE', #780, 39.37007874015748143 ) ;
#2546 = DIRECTION ( 'NONE',  ( -1.000000000000000000, 1.224646799147353207E-16, 0.000000000000000000 ) ) ;
#2547 = CARTESIAN_POINT ( 'NONE',  ( -1.125000000000001998, 0.4339263241866938570, 0.3600908324761689094 ) ) ;
#2548 = VERTEX_POINT ( 'NONE', #3282 ) ;
#2549 = DIRECTION ( 'NONE',  ( 1.657674753437052328E-16, 1.000000000000000000, 0.000000000000000000 ) ) ;
#2550 = CLOSED_SHELL ( 'NONE', ( #2887, #214, #3900, #217, #1435, #1029, #2318, #1101, #3542, #1367, #2954, #2452, #1180, #2004, #486, #633, #890, #2254, #1034, #1414, #1548 ) ) ;
#2551 = DIRECTION ( 'NONE',  ( -1.000000000000000000, 1.224646799147353207E-16, 0.000000000000000000 ) ) ;
#2552 = EDGE_CURVE ( 'NONE', #1833, #3864, #3207, .T. ) ;
#2553 = DIRECTION ( 'NONE',  ( 0.000000000000000000, 1.000000000000000000, 0.000000000000000000 ) ) ;
#2554 = ORIENTED_EDGE ( 'NONE', *, *, #1758, .T. ) ;
#2555 = DIRECTION ( 'NONE',  ( -1.040009797867800282E-16, -0.9975640502598241977, -0.06975647374412725921 ) ) ;
#2556 = CARTESIAN_POINT ( 'NONE',  ( -1.187500000000001776, 0.7500000000000009992, 1.120000000000001217 ) ) ;
#2557 = ORIENTED_EDGE ( 'NONE', *, *, #235, .T. ) ;
#2558 = EDGE_CURVE ( 'NONE', #2825, #3381, #1698, .T. ) ;
#2559 = VECTOR ( 'NONE', #2962, 39.37007874015748143 ) ;
#2560 = DIRECTION ( 'NONE',  ( -5.176967529957387720E-17, -0.4227314792772734475, 0.9062549842224583152 ) ) ;
#2561 = ORIENTED_EDGE ( 'NONE', *, *, #1309, .F. ) ;
#2562 = VERTEX_POINT ( 'NONE', #2353 ) ;
#2563 = ITEM_DEFINED_TRANSFORMATION ( 'NONE', 'NONE', #587,  #1106 ) ;
#2564 = SURFACE_STYLE_USAGE ( .BOTH. , #1529 ) ;
#2565 = CARTESIAN_POINT ( 'NONE',  ( -1.187500000000001776, 0.7500000000000009992, 0.005000000000000543940 ) ) ;
#2566 = ORIENTED_EDGE ( 'NONE', *, *, #1002, .F. ) ;
#2567 = CARTESIAN_POINT ( 'NONE',  ( -1.187500000000001776, 0.3315342383676684324, 0.3312501993688997670 ) ) ;
#2568 = DIRECTION ( 'NONE',  ( 1.000000000000000000, -1.224646799147353207E-16, 0.000000000000000000 ) ) ;
#2569 = CARTESIAN_POINT ( 'NONE',  ( 3.655667139478286476, 1.790712062319987030, 4.251842231245662518 ) ) ;
#2570 = PRODUCT_RELATED_PRODUCT_CATEGORY ( 'part', '', ( #2366 ) ) ;
#2571 = CYLINDRICAL_SURFACE ( 'NONE', #2926, 0.005100000000000240626 ) ;
#2572 = ORIENTED_EDGE ( 'NONE', *, *, #1659, .F. ) ;
#2573 = DIRECTION ( 'NONE',  ( 0.000000000000000000, -1.000000000000000000, 0.000000000000000000 ) ) ;
#2574 = ORIENTED_EDGE ( 'NONE', *, *, #997, .T. ) ;
#2575 = EDGE_CURVE ( 'NONE', #260, #1627, #163, .T. ) ;
#2576 = CARTESIAN_POINT ( 'NONE',  ( -1.187500000000001776, -0.09462271432538395255, 0.5625000000000009992 ) ) ;
#2577 = ORIENTED_EDGE ( 'NONE', *, *, #1123, .T. ) ;
#2578 = ORIENTED_EDGE ( 'NONE', *, *, #2836, .T. ) ;
#2579 = ITEM_DEFINED_TRANSFORMATION ( 'NONE', 'NONE', #517,  #1106 ) ;
#2580 = ADVANCED_FACE ( 'NONE', ( #1930 ), #2326, .T. ) ;
#2581 = DIRECTION ( 'NONE',  ( 1.365923996832129884E-16, 1.000000000000000000, 0.000000000000000000 ) ) ;
#2582 = DIRECTION ( 'NONE',  ( 0.000000000000000000, 1.000000000000000000, 0.000000000000000000 ) ) ;
#2583 = DIRECTION ( 'NONE',  ( 0.000000000000000000, -1.000000000000000000, 0.000000000000000000 ) ) ;
#2584 = FACE_OUTER_BOUND ( 'NONE', #2231, .T. ) ;
#2585 = AXIS2_PLACEMENT_3D ( 'NONE', #2126, #2819, #1828 ) ;
#2586 = CARTESIAN_POINT ( 'NONE',  ( 3.757567139478286133, 1.530712062319987021, 4.251842231245662518 ) ) ;
#2587 = DIRECTION ( 'NONE',  ( 0.000000000000000000, -1.000000000000000000, 0.000000000000000000 ) ) ;
#2588 = CARTESIAN_POINT ( 'NONE',  ( -1.125000000000001998, -0.5000000000000007772, 1.120000000000001217 ) ) ;
#2589 = EDGE_LOOP ( 'NONE', ( #885, #1083, #582, #456, #1588, #751, #672, #3056 ) ) ;
#2590 = AXIS2_PLACEMENT_3D ( 'NONE', #2028, #1082, #3561 ) ;
#2591 = DIRECTION ( 'NONE',  ( 0.000000000000000000, 1.000000000000000000, 0.000000000000000000 ) ) ;
#2592 = EDGE_LOOP ( 'NONE', ( #620, #3355 ) ) ;
#2593 = MECHANICAL_DESIGN_GEOMETRIC_PRESENTATION_REPRESENTATION (  '', ( #3593 ), #1731 ) ;
#2594 = ORIENTED_EDGE ( 'NONE', *, *, #3117, .T. ) ;
#2595 = ITEM_DEFINED_TRANSFORMATION ( 'NONE', 'NONE', #2217,  #1106 ) ;
#2596 = EDGE_CURVE ( 'NONE', #1162, #2706, #1472, .T. ) ;
#2597 = CIRCLE ( 'NONE', #1669, 0.03999999999999998002 ) ;
#2598 = VECTOR ( 'NONE', #3108, 39.37007874015748143 ) ;
#2599 = DIRECTION ( 'NONE',  ( 0.000000000000000000, -1.000000000000000000, 0.000000000000000000 ) ) ;
#2600 = PLANE ( 'NONE',  #159 ) ;
#2601 = AXIS2_PLACEMENT_3D ( 'NONE', #784, #1360, #1394 ) ;
#2602 = CARTESIAN_POINT ( 'NONE',  ( -1.187500000000001776, 0.4508355833577858962, 0.7286589681549314745 ) ) ;
#2603 = AXIS2_PLACEMENT_3D ( 'NONE', #3104, #4008, #3642 ) ;
#2604 = EDGE_CURVE ( 'NONE', #1111, #1117, #3260, .T. ) ;
#2605 = VECTOR ( 'NONE', #2424, 39.37007874015748143 ) ;
#2606 = VECTOR ( 'NONE', #2315, 39.37007874015748143 ) ;
#2607 = CARTESIAN_POINT ( 'NONE',  ( -0.1658749999999998836, 8.521817679043639515, -1.069593372961820351E-15 ) ) ;
#2608 = ORIENTED_EDGE ( 'NONE', *, *, #345, .F. ) ;
#2609 = DIRECTION ( 'NONE',  ( 1.204518515724980495E-16, 1.000000000000000000, 0.000000000000000000 ) ) ;
#2610 = DIRECTION ( 'NONE',  ( 1.229331597148917709E-16, 1.000000000000000000, 0.000000000000000000 ) ) ;
#2611 = ORIENTED_EDGE ( 'NONE', *, *, #42, .T. ) ;
#2612 = AXIS2_PLACEMENT_3D ( 'NONE', #2113, #1477, #3030 ) ;
#2613 = DIRECTION ( 'NONE',  ( 1.000000000000000000, -1.224646799147353207E-16, -0.000000000000000000 ) ) ;
#2614 = ORIENTED_EDGE ( 'NONE', *, *, #3662, .F. ) ;
#2615 = DIRECTION ( 'NONE',  ( -0.000000000000000000, -0.000000000000000000, -1.000000000000000000 ) ) ;
#2616 = CARTESIAN_POINT ( 'NONE',  ( -1.125000000000001998, -0.4888948972067482801, 0.4086491035602488608 ) ) ;
#2617 = EDGE_LOOP ( 'NONE', ( #1211, #2434, #2450, #2789 ) ) ;
#2618 = PRODUCT_CONTEXT ( 'NONE', #3807, 'mechanical' ) ;
#2619 = EDGE_CURVE ( 'NONE', #1582, #3167, #2964, .T. ) ;
#2620 = PLANE ( 'NONE',  #2590 ) ;
#2621 = ORIENTED_EDGE ( 'NONE', *, *, #2604, .T. ) ;
#2622 = CARTESIAN_POINT ( 'NONE',  ( 3.757567139478287022, 3.343529741363622243, 4.251842231245662518 ) ) ;
#2623 = VERTEX_POINT ( 'NONE', #1020 ) ;
#2624 = ADVANCED_FACE ( 'NONE', ( #2005 ), #2263, .F. ) ;
#2625 = DIRECTION ( 'NONE',  ( 1.000000000000000000, -1.224646799147353207E-16, -0.000000000000000000 ) ) ;
#2626 = ADVANCED_FACE ( 'NONE', ( #1953 ), #1985, .F. ) ;
#2627 = CARTESIAN_POINT ( 'NONE',  ( -1.125000000000001998, 0.4949000000000008392, 0.1069000000000008277 ) ) ;
#2628 = FACE_OUTER_BOUND ( 'NONE', #1573, .T. ) ;
#2629 = VERTEX_POINT ( 'NONE', #1680 ) ;
#2630 = DIRECTION ( 'NONE',  ( 1.000000000000000000, -1.224646799147353207E-16, -0.000000000000000000 ) ) ;
#2631 = CARTESIAN_POINT ( 'NONE',  ( -0.1658750000000011326, -1.831078121809923021, 0.3205414085530036705 ) ) ;
#2632 = VERTEX_POINT ( 'NONE', #3534 ) ;
#2633 = DIRECTION ( 'NONE',  ( -1.000000000000000000, 1.224646799147353207E-16, 0.000000000000000000 ) ) ;
#2634 = VERTEX_POINT ( 'NONE', #439 ) ;
#2635 = CARTESIAN_POINT ( 'NONE',  ( -0.2518750000000020695, -9.183317679043641490, 0.000000000000000000 ) ) ;
#2636 = CARTESIAN_POINT ( 'NONE',  ( -0.1658750000000007718, 1.263817679043635067, 0.7500000000000015543 ) ) ;
#2637 = EDGE_LOOP ( 'NONE', ( #1375, #2122, #3437, #3139 ) ) ;
#2638 = FACE_OUTER_BOUND ( 'NONE', #2246, .T. ) ;
#2639 = DIRECTION ( 'NONE',  ( 0.000000000000000000, -1.000000000000000000, 0.000000000000000000 ) ) ;
#2640 = VERTEX_POINT ( 'NONE', #1398 ) ;
#2641 = CARTESIAN_POINT ( 'NONE',  ( -0.1658750000000009939, -0.6975647374411807489, 1.194852794186280986 ) ) ;
#2642 = PRODUCT_RELATED_PRODUCT_CATEGORY ( 'part', '', ( #203 ) ) ;
#2643 = ORIENTED_EDGE ( 'NONE', *, *, #530, .F. ) ;
#2644 = EDGE_CURVE ( 'NONE', #757, #896, #3134, .T. ) ;
#2645 = AXIS2_PLACEMENT_3D ( 'NONE', #4036, #1433, #1116 ) ;
#2646 = DIRECTION ( 'NONE',  ( -1.204518515724980495E-16, -1.000000000000000000, 0.000000000000000000 ) ) ;
#2647 = DIRECTION ( 'NONE',  ( 0.000000000000000000, -0.000000000000000000, 1.000000000000000000 ) ) ;
#2648 = CARTESIAN_POINT ( 'NONE',  ( -1.187500000000001998, -0.6500000000000005773, 0.9183496676073186205 ) ) ;
#2649 = DIMENSIONAL_EXPONENTS ( 1.000000000000000000, 0.000000000000000000, 0.000000000000000000, 0.000000000000000000, 0.000000000000000000, 0.000000000000000000, 0.000000000000000000 ) ;
#2650 = CARTESIAN_POINT ( 'NONE',  ( -1.125000000000001776, 0.7499999999999993339, 1.000000000000001332 ) ) ;
#2651 = EDGE_LOOP ( 'NONE', ( #552, #918, #359, #3482 ) ) ;
#2652 = ADVANCED_FACE ( 'NONE', ( #3930 ), #105, .F. ) ;
#2653 = CARTESIAN_POINT ( 'NONE',  ( -0.3344999999999998530, -0.01500000000000001159, 7.000000000000000000 ) ) ;
#2654 = EDGE_LOOP ( 'NONE', ( #4049, #1751, #1243, #675, #9, #3154, #2411 ) ) ;
#2655 = APPLICATION_CONTEXT ( 'automotive_design' ) ;
#2656 = VECTOR ( 'NONE', #2313, 39.37007874015748143 ) ;
#2657 = FACE_OUTER_BOUND ( 'NONE', #3535, .T. ) ;
#2658 = DIRECTION ( 'NONE',  ( 0.000000000000000000, 0.9062549842224584262, -0.4227314792772729479 ) ) ;
#2659 = ORIENTED_EDGE ( 'NONE', *, *, #1466, .T. ) ;
#2660 = ORIENTED_EDGE ( 'NONE', *, *, #3548, .F. ) ;
#2661 = VECTOR ( 'NONE', #3831, 39.37007874015748143 ) ;
#2662 = VECTOR ( 'NONE', #2688, 39.37007874015748143 ) ;
#2663 = ORIENTED_EDGE ( 'NONE', *, *, #2726, .T. ) ;
#2664 = AXIS2_PLACEMENT_3D ( 'NONE', #1891, #3161, #2531 ) ;
#2665 = AXIS2_PLACEMENT_3D ( 'NONE', #537, #1236, #1839 ) ;
#2666 = CIRCLE ( 'NONE', #1038, 0.4374999999999998890 ) ;
#2667 = AXIS2_PLACEMENT_3D ( 'NONE', #132, #3305, #482 ) ;
#2668 = CARTESIAN_POINT ( 'NONE',  ( -0.2518750000000019584, -8.332817679043639458, 0.000000000000000000 ) ) ;
#2669 = VECTOR ( 'NONE', #3601, 39.37007874015748143 ) ;
#2670 = EDGE_CURVE ( 'NONE', #3384, #3555, #2597, .T. ) ;
#2671 = DIRECTION ( 'NONE',  ( -1.657674753437052328E-16, -1.000000000000000000, 0.000000000000000000 ) ) ;
#2672 = DIRECTION ( 'NONE',  ( 0.000000000000000000, 0.000000000000000000, 1.000000000000000000 ) ) ;
#2673 = EDGE_LOOP ( 'NONE', ( #3414, #452, #187, #3436 ) ) ;
#2674 = EDGE_CURVE ( 'NONE', #225, #3039, #2989, .T. ) ;
#2675 = ORIENTED_EDGE ( 'NONE', *, *, #2525, .T. ) ;
#2676 = CARTESIAN_POINT ( 'NONE',  ( -0.1658750000000019931, -8.521817679043639515, 0.000000000000000000 ) ) ;
#2677 = DIRECTION ( 'NONE',  ( 0.000000000000000000, 1.000000000000000000, 0.000000000000000000 ) ) ;
#2678 = ORIENTED_EDGE ( 'NONE', *, *, #1732, .F. ) ;
#2679 = AXIS2_PLACEMENT_3D ( 'NONE', #1181, #870, #3410 ) ;
#2680 = CARTESIAN_POINT ( 'NONE',  ( -1.187500000000001998, -0.6500000000000005773, 0.9183496676073186205 ) ) ;
#2681 = EDGE_CURVE ( 'NONE', #3696, #841, #2942, .T. ) ;
#2682 = LINE ( 'NONE', #1483, #1351 ) ;
#2683 = ORIENTED_EDGE ( 'NONE', *, *, #3563, .F. ) ;
#2684 = VERTEX_POINT ( 'NONE', #1061 ) ;
#2685 = AXIS2_PLACEMENT_3D ( 'NONE', #2323, #1696, #2610 ) ;
#2686 = CARTESIAN_POINT ( 'NONE',  ( -1.187500000000001776, 0.07771345515429266271, 0.5262498006311019383 ) ) ;
#2687 = ORIENTED_EDGE ( 'NONE', *, *, #2145, .T. ) ;
#2688 = DIRECTION ( 'NONE',  ( -1.000000000000000000, 1.224646799147353207E-16, -0.000000000000000000 ) ) ;
#2689 = CARTESIAN_POINT ( 'NONE',  ( 3.655667139478286476, 1.227894383276352475, 4.251842231245662518 ) ) ;
#2690 = FACE_OUTER_BOUND ( 'NONE', #3706, .T. ) ;
#2691 = ORIENTED_EDGE ( 'NONE', *, *, #790, .T. ) ;
#2692 = EDGE_CURVE ( 'NONE', #164, #2548, #1225, .T. ) ;
#2693 = FACE_OUTER_BOUND ( 'NONE', #3621, .T. ) ;
#2694 = ORIENTED_EDGE ( 'NONE', *, *, #2282, .T. ) ;
#2695 = CARTESIAN_POINT ( 'NONE',  ( -1.187500000000001776, -0.4949000000000005617, 0.1069000000000007722 ) ) ;
#2696 = DIRECTION ( 'NONE',  ( -1.806777773587480111E-16, -1.000000000000000000, 0.000000000000000000 ) ) ;
#2697 = ORIENTED_EDGE ( 'NONE', *, *, #3078, .T. ) ;
#2698 = EDGE_CURVE ( 'NONE', #2956, #913, #3590, .T. ) ;
#2699 = DIRECTION ( 'NONE',  ( -1.000000000000000000, 1.224646799147353207E-16, 0.000000000000000000 ) ) ;
#2700 =( NAMED_UNIT ( * ) PLANE_ANGLE_UNIT ( ) SI_UNIT ( $, .RADIAN. ) );
#2701 = ORIENTED_EDGE ( 'NONE', *, *, #1653, .T. ) ;
#2702 = VERTEX_POINT ( 'NONE', #2067 ) ;
#2703 = EDGE_CURVE ( 'NONE', #136, #1899, #64, .T. ) ;
#2704 = EDGE_LOOP ( 'NONE', ( #4037, #3911, #3992, #3306 ) ) ;
#2705 = CARTESIAN_POINT ( 'NONE',  ( -1.187500000000001998, -0.7162392253302758416, 0.8434339481110404435 ) ) ;
#2706 = VERTEX_POINT ( 'NONE', #3429 ) ;
#2707 = CARTESIAN_POINT ( 'NONE',  ( 0.5545000000000001039, -0.01500000000000001159, 7.000000000000000000 ) ) ;
#2708 = LINE ( 'NONE', #2402, #3741 ) ;
#2709 = CARTESIAN_POINT ( 'NONE',  ( -1.187500000000001776, 0.5000000000000009992, 0.1018000000000005428 ) ) ;
#2710 = VERTEX_POINT ( 'NONE', #954 ) ;
#2711 = VECTOR ( 'NONE', #1714, 39.37007874015748143 ) ;
#2712 = DIRECTION ( 'NONE',  ( 1.000000000000000000, -1.224646799147353207E-16, -0.000000000000000000 ) ) ;
#2713 = ORIENTED_EDGE ( 'NONE', *, *, #1340, .T. ) ;
#2714 = DIRECTION ( 'NONE',  ( 0.000000000000000000, 1.000000000000000000, 0.000000000000000000 ) ) ;
#2715 = CARTESIAN_POINT ( 'NONE',  ( -0.1658749999999999114, 8.332817679043639458, -1.092739197465705287E-15 ) ) ;
#2716 = ORIENTED_EDGE ( 'NONE', *, *, #3849, .F. ) ;
#2717 = PLANE ( 'NONE',  #166 ) ;
#2718 = DIRECTION ( 'NONE',  ( 0.000000000000000000, -0.9062549842224560948, 0.4227314792772784435 ) ) ;
#2719 = ORIENTED_EDGE ( 'NONE', *, *, #2698, .F. ) ;
#2720 = ORIENTED_EDGE ( 'NONE', *, *, #2352, .F. ) ;
#2721 = EDGE_CURVE ( 'NONE', #1585, #210, #2199, .T. ) ;
#2722 = DIRECTION ( 'NONE',  ( 0.000000000000000000, -1.000000000000000000, 0.000000000000000000 ) ) ;
#2723 = CARTESIAN_POINT ( 'NONE',  ( -1.187500000000001776, 0.4339263241866951892, 0.7649091675238298693 ) ) ;
#2724 = EDGE_LOOP ( 'NONE', ( #1681, #2261, #992, #3257 ) ) ;
#2725 = VECTOR ( 'NONE', #3277, 39.37007874015748143 ) ;
#2726 = EDGE_CURVE ( 'NONE', #338, #2149, #37, .T. ) ;
#2727 = DIRECTION ( 'NONE',  ( 0.000000000000000000, -1.000000000000000000, 0.000000000000000000 ) ) ;
#2728 = AXIS2_PLACEMENT_3D ( 'NONE', #3877, #699, #3897 ) ;
#2729 = CIRCLE ( 'NONE', #370, 0.2039999999999997926 ) ;
#2730 = AXIS2_PLACEMENT_3D ( 'NONE', #984, #2204, #2537 ) ;
#2731 = PLANE ( 'NONE',  #3734 ) ;
#2732 = CARTESIAN_POINT ( 'NONE',  ( -0.1658750000000010771, -1.468167046811732268, 0.9768915831120246196 ) ) ;
#2733 = LINE ( 'NONE', #1411, #1719 ) ;
#2734 = ORIENTED_EDGE ( 'NONE', *, *, #1783, .F. ) ;
#2735 = CIRCLE ( 'NONE', #110, 0.03999999999999998002 ) ;
#2736 = CIRCLE ( 'NONE', #2665, 0.04000000000000001471 ) ;
#2737 = APPLICATION_CONTEXT ( 'automotive_design' ) ;
#2738 = VECTOR ( 'NONE', #2125, 39.37007874015748143 ) ;
#2739 = VERTEX_POINT ( 'NONE', #1279 ) ;
#2740 = CARTESIAN_POINT ( 'NONE',  ( -1.187500000000001776, 0.3146249791965799458, 0.8300000000000016254 ) ) ;
#2741 = CARTESIAN_POINT ( 'NONE',  ( 3.655667139478286920, 2.665168221848992491, 3.063260132605701180 ) ) ;
#2742 = ORIENTED_EDGE ( 'NONE', *, *, #3793, .T. ) ;
#2743 = VECTOR ( 'NONE', #2123, 39.37007874015748143 ) ;
#2744 = CYLINDRICAL_SURFACE ( 'NONE', #435, 0.3749999999999998335 ) ;
#2745 = ORIENTED_EDGE ( 'NONE', *, *, #2109, .T. ) ;
#2746 = LINE ( 'NONE', #3705, #704 ) ;
#2747 = ORIENTED_EDGE ( 'NONE', *, *, #3447, .F. ) ;
#2748 = VERTEX_POINT ( 'NONE', #1907 ) ;
#2749 = EDGE_CURVE ( 'NONE', #1838, #335, #4072, .T. ) ;
#2750 = CARTESIAN_POINT ( 'NONE',  ( -1.125000000000001998, -0.5000000000000007772, 1.023200000000001220 ) ) ;
#2751 = LINE ( 'NONE', #3085, #3938 ) ;
#2752 = VERTEX_POINT ( 'NONE', #1924 ) ;
#2753 = DIRECTION ( 'NONE',  ( 0.000000000000000000, 1.000000000000000000, 0.000000000000000000 ) ) ;
#2754 = ADVANCED_FACE ( 'NONE', ( #2529 ), #3799, .F. ) ;
#2755 = DIRECTION ( 'NONE',  ( 1.000000000000000000, -1.224646799147353207E-16, -0.000000000000000000 ) ) ;
#2756 = PLANE ( 'NONE',  #3600 ) ;
#2757 = LINE ( 'NONE', #3647, #2849 ) ;
#2758 = VERTEX_POINT ( 'NONE', #3495 ) ;
#2759 = ADVANCED_FACE ( 'NONE', ( #1581 ), #2571, .F. ) ;
#2760 = ORIENTED_EDGE ( 'NONE', *, *, #1598, .F. ) ;
#2761 = CARTESIAN_POINT ( 'NONE',  ( -0.2518749999999999045, 8.332817679043639458, -0.8505000000000022542 ) ) ;
#2762 = LINE ( 'NONE', #3383, #3222 ) ;
#2763 = ORIENTED_EDGE ( 'NONE', *, *, #3692, .F. ) ;
#2764 = DIRECTION ( 'NONE',  ( 1.000000000000000000, -1.224646799147353207E-16, -0.000000000000000000 ) ) ;
#2765 = ORIENTED_EDGE ( 'NONE', *, *, #1482, .T. ) ;
#2766 = ORIENTED_EDGE ( 'NONE', *, *, #3874, .F. ) ;
#2767 = FILL_AREA_STYLE ('',( #1774 ) ) ;
#2768 = DIRECTION ( 'NONE',  ( -1.224646799147353454E-16, -1.000000000000000000, 0.000000000000000000 ) ) ;
#2769 = ORIENTED_EDGE ( 'NONE', *, *, #3247, .T. ) ;
#2770 = DIRECTION ( 'NONE',  ( -1.000000000000000000, 0.000000000000000000, 0.000000000000000000 ) ) ;
#2771 = ADVANCED_FACE ( 'NONE', ( #3509 ), #3178, .F. ) ;
#2772 = LINE ( 'NONE', #4014, #1354 ) ;
#2773 = DIRECTION ( 'NONE',  ( 1.000000000000000000, -1.224646799147353207E-16, -0.000000000000000000 ) ) ;
#2774 = DIRECTION ( 'NONE',  ( 1.000000000000000000, -1.224646799147353207E-16, 0.000000000000000000 ) ) ;
#2775 = ORIENTED_EDGE ( 'NONE', *, *, #2681, .F. ) ;
#2776 = EDGE_CURVE ( 'NONE', #1662, #612, #3198, .T. ) ;
#2777 = ORIENTED_EDGE ( 'NONE', *, *, #2934, .T. ) ;
#2778 = DIRECTION ( 'NONE',  ( -8.542704229055181990E-18, -0.06975647374412725921, -0.9975640502598241977 ) ) ;
#2779 = DIRECTION ( 'NONE',  ( 1.000000000000000000, -1.224646799147353207E-16, -0.000000000000000000 ) ) ;
#2780 = ORIENTED_EDGE ( 'NONE', *, *, #320, .F. ) ;
#2781 = ADVANCED_FACE ( 'NONE', ( #3136 ), #3470, .F. ) ;
#2782 = DIRECTION ( 'NONE',  ( 5.176967529957336567E-17, 0.4227314792772695062, -0.9062549842224600916 ) ) ;
#2783 = VECTOR ( 'NONE', #3093, 39.37007874015748143 ) ;
#2784 = LINE ( 'NONE', #1587, #1729 ) ;
#2785 = ORIENTED_EDGE ( 'NONE', *, *, #3844, .F. ) ;
#2786 = VERTEX_POINT ( 'NONE', #2859 ) ;
#2787 = PLANE ( 'NONE',  #3130 ) ;
#2788 = PLANE ( 'NONE',  #4076 ) ;
#2789 = ORIENTED_EDGE ( 'NONE', *, *, #422, .T. ) ;
#2790 = DIRECTION ( 'NONE',  ( -5.463695987328526437E-16, -1.000000000000000000, -0.000000000000000000 ) ) ;
#2791 = VECTOR ( 'NONE', #2930, 39.37007874015748143 ) ;
#2792 = CIRCLE ( 'NONE', #1286, 0.3749999999999999445 ) ;
#2793 = DIRECTION ( 'NONE',  ( -1.224646799147353207E-16, -1.000000000000000000, 6.691578377234097528E-15 ) ) ;
#2794 = AXIS2_PLACEMENT_3D ( 'NONE', #744, #2059, #3338 ) ;
#2795 = EDGE_CURVE ( 'NONE', #2963, #82, #3112, .T. ) ;
#2796 = DIRECTION ( 'NONE',  ( 1.000000000000000000, -1.224646799147353207E-16, -0.000000000000000000 ) ) ;
#2797 = VERTEX_POINT ( 'NONE', #291 ) ;
#2798 = DIRECTION ( 'NONE',  ( 0.000000000000000000, -1.000000000000000000, 0.000000000000000000 ) ) ;
#2799 = VECTOR ( 'NONE', #2910, 39.37007874015748143 ) ;
#2800 = CARTESIAN_POINT ( 'NONE',  ( -1.125000000000001998, 0.4949000000000008392, 1.018100000000001115 ) ) ;
#2801 = EDGE_LOOP ( 'NONE', ( #1931, #2023, #1697, #3917 ) ) ;
#2802 = VECTOR ( 'NONE', #2060, 39.37007874015748143 ) ;
#2803 = VECTOR ( 'NONE', #423, 39.37007874015748143 ) ;
#2804 = EDGE_CURVE ( 'NONE', #1014, #3389, #2492, .T. ) ;
#2805 = DIRECTION ( 'NONE',  ( 1.000000000000000000, -1.224646799147353207E-16, 0.000000000000000000 ) ) ;
#2806 = DIRECTION ( 'NONE',  ( 0.000000000000000000, 1.000000000000000000, 0.000000000000000000 ) ) ;
#2807 = EDGE_LOOP ( 'NONE', ( #2416, #109, #49, #2021 ) ) ;
#2808 = ORIENTED_EDGE ( 'NONE', *, *, #2357, .F. ) ;
#2809 = CIRCLE ( 'NONE', #3407, 0.3749999999999999445 ) ;
#2810 = DIRECTION ( 'NONE',  ( 0.000000000000000000, 0.000000000000000000, 1.000000000000000000 ) ) ;
#2811 = PRODUCT_DEFINITION_FORMATION_WITH_SPECIFIED_SOURCE ( 'ANY', '', #203, .NOT_KNOWN. ) ;
#2812 = EDGE_CURVE ( 'NONE', #1920, #199, #935, .T. ) ;
#2813 = CYLINDRICAL_SURFACE ( 'NONE', #161, 0.4374999999999998890 ) ;
#2814 = PLANE ( 'NONE',  #2138 ) ;
#2815 = ORIENTED_EDGE ( 'NONE', *, *, #1692, .F. ) ;
#2816 = CARTESIAN_POINT ( 'NONE',  ( 3.757567139478286133, 1.227894383276352475, 3.814342231245662962 ) ) ;
#2817 = CIRCLE ( 'NONE', #3815, 0.03999999999999997308 ) ;
#2818 = DIRECTION ( 'NONE',  ( 1.000000000000000000, -1.224646799147353207E-16, -0.000000000000000000 ) ) ;
#2819 = DIRECTION ( 'NONE',  ( 1.000000000000000000, -1.224646799147353207E-16, 0.000000000000000000 ) ) ;
#2820 = CIRCLE ( 'NONE', #2685, 10.00000000000000711 ) ;
#2821 = CARTESIAN_POINT ( 'NONE',  ( -1.187500000000001776, -0.4508355833577849525, 0.3963410318450692471 ) ) ;
#2822 = ORIENTED_EDGE ( 'NONE', *, *, #2089, .F. ) ;
#2823 = DIRECTION ( 'NONE',  ( 0.000000000000000000, -1.000000000000000000, 0.000000000000000000 ) ) ;
#2824 = CARTESIAN_POINT ( 'NONE',  ( 3.655667139478286920, 2.780712062319987243, 4.251842231245662518 ) ) ;
#2825 = VERTEX_POINT ( 'NONE', #316 ) ;
#2826 = EDGE_CURVE ( 'NONE', #2182, #2748, #1289, .T. ) ;
#2827 = PRODUCT_DEFINITION_CONTEXT ( 'detailed design', #3859, 'design' ) ;
#2828 = CARTESIAN_POINT ( 'NONE',  ( -1.187500000000001776, -0.5000000000000007772, 0.005000000000000543940 ) ) ;
#2829 = ORIENTED_EDGE ( 'NONE', *, *, #466, .T. ) ;
#2830 = ORIENTED_EDGE ( 'NONE', *, *, #1888, .F. ) ;
#2831 =( NAMED_UNIT ( * ) PLANE_ANGLE_UNIT ( ) SI_UNIT ( $, .RADIAN. ) );
#2832 = EDGE_CURVE ( 'NONE', #1420, #3430, #334, .T. ) ;
#2833 = DIRECTION ( 'NONE',  ( 1.000000000000000000, -1.224646799147353207E-16, -0.000000000000000000 ) ) ;
#2834 = VERTEX_POINT ( 'NONE', #2257 ) ;
#2835 = CARTESIAN_POINT ( 'NONE',  ( -0.3344999999999997975, -0.2350000000000000422, 7.000000000000000000 ) ) ;
#2836 = EDGE_CURVE ( 'NONE', #70, #3330, #728, .T. ) ;
#2837 = CARTESIAN_POINT ( 'NONE',  ( -0.1658749999999999114, 8.332817679043639458, 0.8505000000000009219 ) ) ;
#2838 = CARTESIAN_POINT ( 'NONE',  ( -0.2518750000000010703, -1.025108929193149665, 1.217756915286110742 ) ) ;
#2839 = DIRECTION ( 'NONE',  ( 0.000000000000000000, 1.000000000000000000, 0.000000000000000000 ) ) ;
#2840 = ORIENTED_EDGE ( 'NONE', *, *, #2506, .F. ) ;
#2841 = CARTESIAN_POINT ( 'NONE',  ( 3.655667139478286920, 3.040712062319987030, 4.189342231245662518 ) ) ;
#2842 = DIRECTION ( 'NONE',  ( -1.000000000000000000, 0.000000000000000000, -0.000000000000000000 ) ) ;
#2843 = ORIENTED_EDGE ( 'NONE', *, *, #2218, .T. ) ;
#2844 = FACE_OUTER_BOUND ( 'NONE', #2801, .T. ) ;
#2845 = DIRECTION ( 'NONE',  ( 0.000000000000000000, -0.9062549842224582042, -0.4227314792772733920 ) ) ;
#2846 = ORIENTED_EDGE ( 'NONE', *, *, #2692, .T. ) ;
#2847 = ORIENTED_EDGE ( 'NONE', *, *, #1234, .F. ) ;
#2848 =( LENGTH_UNIT ( ) NAMED_UNIT ( * ) SI_UNIT ( $, .METRE. ) );
#2849 = VECTOR ( 'NONE', #3043, 39.37007874015748143 ) ;
#2850 = ADVANCED_FACE ( 'NONE', ( #2628 ), #1964, .F. ) ;
#2851 = PLANE ( 'NONE',  #2064 ) ;
#2852 = DIRECTION ( 'NONE',  ( -1.000000000000000000, 1.224646799147353207E-16, -0.000000000000000000 ) ) ;
#2853 = ORIENTED_EDGE ( 'NONE', *, *, #497, .F. ) ;
#2854 = DIRECTION ( 'NONE',  ( 1.365923996832129884E-16, 1.000000000000000000, 0.000000000000000000 ) ) ;
#2855 = EDGE_CURVE ( 'NONE', #2562, #691, #3468, .T. ) ;
#2856 = DIRECTION ( 'NONE',  ( -1.000000000000000000, 1.224646799147353207E-16, -0.000000000000000000 ) ) ;
#2857 = DIRECTION ( 'NONE',  ( 5.463695987328526437E-16, 1.000000000000000000, -0.000000000000000000 ) ) ;
#2858 = AXIS2_PLACEMENT_3D ( 'NONE', #1504, #1816, #2027 ) ;
#2859 = CARTESIAN_POINT ( 'NONE',  ( -1.187500000000001776, 0.01690925917109139393, 0.6469899094427934427 ) ) ;
#2860 = ORIENTED_EDGE ( 'NONE', *, *, #160, .T. ) ;
#2861 = DIRECTION ( 'NONE',  ( 0.000000000000000000, -1.000000000000000000, 0.000000000000000000 ) ) ;
#2862 = FACE_OUTER_BOUND ( 'NONE', #3246, .T. ) ;
#2863 = ORIENTED_EDGE ( 'NONE', *, *, #2698, .T. ) ;
#2864 = CIRCLE ( 'NONE', #3533, 0.4688991300000007190 ) ;
#2865 = UNCERTAINTY_MEASURE_WITH_UNIT (LENGTH_MEASURE( 1.000000000000000082E-05 ), #12, 'distance_accuracy_value', 'NONE');
#2866 = DIRECTION ( 'NONE',  ( 1.000000000000000000, -1.224646799147353207E-16, -0.000000000000000000 ) ) ;
#2867 = ORIENTED_EDGE ( 'NONE', *, *, #754, .T. ) ;
#2868 = VERTEX_POINT ( 'NONE', #407 ) ;
#2869 = CONTEXT_DEPENDENT_SHAPE_REPRESENTATION ( #1194, #426 ) ;
#2870 = CIRCLE ( 'NONE', #1099, 0.1000000000000001582 ) ;
#2871 = AXIS2_PLACEMENT_3D ( 'NONE', #3288, #1975, #2658 ) ;
#2872 = PRESENTATION_STYLE_ASSIGNMENT (( #2564 ) ) ;
#2873 = VECTOR ( 'NONE', #1238, 39.37007874015748143 ) ;
#2874 = DIRECTION ( 'NONE',  ( -0.000000000000000000, -0.000000000000000000, 1.000000000000000000 ) ) ;
#2875 = DIRECTION ( 'NONE',  ( 1.000000000000000000, -1.224646799147353207E-16, 0.000000000000000000 ) ) ;
#2876 = CARTESIAN_POINT ( 'NONE',  ( -0.2518749999999999045, 8.332817679043639458, 0.8505000000000009219 ) ) ;
#2877 = PRODUCT_DEFINITION_FORMATION_WITH_SPECIFIED_SOURCE ( 'ANY', '', #2366, .NOT_KNOWN. ) ;
#2878 = EDGE_CURVE ( 'NONE', #2684, #2486, #2303, .T. ) ;
#2879 = DIRECTION ( 'NONE',  ( 0.000000000000000000, -1.000000000000000000, 0.000000000000000000 ) ) ;
#2880 = AXIS2_PLACEMENT_3D ( 'NONE', #851, #3956, #3071 ) ;
#2881 = ADVANCED_FACE ( 'NONE', ( #1072 ), #1092, .F. ) ;
#2882 = CARTESIAN_POINT ( 'NONE',  ( -1.187500000000001776, -0.5000000000000007772, 0.1018000000000005428 ) ) ;
#2883 = VERTEX_POINT ( 'NONE', #472 ) ;
#2884 = CARTESIAN_POINT ( 'NONE',  ( 0.3345000000000000751, -0.01500000000000004455, 7.000000000000000000 ) ) ;
#2885 = CARTESIAN_POINT ( 'NONE',  ( -1.187500000000001776, 0.4888948972067503340, 0.7163508964397511392 ) ) ;
#2886 = ORIENTED_EDGE ( 'NONE', *, *, #2201, .F. ) ;
#2887 = ADVANCED_FACE ( 'NONE', ( #1712 ), #333, .F. ) ;
#2888 = CARTESIAN_POINT ( 'NONE',  ( -1.125000000000001998, 0.4949000000000008392, 0.1069000000000008277 ) ) ;
#2889 = EDGE_LOOP ( 'NONE', ( #2053, #2523 ) ) ;
#2890 = ORIENTED_EDGE ( 'NONE', *, *, #2468, .T. ) ;
#2891 = CARTESIAN_POINT ( 'NONE',  ( 3.757567139478287022, 3.040712062319987030, 4.189342231245662518 ) ) ;
#2892 = DIRECTION ( 'NONE',  ( -1.000000000000000000, 0.000000000000000000, 0.000000000000000000 ) ) ;
#2893 = DIRECTION ( 'NONE',  ( -1.000000000000000000, 1.224646799147353207E-16, 0.000000000000000000 ) ) ;
#2894 = CARTESIAN_POINT ( 'NONE',  ( 3.757567139478287022, 3.343529741363622243, 3.814342231245662962 ) ) ;
#2895 = SHAPE_REPRESENTATION ( '26_CO_shockbar_al_sidesupport', ( #1106 ), #2483 ) ;
#2896 = EDGE_CURVE ( 'NONE', #2135, #1991, #3912, .T. ) ;
#2897 = ORIENTED_EDGE ( 'NONE', *, *, #1535, .T. ) ;
#2898 = DIRECTION ( 'NONE',  ( -1.000000000000000000, 1.224646799147353207E-16, -0.000000000000000000 ) ) ;
#2899 = DIRECTION ( 'NONE',  ( 1.000000000000000000, -1.224646799147353207E-16, -0.000000000000000000 ) ) ;
#2900 = ORIENTED_EDGE ( 'NONE', *, *, #390, .F. ) ;
#2901 = EDGE_CURVE ( 'NONE', #2834, #2382, #3300, .T. ) ;
#2902 = CARTESIAN_POINT ( 'NONE',  ( -1.187500000000001776, 0.3146249791965803344, 0.2950000000000001510 ) ) ;
#2903 = ORIENTED_EDGE ( 'NONE', *, *, #444, .T. ) ;
#2904 = ORIENTED_EDGE ( 'NONE', *, *, #2832, .T. ) ;
#2905 = CARTESIAN_POINT ( 'NONE',  ( 3.757567139478286133, 1.061882313482412465, 3.409562979451883802 ) ) ;
#2906 = EDGE_CURVE ( 'NONE', #598, #3783, #107, .T. ) ;
#2907 = DIRECTION ( 'NONE',  ( 1.657674753437052328E-16, 1.000000000000000000, 0.000000000000000000 ) ) ;
#2908 = DIRECTION ( 'NONE',  ( 0.000000000000000000, -1.000000000000000000, 1.639210228092857221E-17 ) ) ;
#2909 = CIRCLE ( 'NONE', #2585, 0.1889999999999995295 ) ;
#2910 = DIRECTION ( 'NONE',  ( 1.000000000000000000, -1.224646799147353207E-16, -0.000000000000000000 ) ) ;
#2911 = DIRECTION ( 'NONE',  ( -1.000000000000000000, 1.224646799147353207E-16, -0.000000000000000000 ) ) ;
#2912 = LENGTH_MEASURE_WITH_UNIT ( LENGTH_MEASURE( 0.02539999999999999897 ), #3234 );
#2913 = CARTESIAN_POINT ( 'NONE',  ( -1.125000000000001776, 0.9646363203188060842, 0.5624999999999976685 ) ) ;
#2914 = ORIENTED_EDGE ( 'NONE', *, *, #2168, .T. ) ;
#2915 = CARTESIAN_POINT ( 'NONE',  ( -1.187500000000001776, -0.01690925917109087698, 0.4780100905572086667 ) ) ;
#2916 = CARTESIAN_POINT ( 'NONE',  ( -1.187500000000001776, 0.7500000000000009992, 0.005000000000000543940 ) ) ;
#2917 = VERTEX_POINT ( 'NONE', #3893 ) ;
#2918 = PRODUCT_DEFINITION_SHAPE ( 'NONE', 'NONE',  #4093 ) ;
#2919 = EDGE_CURVE ( 'NONE', #403, #3890, #3932, .T. ) ;
#2920 = VECTOR ( 'NONE', #1666, 39.37007874015748143 ) ;
#2921 = CARTESIAN_POINT ( 'NONE',  ( -1.187500000000001776, 0.4908355833577848215, 0.3963410318450671932 ) ) ;
#2922 = ORIENTED_EDGE ( 'NONE', *, *, #569, .F. ) ;
#2923 = CIRCLE ( 'NONE', #496, 0.03999999999999998002 ) ;
#2924 = ORIENTED_EDGE ( 'NONE', *, *, #1888, .T. ) ;
#2925 = APPLICATION_PROTOCOL_DEFINITION ( 'draft international standard', 'automotive_design', 1998, #2655 ) ;
#2926 = AXIS2_PLACEMENT_3D ( 'NONE', #3448, #2796, #2553 ) ;
#2927 = EDGE_CURVE ( 'NONE', #1396, #3892, #477, .T. ) ;
#2928 = AXIS2_PLACEMENT_3D ( 'NONE', #3077, #2699, #3303 ) ;
#2929 = CARTESIAN_POINT ( 'NONE',  ( -1.187500000000001776, -0.5000000000000007772, 0.005000000000000543940 ) ) ;
#2930 = DIRECTION ( 'NONE',  ( 1.000000000000000000, -1.224646799147353207E-16, -0.000000000000000000 ) ) ;
#2931 = CIRCLE ( 'NONE', #833, 0.1889999999999995295 ) ;
#2932 = CARTESIAN_POINT ( 'NONE',  ( -1.187500000000001776, 0.4339263241866951892, 0.7649091675238298693 ) ) ;
#2933 = VECTOR ( 'NONE', #2438, 39.37007874015748143 ) ;
#2934 = EDGE_CURVE ( 'NONE', #92, #117, #1163, .T. ) ;
#2935 = COLOUR_RGB ( '',0.7921568627450980005, 0.8196078431372548767, 0.9333333333333333481 ) ;
#2936 = AXIS2_PLACEMENT_3D ( 'NONE', #3774, #3106, #3461 ) ;
#2937 = LINE ( 'NONE', #1978, #3203 ) ;
#2938 = DIRECTION ( 'NONE',  ( 1.000000000000000000, -1.224646799147353207E-16, 0.000000000000000000 ) ) ;
#2939 = CARTESIAN_POINT ( 'NONE',  ( -1.125000000000001998, -0.6500000000000005773, 0.2066503323926765501 ) ) ;
#2940 = VERTEX_POINT ( 'NONE', #1700 ) ;
#2941 = AXIS2_PLACEMENT_3D ( 'NONE', #362, #1615, #2875 ) ;
#2942 = LINE ( 'NONE', #2921, #1610 ) ;
#2943 = ORIENTED_EDGE ( 'NONE', *, *, #83, .T. ) ;
#2944 = CARTESIAN_POINT ( 'NONE',  ( -1.125000000000001998, 0.3315342383676681548, 0.7937498006311020093 ) ) ;
#2945 = DIRECTION ( 'NONE',  ( 1.000000000000000000, -1.224646799147353207E-16, -0.000000000000000000 ) ) ;
#2946 = ADVANCED_FACE ( 'NONE', ( #128 ), #2966, .F. ) ;
#2947 = AXIS2_PLACEMENT_3D ( 'NONE', #255, #3718, #1203 ) ;
#2948 = APPLICATION_CONTEXT ( 'automotive_design' ) ;
#2949 = VECTOR ( 'NONE', #692, 39.37007874015748143 ) ;
#2950 = CARTESIAN_POINT ( 'NONE',  ( 3.757567139478287022, 3.040712062319987030, 4.189342231245662518 ) ) ;
#2951 = CARTESIAN_POINT ( 'NONE',  ( -1.187500000000001776, 0.4339263241866951892, 0.7649091675238298693 ) ) ;
#2952 = VERTEX_POINT ( 'NONE', #2944 ) ;
#2953 = VERTEX_POINT ( 'NONE', #2635 ) ;
#2954 = ADVANCED_FACE ( 'NONE', ( #2292 ), #735, .F. ) ;
#2955 = CARTESIAN_POINT ( 'NONE',  ( -1.187500000000001998, -0.9646363203188079716, 0.5624999999999976685 ) ) ;
#2956 = VERTEX_POINT ( 'NONE', #165 ) ;
#2957 = DIRECTION ( 'NONE',  ( -1.000000000000000000, 0.000000000000000000, 0.000000000000000000 ) ) ;
#2958 = EDGE_CURVE ( 'NONE', #643, #2868, #3007, .T. ) ;
#2959 = DIRECTION ( 'NONE',  ( 1.000000000000000000, -1.224646799147353207E-16, -0.000000000000000000 ) ) ;
#2960 = CYLINDRICAL_SURFACE ( 'NONE', #970, 0.03999999999999998002 ) ;
#2961 = CYLINDRICAL_SURFACE ( 'NONE', #308, 0.2060000000000000719 ) ;
#2962 = DIRECTION ( 'NONE',  ( 1.000000000000000000, -1.224646799147353207E-16, -0.000000000000000000 ) ) ;
#2963 = VERTEX_POINT ( 'NONE', #2676 ) ;
#2964 = LINE ( 'NONE', #2888, #3660 ) ;
#2965 = EDGE_LOOP ( 'NONE', ( #53, #4042, #3415, #2969 ) ) ;
#2966 = CYLINDRICAL_SURFACE ( 'NONE', #2130, 0.03999999999999991757 ) ;
#2967 = VERTEX_POINT ( 'NONE', #2695 ) ;
#2968 = CARTESIAN_POINT ( 'NONE',  ( -0.1658749999999999114, 8.332817679043639458, 0.8505000000000009219 ) ) ;
#2969 = ORIENTED_EDGE ( 'NONE', *, *, #1067, .T. ) ;
#2970 = VERTEX_POINT ( 'NONE', #2024 ) ;
#2971 = EDGE_CURVE ( 'NONE', #2327, #1492, #1120, .T. ) ;
#2972 = ORIENTED_EDGE ( 'NONE', *, *, #1979, .T. ) ;
#2973 = EDGE_CURVE ( 'NONE', #1903, #3148, #4004, .T. ) ;
#2974 = AXIS2_PLACEMENT_3D ( 'NONE', #3673, #1738, #3628 ) ;
#2975 = DIRECTION ( 'NONE',  ( 0.000000000000000000, 1.000000000000000000, -2.170717659354551568E-15 ) ) ;
#2976 = LINE ( 'NONE', #2086, #2738 ) ;
#2977 = DIRECTION ( 'NONE',  ( -1.000000000000000000, 1.224646799147353207E-16, 0.000000000000000000 ) ) ;
#2978 = ORIENTED_EDGE ( 'NONE', *, *, #3241, .F. ) ;
#2979 = EDGE_CURVE ( 'NONE', #419, #2710, #2931, .T. ) ;
#2980 = EDGE_LOOP ( 'NONE', ( #3537, #680, #71, #1971 ) ) ;
#2981 = DIRECTION ( 'NONE',  ( 0.000000000000000000, 1.000000000000000000, 0.000000000000000000 ) ) ;
#2982 = ORIENTED_EDGE ( 'NONE', *, *, #725, .T. ) ;
#2983 = AXIS2_PLACEMENT_3D ( 'NONE', #1316, #2833, #2504 ) ;
#2984 = VECTOR ( 'NONE', #3269, 39.37007874015748854 ) ;
#2985 = CARTESIAN_POINT ( 'NONE',  ( -1.187500000000001776, 0.4888948972067503340, 0.7163508964397511392 ) ) ;
#2986 = LINE ( 'NONE', #3577, #2803 ) ;
#2987 = ORIENTED_EDGE ( 'NONE', *, *, #1346, .T. ) ;
#2988 = PRODUCT_DEFINITION_SHAPE ( 'NONE', 'NONE',  #285 ) ;
#2989 = CIRCLE ( 'NONE', #3531, 0.2060000000000000719 ) ;
#2990 = VECTOR ( 'NONE', #586, 39.37007874015748143 ) ;
#2991 = DIRECTION ( 'NONE',  ( -1.000000000000000000, 1.224646799147353207E-16, -0.000000000000000000 ) ) ;
#2992 = VECTOR ( 'NONE', #1202, 39.37007874015748143 ) ;
#2993 = LINE ( 'NONE', #2705, #2933 ) ;
#2994 = VECTOR ( 'NONE', #994, 39.37007874015748143 ) ;
#2995 = EDGE_CURVE ( 'NONE', #3892, #1263, #3137, .T. ) ;
#2996 = VECTOR ( 'NONE', #4050, 39.37007874015748143 ) ;
#2997 = AXIS2_PLACEMENT_3D ( 'NONE', #3515, #2866, #1897 ) ;
#2998 = DIRECTION ( 'NONE',  ( 1.000000000000000000, -1.224646799147353207E-16, -0.000000000000000000 ) ) ;
#2999 = CIRCLE ( 'NONE', #715, 0.2039999999999997926 ) ;
#3000 = DIRECTION ( 'NONE',  ( -1.000000000000000000, 1.224646799147353207E-16, -0.000000000000000000 ) ) ;
#3001 = DIRECTION ( 'NONE',  ( -1.000000000000000000, 0.000000000000000000, 0.000000000000000000 ) ) ;
#3002 = ORIENTED_EDGE ( 'NONE', *, *, #2958, .T. ) ;
#3003 = EDGE_CURVE ( 'NONE', #1627, #609, #592, .T. ) ;
#3004 = SHAPE_REPRESENTATION ( '26_CO_Rear_Shock_Bar_Side_cf', ( #1106 ), #3076 ) ;
#3005 = CYLINDRICAL_SURFACE ( 'NONE', #2880, 0.005100000000000240626 ) ;
#3006 = VERTEX_POINT ( 'NONE', #1520 ) ;
#3007 = LINE ( 'NONE', #3613, #1616 ) ;
#3008 = CARTESIAN_POINT ( 'NONE',  ( -1.125000000000001998, -0.09462271432538395255, 0.5625000000000009992 ) ) ;
#3009 = EDGE_CURVE ( 'NONE', #2632, #2953, #3063, .T. ) ;
#3010 = CLOSED_SHELL ( 'NONE', ( #243, #2441, #181, #1271, #1894, #3670, #808, #1372, #3218, #1922, #413, #2626, #2095, #408 ) ) ;
#3011 = DIRECTION ( 'NONE',  ( 0.000000000000000000, 1.000000000000000000, 0.000000000000000000 ) ) ;
#3012 = DIRECTION ( 'NONE',  ( -1.806777773587480111E-16, -1.000000000000000000, 0.000000000000000000 ) ) ;
#3013 = VERTEX_POINT ( 'NONE', #3717 ) ;
#3014 = SHAPE_REPRESENTATION_RELATIONSHIP ( 'NONE' , 'NONE' ,  #3004, #1012 ) ;
#3015 = AXIS2_PLACEMENT_3D ( 'NONE', #1657, #2899, #99 ) ;
#3016 = DIRECTION ( 'NONE',  ( -1.000000000000000000, 0.000000000000000000, -0.000000000000000000 ) ) ;
#3017 = ORIENTED_EDGE ( 'NONE', *, *, #3131, .F. ) ;
#3018 = DIRECTION ( 'NONE',  ( 0.000000000000000000, 0.000000000000000000, 1.000000000000000000 ) ) ;
#3019 = ORIENTED_EDGE ( 'NONE', *, *, #1205, .F. ) ;
#3020 = CARTESIAN_POINT ( 'NONE',  ( -1.187500000000001776, 0.9646363203188060842, 0.5624999999999976685 ) ) ;
#3021 = LINE ( 'NONE', #559, #2990 ) ;
#3022 = CARTESIAN_POINT ( 'NONE',  ( -1.187500000000001776, 0.5000000000000009992, 1.120000000000001217 ) ) ;
#3023 = CARTESIAN_POINT ( 'NONE',  ( -1.125000000000001998, -0.3146249791965780029, 0.2550000000000014477 ) ) ;
#3024 = ORIENTED_EDGE ( 'NONE', *, *, #3253, .T. ) ;
#3025 = EDGE_CURVE ( 'NONE', #3208, #2179, #2470, .T. ) ;
#3026 = PRODUCT_DEFINITION_SHAPE ( 'NONE', 'NONE',  #4089 ) ;
#3027 = DIRECTION ( 'NONE',  ( -1.000000000000000000, 1.224646799147353207E-16, 0.000000000000000000 ) ) ;
#3028 = EDGE_LOOP ( 'NONE', ( #1638, #1911, #3846, #2530 ) ) ;
#3029 = DIRECTION ( 'NONE',  ( 0.000000000000000000, -1.000000000000000000, 0.000000000000000000 ) ) ;
#3030 = DIRECTION ( 'NONE',  ( 0.000000000000000000, -1.000000000000000000, 0.000000000000000000 ) ) ;
#3031 = ORIENTED_EDGE ( 'NONE', *, *, #3753, .F. ) ;
#3032 = EDGE_CURVE ( 'NONE', #3828, #3977, #2409, .T. ) ;
#3033 = CARTESIAN_POINT ( 'NONE',  ( -1.187500000000001776, -0.3315342383676688209, 0.3312501993689012658 ) ) ;
#3034 = DIRECTION ( 'NONE',  ( 0.000000000000000000, 1.000000000000000000, 0.000000000000000000 ) ) ;
#3035 = ORIENTED_EDGE ( 'NONE', *, *, #3416, .F. ) ;
#3036 = ORIENTED_EDGE ( 'NONE', *, *, #749, .F. ) ;
#3037 = DIRECTION ( 'NONE',  ( 0.000000000000000000, 0.000000000000000000, -1.000000000000000000 ) ) ;
#3038 = DIRECTION ( 'NONE',  ( 1.000000000000000000, -1.224646799147353207E-16, -0.000000000000000000 ) ) ;
#3039 = VERTEX_POINT ( 'NONE', #1183 ) ;
#3040 = CARTESIAN_POINT ( 'NONE',  ( -1.187500000000001776, 0.4508355833577858962, 0.7286589681549314745 ) ) ;
#3041 = DIRECTION ( 'NONE',  ( -0.000000000000000000, -1.000000000000000000, 2.279253542322266741E-15 ) ) ;
#3042 = LINE ( 'NONE', #4015, #437 ) ;
#3043 = DIRECTION ( 'NONE',  ( -1.000000000000000000, 1.224646799147353207E-16, -0.000000000000000000 ) ) ;
#3044 = VERTEX_POINT ( 'NONE', #2132 ) ;
#3045 = AXIS2_PLACEMENT_3D ( 'NONE', #1240, #3446, #3777 ) ;
#3046 = CARTESIAN_POINT ( 'NONE',  ( 3.655667139478286476, 1.061882313482412465, 3.409562979451883802 ) ) ;
#3047 = CARTESIAN_POINT ( 'NONE',  ( 3.655667139478286920, 2.285712062319987137, 3.988469850991481991 ) ) ;
#3048 = ORIENTED_EDGE ( 'NONE', *, *, #2919, .T. ) ;
#3049 = LINE ( 'NONE', #4058, #1879 ) ;
#3050 = DIRECTION ( 'NONE',  ( -1.000000000000000000, 1.224646799147353207E-16, -0.000000000000000000 ) ) ;
#3051 = ORIENTED_EDGE ( 'NONE', *, *, #628, .F. ) ;
#3052 = ADVANCED_FACE ( 'NONE', ( #274 ), #853, .F. ) ;
#3053 = DIRECTION ( 'NONE',  ( -5.463695987328526437E-16, -1.000000000000000000, 0.000000000000000000 ) ) ;
#3054 = DIRECTION ( 'NONE',  ( 1.000000000000000000, -1.224646799147353207E-16, 0.000000000000000000 ) ) ;
#3055 = ORIENTED_EDGE ( 'NONE', *, *, #3235, .T. ) ;
#3056 = ORIENTED_EDGE ( 'NONE', *, *, #1077, .F. ) ;
#3057 = EDGE_CURVE ( 'NONE', #3935, #852, #1994, .T. ) ;
#3058 = LINE ( 'NONE', #218, #1791 ) ;
#3059 = PLANE ( 'NONE',  #899 ) ;
#3060 = VECTOR ( 'NONE', #652, 39.37007874015748143 ) ;
#3061 = CARTESIAN_POINT ( 'NONE',  ( 3.655667139478286920, 3.040712062319987030, 4.251842231245662518 ) ) ;
#3062 = ADVANCED_FACE ( 'NONE', ( #1810 ), #3700, .F. ) ;
#3063 = CIRCLE ( 'NONE', #3665, 0.8505000000000022542 ) ;
#3064 = CARTESIAN_POINT ( 'NONE',  ( -0.5544999999999998819, 0.2349999999999999867, -7.000000000000000000 ) ) ;
#3065 = PLANE ( 'NONE',  #313 ) ;
#3066 = CARTESIAN_POINT ( 'NONE',  ( -1.187500000000001998, -0.7500000000000007772, 0.9183496676073186205 ) ) ;
#3067 = VERTEX_POINT ( 'NONE', #2112 ) ;
#3068 = VECTOR ( 'NONE', #1278, 39.37007874015747433 ) ;
#3069 = VECTOR ( 'NONE', #332, 39.37007874015748143 ) ;
#3070 = VECTOR ( 'NONE', #284, 39.37007874015747433 ) ;
#3071 = DIRECTION ( 'NONE',  ( 0.000000000000000000, 1.000000000000000000, 0.000000000000000000 ) ) ;
#3072 = ORIENTED_EDGE ( 'NONE', *, *, #2703, .T. ) ;
#3073 = DIRECTION ( 'NONE',  ( 0.000000000000000000, 1.000000000000000000, 0.000000000000000000 ) ) ;
#3074 = CARTESIAN_POINT ( 'NONE',  ( -0.1658750000000007718, 1.263817679043635067, 0.7500000000000015543 ) ) ;
#3075 = ORIENTED_EDGE ( 'NONE', *, *, #1070, .F. ) ;
#3076 =( GEOMETRIC_REPRESENTATION_CONTEXT ( 3 ) GLOBAL_UNCERTAINTY_ASSIGNED_CONTEXT ( ( #985 ) ) GLOBAL_UNIT_ASSIGNED_CONTEXT ( ( #197, #1442, #1795 ) ) REPRESENTATION_CONTEXT ( 'NONE', 'WORKASPACE' ) );
#3077 = CARTESIAN_POINT ( 'NONE',  ( -1.187500000000001776, -0.3146249791965780584, 0.8300000000000030687 ) ) ;
#3078 = EDGE_CURVE ( 'NONE', #3887, #1280, #3382, .T. ) ;
#3079 = DIRECTION ( 'NONE',  ( 0.000000000000000000, 0.000000000000000000, 1.000000000000000000 ) ) ;
#3080 = ORIENTED_EDGE ( 'NONE', *, *, #3757, .F. ) ;
#3081 = VERTEX_POINT ( 'NONE', #1850 ) ;
#3082 = DIRECTION ( 'NONE',  ( 0.000000000000000000, 0.000000000000000000, 1.000000000000000000 ) ) ;
#3083 = CARTESIAN_POINT ( 'NONE',  ( 3.655667139478286920, 1.906255902790980672, 3.063260132605701180 ) ) ;
#3084 = ADVANCED_FACE ( 'NONE', ( #2448 ), #1786, .T. ) ;
#3085 = CARTESIAN_POINT ( 'NONE',  ( 0.3345000000000000195, -0.2049999999999999878, 7.000000000000000000 ) ) ;
#3086 = ORIENTED_EDGE ( 'NONE', *, *, #2298, .T. ) ;
#3087 = DIRECTION ( 'NONE',  ( -0.000000000000000000, -1.000000000000000000, -0.000000000000000000 ) ) ;
#3088 = AXIS2_PLACEMENT_3D ( 'NONE', #4083, #3512, #48 ) ;
#3089 = EDGE_CURVE ( 'NONE', #2940, #2967, #3049, .T. ) ;
#3090 = AXIS2_PLACEMENT_3D ( 'NONE', #3256, #2305, #713 ) ;
#3091 = DIRECTION ( 'NONE',  ( -1.000000000000000000, 1.224646799147353207E-16, 0.000000000000000000 ) ) ;
#3092 = DIRECTION ( 'NONE',  ( 1.000000000000000000, -1.224646799147353207E-16, -0.000000000000000000 ) ) ;
#3093 = DIRECTION ( 'NONE',  ( 0.000000000000000000, 0.000000000000000000, -1.000000000000000000 ) ) ;
#3094 = ORIENTED_EDGE ( 'NONE', *, *, #2776, .F. ) ;
#3095 = VERTEX_POINT ( 'NONE', #228 ) ;
#3096 = DIRECTION ( 'NONE',  ( 0.000000000000000000, 0.4838814333309209847, 0.8751335660786947468 ) ) ;
#3097 = FACE_OUTER_BOUND ( 'NONE', #1230, .T. ) ;
#3098 = ORIENTED_EDGE ( 'NONE', *, *, #2422, .T. ) ;
#3099 = DIRECTION ( 'NONE',  ( -1.000000000000000000, 1.224646799147353207E-16, -0.000000000000000000 ) ) ;
#3100 = CARTESIAN_POINT ( 'NONE',  ( -1.187500000000001776, 0.01690925917109139393, 0.6469899094427934427 ) ) ;
#3101 = ORIENTED_EDGE ( 'NONE', *, *, #1692, .T. ) ;
#3102 = EDGE_LOOP ( 'NONE', ( #1287, #564, #1543, #2077 ) ) ;
#3103 = DIRECTION ( 'NONE',  ( 0.000000000000000000, 0.000000000000000000, 1.000000000000000000 ) ) ;
#3104 = CARTESIAN_POINT ( 'NONE',  ( -1.125000000000001998, -0.9646363203188079716, 0.5624999999999976685 ) ) ;
#3105 = ORIENTED_EDGE ( 'NONE', *, *, #1246, .T. ) ;
#3106 = DIRECTION ( 'NONE',  ( -1.000000000000000000, 1.224646799147353207E-16, 0.000000000000000000 ) ) ;
#3107 = EDGE_CURVE ( 'NONE', #2963, #3773, #647, .T. ) ;
#3108 = DIRECTION ( 'NONE',  ( -0.000000000000000000, -0.000000000000000000, 1.000000000000000000 ) ) ;
#3109 = LINE ( 'NONE', #933, #1882 ) ;
#3110 = CARTESIAN_POINT ( 'NONE',  ( -1.125000000000001998, -0.4949000000000005617, 1.018100000000000893 ) ) ;
#3111 = EDGE_CURVE ( 'NONE', #260, #3744, #3346, .T. ) ;
#3112 = LINE ( 'NONE', #372, #3588 ) ;
#3113 = ORIENTED_EDGE ( 'NONE', *, *, #3385, .F. ) ;
#3114 = CARTESIAN_POINT ( 'NONE',  ( -0.1658750000000010771, -1.468167046811732268, 0.9768915831120246196 ) ) ;
#3115 = CARTESIAN_POINT ( 'NONE',  ( 3.757567139478287022, 3.139529741363622506, 3.814342231245662962 ) ) ;
#3116 = ORIENTED_EDGE ( 'NONE', *, *, #3504, .F. ) ;
#3117 = EDGE_CURVE ( 'NONE', #896, #2337, #2536, .T. ) ;
#3118 = CARTESIAN_POINT ( 'NONE',  ( -0.2518750000000019584, -8.332817679043639458, 0.000000000000000000 ) ) ;
#3119 = VECTOR ( 'NONE', #4005, 39.37007874015748143 ) ;
#3120 = CARTESIAN_POINT ( 'NONE',  ( -0.1658750000000006608, 2.075993629146510422, 0.1928812930436655249 ) ) ;
#3121 = EDGE_LOOP ( 'NONE', ( #1721, #2922, #810, #2867 ) ) ;
#3122 = VERTEX_POINT ( 'NONE', #1452 ) ;
#3123 = CARTESIAN_POINT ( 'NONE',  ( 5.032542139478288767, 2.285712062319987137, 3.064342231245660297 ) ) ;
#3124 =( NAMED_UNIT ( * ) SI_UNIT ( $, .STERADIAN. ) SOLID_ANGLE_UNIT ( ) );
#3125 = CARTESIAN_POINT ( 'NONE',  ( -1.187500000000001776, -0.07771345515429375905, 0.5987501993688997270 ) ) ;
#3126 = EDGE_LOOP ( 'NONE', ( #3684, #1445, #594, #3375 ) ) ;
#3127 = CYLINDRICAL_SURFACE ( 'NONE', #1748, 0.4374999999999998890 ) ;
#3128 = AXIS2_PLACEMENT_3D ( 'NONE', #927, #2546, #3173 ) ;
#3129 = DIRECTION ( 'NONE',  ( -1.000000000000000000, 1.224646799147353207E-16, -0.000000000000000000 ) ) ;
#3130 = AXIS2_PLACEMENT_3D ( 'NONE', #2167, #1254, #1881 ) ;
#3131 = EDGE_CURVE ( 'NONE', #2258, #1678, #2729, .T. ) ;
#3132 = CYLINDRICAL_SURFACE ( 'NONE', #239, 0.04000000000000000083 ) ;
#3133 = CARTESIAN_POINT ( 'NONE',  ( -0.2518750000000019029, -8.143817679043639401, 2.314582450388501065E-17 ) ) ;
#3134 = CIRCLE ( 'NONE', #2534, 0.03999999999999998002 ) ;
#3135 = VECTOR ( 'NONE', #3041, 39.37007874015748143 ) ;
#3136 = FACE_OUTER_BOUND ( 'NONE', #748, .T. ) ;
#3137 = CIRCLE ( 'NONE', #2202, 0.03999999999999998002 ) ;
#3138 = EDGE_CURVE ( 'NONE', #271, #2420, #2339, .T. ) ;
#3139 = ORIENTED_EDGE ( 'NONE', *, *, #3514, .T. ) ;
#3140 = DIRECTION ( 'NONE',  ( -1.000000000000000000, 0.000000000000000000, 0.000000000000000000 ) ) ;
#3141 = VECTOR ( 'NONE', #3190, 39.37007874015748143 ) ;
#3142 = DIRECTION ( 'NONE',  ( 0.000000000000000000, -1.000000000000000000, 0.000000000000000000 ) ) ;
#3143 = VERTEX_POINT ( 'NONE', #1639 ) ;
#3144 = CIRCLE ( 'NONE', #3942, 0.2039999999999997926 ) ;
#3145 = PLANE ( 'NONE',  #2794 ) ;
#3146 = EDGE_CURVE ( 'NONE', #117, #3452, #46, .T. ) ;
#3147 = DIRECTION ( 'NONE',  ( 1.000000000000000000, 0.000000000000000000, -0.000000000000000000 ) ) ;
#3148 = VERTEX_POINT ( 'NONE', #1950 ) ;
#3149 = ORIENTED_EDGE ( 'NONE', *, *, #1218, .F. ) ;
#3150 = VECTOR ( 'NONE', #3644, 39.37007874015748854 ) ;
#3151 = PRODUCT_DEFINITION_FORMATION_WITH_SPECIFIED_SOURCE ( 'ANY', '', #826, .NOT_KNOWN. ) ;
#3152 = LINE ( 'NONE', #3486, #964 ) ;
#3153 = CARTESIAN_POINT ( 'NONE',  ( 3.655667139478286920, 3.040712062319987030, 4.251842231245662518 ) ) ;
#3154 = ORIENTED_EDGE ( 'NONE', *, *, #2644, .F. ) ;
#3155 = DIRECTION ( 'NONE',  ( -1.806777773587480111E-16, -1.000000000000000000, 0.000000000000000000 ) ) ;
#3156 = AXIS2_PLACEMENT_3D ( 'NONE', #1716, #1419, #1118 ) ;
#3157 = DIRECTION ( 'NONE',  ( 1.657674753437052328E-16, 1.000000000000000000, 0.000000000000000000 ) ) ;
#3158 = DIRECTION ( 'NONE',  ( 0.000000000000000000, 0.000000000000000000, -1.000000000000000000 ) ) ;
#3159 = DIRECTION ( 'NONE',  ( -1.000000000000000000, 1.224646799147353207E-16, 0.000000000000000000 ) ) ;
#3160 = ORIENTED_EDGE ( 'NONE', *, *, #62, .F. ) ;
#3161 = DIRECTION ( 'NONE',  ( -1.000000000000000000, 1.224646799147353207E-16, 0.000000000000000000 ) ) ;
#3162 = FACE_OUTER_BOUND ( 'NONE', #121, .T. ) ;
#3163 = ORIENTED_EDGE ( 'NONE', *, *, #2979, .T. ) ;
#3164 = EDGE_CURVE ( 'NONE', #3871, #3848, #1305, .T. ) ;
#3165 = CARTESIAN_POINT ( 'NONE',  ( -1.187500000000001776, 5.269147976977990977E-17, 0.4417598911883103829 ) ) ;
#3166 = CARTESIAN_POINT ( 'NONE',  ( -0.5544999999999998819, -0.01500000000000001159, 7.000000000000000000 ) ) ;
#3167 = VERTEX_POINT ( 'NONE', #3802 ) ;
#3168 = ORIENTED_EDGE ( 'NONE', *, *, #3565, .F. ) ;
#3169 = LENGTH_MEASURE_WITH_UNIT ( LENGTH_MEASURE( 0.02539999999999999897 ), #3639 );
#3170 = EDGE_CURVE ( 'NONE', #2486, #3864, #1926, .T. ) ;
#3171 =( REPRESENTATION_RELATIONSHIP ('NONE','NONE', #196, #3462 ) REPRESENTATION_RELATIONSHIP_WITH_TRANSFORMATION ( #2294 )SHAPE_REPRESENTATION_RELATIONSHIP( ) );
#3172 = LINE ( 'NONE', #3835, #825 ) ;
#3173 = DIRECTION ( 'NONE',  ( 0.000000000000000000, 1.000000000000000000, 0.000000000000000000 ) ) ;
#3174 = CARTESIAN_POINT ( 'NONE',  ( 3.757567139478286133, 1.061882313482412465, 3.409562979451883802 ) ) ;
#3175 = ORIENTED_EDGE ( 'NONE', *, *, #16, .T. ) ;
#3176 = CARTESIAN_POINT ( 'NONE',  ( -0.1658749999999999114, 8.332817679043639458, -1.092739197465705287E-15 ) ) ;
#3177 = DIRECTION ( 'NONE',  ( 1.000000000000000000, -1.224646799147353207E-16, 0.000000000000000000 ) ) ;
#3178 = CYLINDRICAL_SURFACE ( 'NONE', #3328, 0.2060000000000000719 ) ;
#3179 = ORIENTED_EDGE ( 'NONE', *, *, #3986, .F. ) ;
#3180 = LINE ( 'NONE', #3511, #3471 ) ;
#3181 = CARTESIAN_POINT ( 'NONE',  ( -1.187500000000001776, -0.4339263241866936904, 0.7649091675238318677 ) ) ;
#3182 = EDGE_LOOP ( 'NONE', ( #2691, #2088, #58, #1655 ) ) ;
#3183 = CYLINDRICAL_SURFACE ( 'NONE', #646, 10.00000000000000711 ) ;
#3184 = CARTESIAN_POINT ( 'NONE',  ( -1.125000000000001998, -0.4888948972067503895, 0.7163508964397530265 ) ) ;
#3185 = ORIENTED_EDGE ( 'NONE', *, *, #72, .F. ) ;
#3186 = VERTEX_POINT ( 'NONE', #392 ) ;
#3187 = EDGE_CURVE ( 'NONE', #3289, #2252, #2196, .T. ) ;
#3188 = VECTOR ( 'NONE', #2107, 39.37007874015748143 ) ;
#3189 =( LENGTH_UNIT ( ) NAMED_UNIT ( * ) SI_UNIT ( $, .METRE. ) );
#3190 = DIRECTION ( 'NONE',  ( 1.000000000000000000, -1.224646799147353207E-16, -0.000000000000000000 ) ) ;
#3191 = CARTESIAN_POINT ( 'NONE',  ( 3.757567139478286133, 1.530712062319987021, 4.251842231245662518 ) ) ;
#3192 = EDGE_CURVE ( 'NONE', #3452, #2533, #1625, .T. ) ;
#3193 = DIRECTION ( 'NONE',  ( -1.040009797867800282E-16, -0.9975640502598241977, -0.06975647374412725921 ) ) ;
#3194 = EDGE_CURVE ( 'NONE', #3496, #3122, #2223, .T. ) ;
#3195 = DIRECTION ( 'NONE',  ( -0.000000000000000000, 1.000000000000000000, -0.000000000000000000 ) ) ;
#3196 = CIRCLE ( 'NONE', #1871, 0.4374999999999998890 ) ;
#3197 = VECTOR ( 'NONE', #1665, 39.37007874015748854 ) ;
#3198 = LINE ( 'NONE', #353, #1030 ) ;
#3199 = EDGE_LOOP ( 'NONE', ( #2914, #1949, #1988, #1739 ) ) ;
#3200 = DIRECTION ( 'NONE',  ( -0.000000000000000000, -0.000000000000000000, 1.000000000000000000 ) ) ;
#3201 = VERTEX_POINT ( 'NONE', #937 ) ;
#3202 = AXIS2_PLACEMENT_3D ( 'NONE', #1549, #986, #2806 ) ;
#3203 = VECTOR ( 'NONE', #471, 39.37007874015748143 ) ;
#3204 = AXIS2_PLACEMENT_3D ( 'NONE', #1746, #2042, #2355 ) ;
#3205 = VECTOR ( 'NONE', #1883, 39.37007874015748143 ) ;
#3206 = UNCERTAINTY_MEASURE_WITH_UNIT (LENGTH_MEASURE( 1.000000000000000082E-05 ), #1508, 'distance_accuracy_value', 'NONE');
#3207 = LINE ( 'NONE', #458, #3732 ) ;
#3208 = VERTEX_POINT ( 'NONE', #979 ) ;
#3209 = ORIENTED_EDGE ( 'NONE', *, *, #1226, .T. ) ;
#3210 = CONTEXT_DEPENDENT_SHAPE_REPRESENTATION ( #1652, #3559 ) ;
#3211 = VECTOR ( 'NONE', #3360, 39.37007874015748143 ) ;
#3212 = PRODUCT_DEFINITION ( 'UNKNOWN', '', #3813, #1341 ) ;
#3213 = DIRECTION ( 'NONE',  ( 0.000000000000000000, 2.276539994720220335E-15, 1.000000000000000000 ) ) ;
#3214 = CIRCLE ( 'NONE', #1559, 0.2039999999999997926 ) ;
#3215 = DIRECTION ( 'NONE',  ( 5.463695987328526437E-16, 1.000000000000000000, -0.000000000000000000 ) ) ;
#3216 = ORIENTED_EDGE ( 'NONE', *, *, #185, .T. ) ;
#3217 = DIRECTION ( 'NONE',  ( -0.000000000000000000, -0.000000000000000000, -1.000000000000000000 ) ) ;
#3218 = ADVANCED_FACE ( 'NONE', ( #2177 ), #3450, .F. ) ;
#3219 = LINE ( 'NONE', #3464, #3069 ) ;
#3220 = AXIS2_PLACEMENT_3D ( 'NONE', #1787, #212, #2677 ) ;
#3221 = EDGE_CURVE ( 'NONE', #1785, #2562, #1909, .T. ) ;
#3222 = VECTOR ( 'NONE', #3050, 39.37007874015748143 ) ;
#3223 = ORIENTED_EDGE ( 'NONE', *, *, #2282, .F. ) ;
#3224 = FACE_OUTER_BOUND ( 'NONE', #3411, .T. ) ;
#3225 = ORIENTED_EDGE ( 'NONE', *, *, #2218, .F. ) ;
#3226 = DIRECTION ( 'NONE',  ( 1.000000000000000000, -1.224646799147353207E-16, -0.000000000000000000 ) ) ;
#3227 = ORIENTED_EDGE ( 'NONE', *, *, #702, .F. ) ;
#3228 = DIRECTION ( 'NONE',  ( 0.000000000000000000, 1.672894594308647839E-15, 1.000000000000000000 ) ) ;
#3229 = ORIENTED_EDGE ( 'NONE', *, *, #2109, .F. ) ;
#3230 = CYLINDRICAL_SURFACE ( 'NONE', #4068, 0.9999999999999992228 ) ;
#3231 = DIRECTION ( 'NONE',  ( -1.000000000000000000, 1.224646799147353207E-16, 0.000000000000000000 ) ) ;
#3232 = EDGE_LOOP ( 'NONE', ( #2863, #2390, #3908, #86 ) ) ;
#3233 = CARTESIAN_POINT ( 'NONE',  ( -1.187500000000001776, 0.4508355833577848415, 0.3963410318450671932 ) ) ;
#3234 =( LENGTH_UNIT ( ) NAMED_UNIT ( * ) SI_UNIT ( $, .METRE. ) );
#3235 = EDGE_CURVE ( 'NONE', #22, #403, #103, .T. ) ;
#3236 = CARTESIAN_POINT ( 'NONE',  ( 0.3345000000000000751, -0.01500000000000004455, -7.000000000000000000 ) ) ;
#3237 = ORIENTED_EDGE ( 'NONE', *, *, #3824, .T. ) ;
#3238 = CARTESIAN_POINT ( 'NONE',  ( -1.187500000000001998, -0.7500000000000007772, 0.005000000000000543940 ) ) ;
#3239 = DIRECTION ( 'NONE',  ( -0.000000000000000000, -0.000000000000000000, 1.000000000000000000 ) ) ;
#3240 = ORIENTED_EDGE ( 'NONE', *, *, #3986, .T. ) ;
#3241 = EDGE_CURVE ( 'NONE', #1382, #1920, #1474, .T. ) ;
#3242 = DIRECTION ( 'NONE',  ( -1.657674753437052328E-16, -1.000000000000000000, 0.000000000000000000 ) ) ;
#3243 = ORIENTED_EDGE ( 'NONE', *, *, #3009, .F. ) ;
#3244 = CARTESIAN_POINT ( 'NONE',  ( -0.2518749999999999045, 8.332817679043639458, -1.092739197465705287E-15 ) ) ;
#3245 = DIRECTION ( 'NONE',  ( 1.806777773587480111E-16, 1.000000000000000000, 0.000000000000000000 ) ) ;
#3246 = EDGE_LOOP ( 'NONE', ( #304, #1813, #1166, #2207 ) ) ;
#3247 = EDGE_CURVE ( 'NONE', #3201, #2632, #3180, .T. ) ;
#3248 = APPLICATION_PROTOCOL_DEFINITION ( 'draft international standard', 'automotive_design', 1998, #850 ) ;
#3249 = CARTESIAN_POINT ( 'NONE',  ( -1.125000000000001998, -0.7500000000000009992, 1.000000000000001332 ) ) ;
#3250 = PLANE ( 'NONE',  #3860 ) ;
#3251 = ORIENTED_EDGE ( 'NONE', *, *, #989, .F. ) ;
#3252 = CARTESIAN_POINT ( 'NONE',  ( -0.1658750000000010771, -1.057817679043634662, 0.7500000000000026645 ) ) ;
#3253 = EDGE_CURVE ( 'NONE', #2702, #2739, #1097, .T. ) ;
#3254 = DIRECTION ( 'NONE',  ( 1.000000000000000000, -1.224646799147353207E-16, -0.000000000000000000 ) ) ;
#3255 = CARTESIAN_POINT ( 'NONE',  ( 3.757567139478287022, 3.343529741363622243, 3.814342231245662962 ) ) ;
#3256 = CARTESIAN_POINT ( 'NONE',  ( 3.757567139478286133, 1.790712062319987030, 4.251842231245662518 ) ) ;
#3257 = ORIENTED_EDGE ( 'NONE', *, *, #466, .F. ) ;
#3258 = ADVANCED_FACE ( 'NONE', ( #3888 ), #2961, .F. ) ;
#3259 = VECTOR ( 'NONE', #1393, 39.37007874015748143 ) ;
#3260 = LINE ( 'NONE', #1630, #760 ) ;
#3261 = EDGE_LOOP ( 'NONE', ( #2660, #2886, #1268, #832 ) ) ;
#3262 = CARTESIAN_POINT ( 'NONE',  ( -0.1658749999999999114, 8.332817679043639458, 0.8505000000000009219 ) ) ;
#3263 = AXIS2_PLACEMENT_3D ( 'NONE', #1332, #74, #2581 ) ;
#3264 = ORIENTED_EDGE ( 'NONE', *, *, #3111, .T. ) ;
#3265 = DIMENSIONAL_EXPONENTS ( 1.000000000000000000, 0.000000000000000000, 0.000000000000000000, 0.000000000000000000, 0.000000000000000000, 0.000000000000000000, 0.000000000000000000 ) ;
#3266 = AXIS2_PLACEMENT_3D ( 'NONE', #410, #1378, #1115 ) ;
#3267 = AXIS2_PLACEMENT_3D ( 'NONE', #2668, #2362, #140 ) ;
#3268 = ADVANCED_FACE ( 'NONE', ( #1040 ), #156, .F. ) ;
#3269 = DIRECTION ( 'NONE',  ( -9.106159978880879860E-17, -0.4838814333309209847, 0.8751335660786947468 ) ) ;
#3270 = DIRECTION ( 'NONE',  ( 0.000000000000000000, 1.000000000000000000, 0.000000000000000000 ) ) ;
#3271 = CARTESIAN_POINT ( 'NONE',  ( -0.5544999999999998819, 0.2349999999999999867, 7.000000000000000000 ) ) ;
#3272 = VECTOR ( 'NONE', #14, 39.37007874015748143 ) ;
#3273 = AXIS2_PLACEMENT_3D ( 'NONE', #3176, #621, #331 ) ;
#3274 = ORIENTED_EDGE ( 'NONE', *, *, #1725, .F. ) ;
#3275 = AXIS2_PLACEMENT_3D ( 'NONE', #1446, #516, #2753 ) ;
#3276 = FACE_OUTER_BOUND ( 'NONE', #888, .T. ) ;
#3277 = DIRECTION ( 'NONE',  ( -1.000000000000000000, 1.224646799147353207E-16, -0.000000000000000000 ) ) ;
#3278 = CIRCLE ( 'NONE', #2679, 0.005100000000000240626 ) ;
#3279 = CARTESIAN_POINT ( 'NONE',  ( -1.187500000000001776, 0.3546249791965803144, 0.2950000000000001510 ) ) ;
#3280 = LINE ( 'NONE', #3924, #3822 ) ;
#3281 = ORIENTED_EDGE ( 'NONE', *, *, #3548, .T. ) ;
#3282 = CARTESIAN_POINT ( 'NONE',  ( -1.125000000000001998, -0.4646363203188058622, 0.5624999999999976685 ) ) ;
#3283 = ORIENTED_EDGE ( 'NONE', *, *, #1150, .T. ) ;
#3284 = CARTESIAN_POINT ( 'NONE',  ( -1.187500000000001776, 0.4949000000000008392, 1.023200000000001220 ) ) ;
#3285 = EDGE_CURVE ( 'NONE', #2758, #4045, #3331, .T. ) ;
#3286 = VECTOR ( 'NONE', #785, 39.37007874015748143 ) ;
#3287 = CARTESIAN_POINT ( 'NONE',  ( 3.757567139478287022, 1.906255902790980672, 3.063260132605701180 ) ) ;
#3288 = CARTESIAN_POINT ( 'NONE',  ( -1.187500000000001776, -0.4339263241866936904, 0.7649091675238318677 ) ) ;
#3289 = VERTEX_POINT ( 'NONE', #3238 ) ;
#3290 = FACE_OUTER_BOUND ( 'NONE', #1890, .T. ) ;
#3291 = EDGE_CURVE ( 'NONE', #852, #3935, #968, .T. ) ;
#3292 = ORIENTED_EDGE ( 'NONE', *, *, #3425, .F. ) ;
#3293 = CARTESIAN_POINT ( 'NONE',  ( -1.125000000000001998, -0.07771345515429380069, 0.5262498006311022714 ) ) ;
#3294 = LINE ( 'NONE', #3314, #38 ) ;
#3295 = DIRECTION ( 'NONE',  ( 0.000000000000000000, 1.000000000000000000, 0.000000000000000000 ) ) ;
#3296 = LINE ( 'NONE', #1094, #1298 ) ;
#3297 = CARTESIAN_POINT ( 'NONE',  ( -1.187500000000001776, -0.3146249791965748943, 0.8700000000000029932 ) ) ;
#3298 = ORIENTED_EDGE ( 'NONE', *, *, #327, .T. ) ;
#3299 = VERTEX_POINT ( 'NONE', #2915 ) ;
#3300 = LINE ( 'NONE', #3320, #3937 ) ;
#3301 = DIRECTION ( 'NONE',  ( -1.000000000000000000, 1.224646799147353207E-16, 0.000000000000000000 ) ) ;
#3302 = ORIENTED_EDGE ( 'NONE', *, *, #1048, .T. ) ;
#3303 = DIRECTION ( 'NONE',  ( 0.000000000000000000, 1.000000000000000000, 0.000000000000000000 ) ) ;
#3304 = ADVANCED_FACE ( 'NONE', ( #98 ), #1074, .F. ) ;
#3305 = DIRECTION ( 'NONE',  ( -5.176967529957388336E-17, -0.4227314792772736141, -0.9062549842224583152 ) ) ;
#3306 = ORIENTED_EDGE ( 'NONE', *, *, #3416, .T. ) ;
#3307 = ORIENTED_EDGE ( 'NONE', *, *, #884, .T. ) ;
#3308 = ORIENTED_EDGE ( 'NONE', *, *, #3138, .T. ) ;
#3309 = EDGE_CURVE ( 'NONE', #3555, #1805, #3296, .T. ) ;
#3310 = DIRECTION ( 'NONE',  ( 0.000000000000000000, -1.000000000000000000, 0.000000000000000000 ) ) ;
#3311 = DIRECTION ( 'NONE',  ( -9.106159978880879860E-17, -0.4838814333309209847, 0.8751335660786947468 ) ) ;
#3312 = VECTOR ( 'NONE', #1144, 39.37007874015748143 ) ;
#3313 = EDGE_CURVE ( 'NONE', #2195, #2634, #510, .T. ) ;
#3314 = CARTESIAN_POINT ( 'NONE',  ( 3.757567139478287022, 1.906255902790980672, 3.063260132605701180 ) ) ;
#3315 = CARTESIAN_POINT ( 'NONE',  ( -1.187500000000001776, -0.4949000000000005617, 1.023200000000001220 ) ) ;
#3316 = CARTESIAN_POINT ( 'NONE',  ( -1.187500000000001776, -0.01690925917109104698, 0.6469899094427935538 ) ) ;
#3317 = ORIENTED_EDGE ( 'NONE', *, *, #702, .T. ) ;
#3318 = CARTESIAN_POINT ( 'NONE',  ( -1.187500000000001776, 1.456945588052943911E-16, 1.018100000000000893 ) ) ;
#3319 = ORIENTED_EDGE ( 'NONE', *, *, #1710, .T. ) ;
#3320 = CARTESIAN_POINT ( 'NONE',  ( -1.187500000000001776, 0.7500000000000009992, 1.120000000000001217 ) ) ;
#3321 = CARTESIAN_POINT ( 'NONE',  ( -1.125000000000001998, -0.7162392253302758416, 0.8434339481110404435 ) ) ;
#3322 = CIRCLE ( 'NONE', #1417, 0.005100000000000240626 ) ;
#3323 = DIRECTION ( 'NONE',  ( 1.000000000000000000, -1.224646799147353207E-16, -0.000000000000000000 ) ) ;
#3324 = DIRECTION ( 'NONE',  ( -1.000000000000000000, 1.224646799147353207E-16, -0.000000000000000000 ) ) ;
#3325 = VERTEX_POINT ( 'NONE', #3568 ) ;
#3326 = ORIENTED_EDGE ( 'NONE', *, *, #743, .T. ) ;
#3327 = PRODUCT_DEFINITION_SHAPE ( 'NONE', 'NONE',  #3212 ) ;
#3328 = AXIS2_PLACEMENT_3D ( 'NONE', #690, #2511, #1848 ) ;
#3329 = AXIS2_PLACEMENT_3D ( 'NONE', #1239, #1176, #204 ) ;
#3330 = VERTEX_POINT ( 'NONE', #3584 ) ;
#3331 = CIRCLE ( 'NONE', #2063, 0.4374999999999998890 ) ;
#3332 = DIRECTION ( 'NONE',  ( -0.000000000000000000, 0.9062549842224610908, 0.4227314792772673413 ) ) ;
#3333 = CIRCLE ( 'NONE', #1299, 0.3749999999999999445 ) ;
#3334 = VERTEX_POINT ( 'NONE', #431 ) ;
#3335 = FACE_OUTER_BOUND ( 'NONE', #3925, .T. ) ;
#3336 = CIRCLE ( 'NONE', #1996, 0.03999999999999998002 ) ;
#3337 = EDGE_CURVE ( 'NONE', #2239, #3396, #2870, .T. ) ;
#3338 = DIRECTION ( 'NONE',  ( 1.224646799147353207E-16, 1.000000000000000000, 0.000000000000000000 ) ) ;
#3339 = AXIS2_PLACEMENT_3D ( 'NONE', #3233, #2893, #93 ) ;
#3340 = LINE ( 'NONE', #1759, #838 ) ;
#3341 = DIRECTION ( 'NONE',  ( -1.000000000000000000, 1.224646799147353207E-16, -0.000000000000000000 ) ) ;
#3342 = EDGE_LOOP ( 'NONE', ( #1060, #1399 ) ) ;
#3343 = EDGE_CURVE ( 'NONE', #2786, #696, #80, .T. ) ;
#3344 = CARTESIAN_POINT ( 'NONE',  ( -0.2518750000000019584, -8.521817679043639515, 0.000000000000000000 ) ) ;
#3345 = ORIENTED_EDGE ( 'NONE', *, *, #3253, .F. ) ;
#3346 = LINE ( 'NONE', #829, #1355 ) ;
#3347 = FACE_OUTER_BOUND ( 'NONE', #3404, .T. ) ;
#3348 = CARTESIAN_POINT ( 'NONE',  ( -1.187500000000001776, 0.3315342383676681548, 0.7937498006311020093 ) ) ;
#3349 = DIRECTION ( 'NONE',  ( -1.000000000000000000, 1.224646799147353207E-16, -0.000000000000000000 ) ) ;
#3350 = VERTEX_POINT ( 'NONE', #1410 ) ;
#3351 = ORIENTED_EDGE ( 'NONE', *, *, #1321, .T. ) ;
#3352 = CARTESIAN_POINT ( 'NONE',  ( 0.000000000000000000, 0.000000000000000000, 0.000000000000000000 ) ) ;
#3353 = VECTOR ( 'NONE', #1626, 39.37007874015748854 ) ;
#3354 = DIRECTION ( 'NONE',  ( -1.000000000000000000, 1.224646799147353207E-16, 0.000000000000000000 ) ) ;
#3355 = ORIENTED_EDGE ( 'NONE', *, *, #799, .T. ) ;
#3356 = DIRECTION ( 'NONE',  ( -1.000000000000000000, 0.000000000000000000, 0.000000000000000000 ) ) ;
#3357 = VERTEX_POINT ( 'NONE', #3627 ) ;
#3358 = LINE ( 'NONE', #879, #976 ) ;
#3359 = EDGE_CURVE ( 'NONE', #433, #1631, #3144, .T. ) ;
#3360 = DIRECTION ( 'NONE',  ( -1.000000000000000000, 1.224646799147353207E-16, -0.000000000000000000 ) ) ;
#3361 = DIRECTION ( 'NONE',  ( -2.731847993664263218E-16, 1.000000000000000000, 0.000000000000000000 ) ) ;
#3362 = EDGE_LOOP ( 'NONE', ( #1837, #294, #2829, #3017 ) ) ;
#3363 = EDGE_CURVE ( 'NONE', #643, #2970, #2666, .T. ) ;
#3364 = ORIENTED_EDGE ( 'NONE', *, *, #3793, .F. ) ;
#3365 = DIRECTION ( 'NONE',  ( 1.000000000000000000, -1.224646799147353207E-16, 0.000000000000000000 ) ) ;
#3366 = CYLINDRICAL_SURFACE ( 'NONE', #3220, 0.1000000000000001582 ) ;
#3367 = ORIENTED_EDGE ( 'NONE', *, *, #1093, .F. ) ;
#3368 = LINE ( 'NONE', #2388, #1735 ) ;
#3369 = ADVANCED_FACE ( 'NONE', ( #3862 ), #122, .F. ) ;
#3370 = DIRECTION ( 'NONE',  ( -1.000000000000000000, 1.224646799147353207E-16, 0.000000000000000000 ) ) ;
#3371 = VERTEX_POINT ( 'NONE', #2348 ) ;
#3372 = ORIENTED_EDGE ( 'NONE', *, *, #518, .T. ) ;
#3373 = CARTESIAN_POINT ( 'NONE',  ( 0.3345000000000000751, -0.2050000000000000711, 7.000000000000000000 ) ) ;
#3374 = CARTESIAN_POINT ( 'NONE',  ( -0.1658749999999999114, 8.332817679043639458, -0.8505000000000022542 ) ) ;
#3375 = ORIENTED_EDGE ( 'NONE', *, *, #3830, .T. ) ;
#3376 = CARTESIAN_POINT ( 'NONE',  ( -1.187500000000001776, 0.4908355833577848215, 0.3963410318450671932 ) ) ;
#3377 = CARTESIAN_POINT ( 'NONE',  ( -0.1658750000000019653, -8.332817679043639458, -0.8505000000000020322 ) ) ;
#3378 = CARTESIAN_POINT ( 'NONE',  ( -1.187500000000001776, 0.5000000000000009992, 0.005000000000000543940 ) ) ;
#3379 = ORIENTED_EDGE ( 'NONE', *, *, #2927, .T. ) ;
#3380 = PRODUCT_RELATED_PRODUCT_CATEGORY ( 'part', '', ( #3625 ) ) ;
#3381 = VERTEX_POINT ( 'NONE', #1713 ) ;
#3382 = LINE ( 'NONE', #3114, #434 ) ;
#3383 = CARTESIAN_POINT ( 'NONE',  ( -0.1658750000000020486, -9.183317679043641490, 0.000000000000000000 ) ) ;
#3384 = VERTEX_POINT ( 'NONE', #3279 ) ;
#3385 = EDGE_CURVE ( 'NONE', #823, #3637, #764, .T. ) ;
#3386 = CARTESIAN_POINT ( 'NONE',  ( -1.187500000000001776, -0.5000000000000007772, 0.005000000000000543940 ) ) ;
#3387 = SURFACE_SIDE_STYLE ('',( #507 ) ) ;
#3388 = VERTEX_POINT ( 'NONE', #1694 ) ;
#3389 = VERTEX_POINT ( 'NONE', #3607 ) ;
#3390 = LENGTH_MEASURE_WITH_UNIT ( LENGTH_MEASURE( 0.02539999999999999897 ), #575 );
#3391 = CIRCLE ( 'NONE', #824, 0.1000000000000001582 ) ;
#3392 = EDGE_CURVE ( 'NONE', #757, #1899, #2976, .T. ) ;
#3393 = CIRCLE ( 'NONE', #3796, 0.03999999999999998002 ) ;
#3394 = CARTESIAN_POINT ( 'NONE',  ( -1.187500000000001776, -0.01690925917109102616, 0.6469899094427935538 ) ) ;
#3395 = DIRECTION ( 'NONE',  ( 0.000000000000000000, -1.000000000000000000, 0.000000000000000000 ) ) ;
#3396 = VERTEX_POINT ( 'NONE', #3646 ) ;
#3397 = CIRCLE ( 'NONE', #1407, 0.04000000000000000083 ) ;
#3398 = DIRECTION ( 'NONE',  ( 0.000000000000000000, 1.000000000000000000, 0.000000000000000000 ) ) ;
#3399 = VECTOR ( 'NONE', #2998, 39.37007874015748143 ) ;
#3400 = VECTOR ( 'NONE', #2615, 39.37007874015748143 ) ;
#3401 = AXIS2_PLACEMENT_3D ( 'NONE', #601, #2121, #903 ) ;
#3402 = CARTESIAN_POINT ( 'NONE',  ( -1.187500000000001776, 0.7499999999999993339, 1.000000000000001332 ) ) ;
#3403 = CARTESIAN_POINT ( 'NONE',  ( 3.655667139478286476, 1.227894383276352475, 3.814342231245662962 ) ) ;
#3404 = EDGE_LOOP ( 'NONE', ( #2108, #1551, #1245, #1860 ) ) ;
#3405 = AXIS2_PLACEMENT_3D ( 'NONE', #3712, #3092, #1177 ) ;
#3406 = CIRCLE ( 'NONE', #1223, 0.2060000000000000719 ) ;
#3407 = AXIS2_PLACEMENT_3D ( 'NONE', #2955, #1387, #3562 ) ;
#3408 = ORIENTED_EDGE ( 'NONE', *, *, #2330, .F. ) ;
#3409 = DIRECTION ( 'NONE',  ( -1.000000000000000000, 1.224646799147353207E-16, 0.000000000000000000 ) ) ;
#3410 = DIRECTION ( 'NONE',  ( 0.000000000000000000, -1.000000000000000000, 0.000000000000000000 ) ) ;
#3411 = EDGE_LOOP ( 'NONE', ( #3674, #2594, #1359, #256 ) ) ;
#3412 = FACE_OUTER_BOUND ( 'NONE', #3261, .T. ) ;
#3413 = CARTESIAN_POINT ( 'NONE',  ( -0.3344999999999998530, -0.01500000000000001159, -7.000000000000000000 ) ) ;
#3414 = ORIENTED_EDGE ( 'NONE', *, *, #1246, .F. ) ;
#3415 = ORIENTED_EDGE ( 'NONE', *, *, #3309, .T. ) ;
#3416 = EDGE_CURVE ( 'NONE', #2512, #220, #1780, .T. ) ;
#3417 = VECTOR ( 'NONE', #499, 39.37007874015748143 ) ;
#3418 = DIRECTION ( 'NONE',  ( 1.000000000000000000, 0.000000000000000000, 0.000000000000000000 ) ) ;
#3419 = DIRECTION ( 'NONE',  ( -1.000000000000000000, 1.224646799147353207E-16, 0.000000000000000000 ) ) ;
#3420 = DIRECTION ( 'NONE',  ( 0.000000000000000000, 1.000000000000000000, 0.000000000000000000 ) ) ;
#3421 = EDGE_LOOP ( 'NONE', ( #1667, #3227, #430, #3615 ) ) ;
#3422 = EDGE_CURVE ( 'NONE', #2834, #3496, #1131, .T. ) ;
#3423 = DIRECTION ( 'NONE',  ( 1.000000000000000000, -1.224646799147353207E-16, -0.000000000000000000 ) ) ;
#3424 = FACE_OUTER_BOUND ( 'NONE', #234, .T. ) ;
#3425 = EDGE_CURVE ( 'NONE', #2541, #276, #2474, .T. ) ;
#3426 = CARTESIAN_POINT ( 'NONE',  ( 3.757567139478287022, 2.665168221848992491, 3.063260132605701180 ) ) ;
#3427 = DIRECTION ( 'NONE',  ( 1.000000000000000000, -1.224646799147353207E-16, 0.000000000000000000 ) ) ;
#3428 = ORIENTED_EDGE ( 'NONE', *, *, #1619, .T. ) ;
#3429 = CARTESIAN_POINT ( 'NONE',  ( -1.187500000000001998, -0.07771345515429392559, 0.5262498006311022714 ) ) ;
#3430 = VERTEX_POINT ( 'NONE', #4035 ) ;
#3431 = DIRECTION ( 'NONE',  ( -9.106159978880879860E-17, -0.4838814333309209847, -0.8751335660786947468 ) ) ;
#3432 = DIRECTION ( 'NONE',  ( -1.365923996832129884E-16, -1.000000000000000000, 0.000000000000000000 ) ) ;
#3433 = ORIENTED_EDGE ( 'NONE', *, *, #2089, .T. ) ;
#3434 = CARTESIAN_POINT ( 'NONE',  ( 3.757567139478287022, 3.343529741363622243, 3.814342231245662962 ) ) ;
#3435 = CARTESIAN_POINT ( 'NONE',  ( -0.1658750000000007163, 1.468167046811732712, 0.9768915831120248416 ) ) ;
#3436 = ORIENTED_EDGE ( 'NONE', *, *, #997, .F. ) ;
#3437 = ORIENTED_EDGE ( 'NONE', *, *, #3078, .F. ) ;
#3438 = APPLICATION_PROTOCOL_DEFINITION ( 'draft international standard', 'automotive_design', 1998, #3859 ) ;
#3439 = EDGE_CURVE ( 'NONE', #2634, #3828, #1447, .T. ) ;
#3440 = DIRECTION ( 'NONE',  ( 0.000000000000000000, 1.000000000000000000, 0.000000000000000000 ) ) ;
#3441 = CARTESIAN_POINT ( 'NONE',  ( 3.655667139478286476, 1.790712062319987030, 4.189342231245662518 ) ) ;
#3442 = ORIENTED_EDGE ( 'NONE', *, *, #1872, .T. ) ;
#3443 = DIRECTION ( 'NONE',  ( -1.000000000000000000, 1.224646799147353207E-16, -0.000000000000000000 ) ) ;
#3444 = EDGE_CURVE ( 'NONE', #3299, #1382, #1803, .T. ) ;
#3445 = CARTESIAN_POINT ( 'NONE',  ( 3.757567139478287022, 3.040712062319987030, 4.251842231245662518 ) ) ;
#3446 = DIRECTION ( 'NONE',  ( -1.000000000000000000, 1.224646799147353207E-16, -0.000000000000000000 ) ) ;
#3447 = EDGE_CURVE ( 'NONE', #2797, #1382, #3042, .T. ) ;
#3448 = CARTESIAN_POINT ( 'NONE',  ( -1.187500000000001776, 0.4949000000000008392, 1.023200000000001220 ) ) ;
#3449 = ORIENTED_EDGE ( 'NONE', *, *, #1824, .T. ) ;
#3450 = CYLINDRICAL_SURFACE ( 'NONE', #1035, 0.1899999999999999467 ) ;
#3451 = DIRECTION ( 'NONE',  ( -1.000000000000000000, 1.224646799147353207E-16, -0.000000000000000000 ) ) ;
#3452 = VERTEX_POINT ( 'NONE', #3022 ) ;
#3453 = AXIS2_PLACEMENT_3D ( 'NONE', #312, #2192, #2464 ) ;
#3454 = CYLINDRICAL_SURFACE ( 'NONE', #102, 0.03999999999999998002 ) ;
#3455 = DIRECTION ( 'NONE',  ( 1.000000000000000000, -1.224646799147353207E-16, -0.000000000000000000 ) ) ;
#3456 = ORIENTED_EDGE ( 'NONE', *, *, #2721, .F. ) ;
#3457 = ORIENTED_EDGE ( 'NONE', *, *, #2083, .T. ) ;
#3458 = DIRECTION ( 'NONE',  ( 1.000000000000000000, -1.224646799147353207E-16, 0.000000000000000000 ) ) ;
#3459 = LINE ( 'NONE', #361, #2278 ) ;
#3460 = ORIENTED_EDGE ( 'NONE', *, *, #89, .F. ) ;
#3461 = DIRECTION ( 'NONE',  ( -1.365923996832129884E-16, -1.000000000000000000, 0.000000000000000000 ) ) ;
#3462 = SHAPE_REPRESENTATION ( 'Part1^26_CO_rear_shock_bar_asm', ( #1106 ), #2003 ) ;
#3463 = AXIS2_PLACEMENT_3D ( 'NONE', #1525, #2245, #27 ) ;
#3464 = CARTESIAN_POINT ( 'NONE',  ( -1.125000000000001998, 0.5000000000000009992, 1.120000000000001217 ) ) ;
#3465 = AXIS2_PLACEMENT_3D ( 'NONE', #1462, #176, #4029 ) ;
#3466 = CARTESIAN_POINT ( 'NONE',  ( -1.125000000000001998, 0.3146249791965803344, 0.2950000000000001510 ) ) ;
#3467 = ADVANCED_FACE ( 'NONE', ( #1469, #1432, #521, #1737, #205 ), #3065, .F. ) ;
#3468 = CIRCLE ( 'NONE', #1671, 0.1899999999999999467 ) ;
#3469 = AXIS2_PLACEMENT_3D ( 'NONE', #1711, #1998, #1693 ) ;
#3470 = PLANE ( 'NONE',  #2398 ) ;
#3471 = VECTOR ( 'NONE', #473, 39.37007874015748854 ) ;
#3472 = ORIENTED_EDGE ( 'NONE', *, *, #2749, .T. ) ;
#3473 = DIRECTION ( 'NONE',  ( 1.000000000000000000, -1.224646799147353207E-16, -0.000000000000000000 ) ) ;
#3474 = VECTOR ( 'NONE', #1191, 39.37007874015748143 ) ;
#3475 = PLANE ( 'NONE',  #1896 ) ;
#3476 = ORIENTED_EDGE ( 'NONE', *, *, #818, .T. ) ;
#3477 = EDGE_CURVE ( 'NONE', #1606, #2868, #2380, .T. ) ;
#3478 = PRESENTATION_LAYER_ASSIGNMENT (  '', '', ( #1168 ) ) ;
#3479 = DIRECTION ( 'NONE',  ( 0.000000000000000000, -1.000000000000000000, 0.000000000000000000 ) ) ;
#3480 = LINE ( 'NONE', #2828, #3539 ) ;
#3481 = ORIENTED_EDGE ( 'NONE', *, *, #949, .T. ) ;
#3482 = ORIENTED_EDGE ( 'NONE', *, *, #3392, .F. ) ;
#3483 = AXIS2_PLACEMENT_3D ( 'NONE', #2602, #3881, #3899 ) ;
#3484 =( NAMED_UNIT ( * ) SI_UNIT ( $, .STERADIAN. ) SOLID_ANGLE_UNIT ( ) );
#3485 =( GEOMETRIC_REPRESENTATION_CONTEXT ( 3 ) GLOBAL_UNCERTAINTY_ASSIGNED_CONTEXT ( ( #2865 ) ) GLOBAL_UNIT_ASSIGNED_CONTEXT ( ( #12, #1574, #1288 ) ) REPRESENTATION_CONTEXT ( 'NONE', 'WORKASPACE' ) );
#3486 = CARTESIAN_POINT ( 'NONE',  ( -1.187500000000001998, -0.7162392253302760636, 0.2815660518889545050 ) ) ;
#3487 = CARTESIAN_POINT ( 'NONE',  ( -0.3344999999999999640, -0.01500000000000004455, 7.000000000000000000 ) ) ;
#3488 = VERTEX_POINT ( 'NONE', #1196 ) ;
#3489 = LINE ( 'NONE', #2171, #3070 ) ;
#3490 = CIRCLE ( 'NONE', #3156, 10.00000000000000711 ) ;
#3491 = DIRECTION ( 'NONE',  ( 1.000000000000000000, -1.224646799147353207E-16, 0.000000000000000000 ) ) ;
#3492 = VECTOR ( 'NONE', #1892, 39.37007874015748854 ) ;
#3493 = LINE ( 'NONE', #2569, #3669 ) ;
#3494 = EDGE_CURVE ( 'NONE', #4060, #199, #588, .T. ) ;
#3495 = CARTESIAN_POINT ( 'NONE',  ( 3.757567139478287022, 3.509541811157562030, 3.409562979451883802 ) ) ;
#3496 = VERTEX_POINT ( 'NONE', #3694 ) ;
#3497 = DIRECTION ( 'NONE',  ( -5.518884835685379881E-16, -1.000000000000000000, -0.000000000000000000 ) ) ;
#3498 = ORIENTED_EDGE ( 'NONE', *, *, #749, .T. ) ;
#3499 = EDGE_CURVE ( 'NONE', #3039, #225, #4079, .T. ) ;
#3500 = CARTESIAN_POINT ( 'NONE',  ( -1.187500000000001776, 0.07771345515429266271, 0.5262498006311019383 ) ) ;
#3501 = LINE ( 'NONE', #1571, #644 ) ;
#3502 = ORIENTED_EDGE ( 'NONE', *, *, #2352, .T. ) ;
#3503 = ORIENTED_EDGE ( 'NONE', *, *, #1175, .F. ) ;
#3504 = EDGE_CURVE ( 'NONE', #3773, #871, #3340, .T. ) ;
#3505 = FILL_AREA_STYLE_COLOUR ( '', #1670 ) ;
#3506 = CARTESIAN_POINT ( 'NONE',  ( -1.187500000000001998, -0.9646363203188079716, 0.5624999999999976685 ) ) ;
#3507 = CARTESIAN_POINT ( 'NONE',  ( 3.655667139478286920, 2.780712062319987243, 4.189342231245662518 ) ) ;
#3508 = LINE ( 'NONE', #3856, #834 ) ;
#3509 = FACE_OUTER_BOUND ( 'NONE', #1017, .T. ) ;
#3510 = ORIENTED_EDGE ( 'NONE', *, *, #83, .F. ) ;
#3511 = CARTESIAN_POINT ( 'NONE',  ( -0.2518750000000019584, -8.332817679043639458, 0.8505000000000020322 ) ) ;
#3512 = DIRECTION ( 'NONE',  ( -0.000000000000000000, 0.000000000000000000, -1.000000000000000000 ) ) ;
#3513 = ORIENTED_EDGE ( 'NONE', *, *, #2065, .T. ) ;
#3514 = EDGE_CURVE ( 'NONE', #3887, #1767, #3968, .T. ) ;
#3515 = CARTESIAN_POINT ( 'NONE',  ( -1.187500000000001776, 0.3146249791965803344, 0.2950000000000001510 ) ) ;
#3516 = VERTEX_POINT ( 'NONE', #1151 ) ;
#3517 = ORIENTED_EDGE ( 'NONE', *, *, #949, .F. ) ;
#3518 = EDGE_CURVE ( 'NONE', #2967, #3167, #2708, .T. ) ;
#3519 = DIRECTION ( 'NONE',  ( -1.000000000000000000, 1.224646799147353207E-16, 0.000000000000000000 ) ) ;
#3520 = DIRECTION ( 'NONE',  ( -0.000000000000000000, -1.000000000000000000, -0.000000000000000000 ) ) ;
#3521 = ORIENTED_EDGE ( 'NONE', *, *, #1901, .T. ) ;
#3522 = FACE_OUTER_BOUND ( 'NONE', #987, .T. ) ;
#3523 = ADVANCED_FACE ( 'NONE', ( #4052, #2153, #1827, #248, #1496 ), #2756, .T. ) ;
#3524 = CARTESIAN_POINT ( 'NONE',  ( 3.757567139478287022, 3.040712062319987030, 4.251842231245662518 ) ) ;
#3525 = PRODUCT_DEFINITION_SHAPE ( 'NONE', 'NONE',  #596 ) ;
#3526 = AXIS2_PLACEMENT_3D ( 'NONE', #4087, #357, #921 ) ;
#3527 = ORIENTED_EDGE ( 'NONE', *, *, #1937, .T. ) ;
#3528 = DIRECTION ( 'NONE',  ( 1.000000000000000000, -1.224646799147353207E-16, -0.000000000000000000 ) ) ;
#3529 = PLANE ( 'NONE',  #3090 ) ;
#3530 = ORIENTED_EDGE ( 'NONE', *, *, #1143, .F. ) ;
#3531 = AXIS2_PLACEMENT_3D ( 'NONE', #3870, #1660, #3242 ) ;
#3532 = AXIS2_PLACEMENT_3D ( 'NONE', #3315, #2037, #3952 ) ;
#3533 = AXIS2_PLACEMENT_3D ( 'NONE', #797, #2299, #2033 ) ;
#3534 = CARTESIAN_POINT ( 'NONE',  ( -0.2518750000000019584, -8.332817679043639458, 0.8505000000000020322 ) ) ;
#3535 = EDGE_LOOP ( 'NONE', ( #2611, #3035, #662, #1799 ) ) ;
#3536 = CARTESIAN_POINT ( 'NONE',  ( -1.187500000000001998, -0.7500000000000007772, 0.1249999999999998335 ) ) ;
#3537 = ORIENTED_EDGE ( 'NONE', *, *, #1622, .F. ) ;
#3538 = VECTOR ( 'NONE', #1844, 39.37007874015748143 ) ;
#3539 = VECTOR ( 'NONE', #341, 39.37007874015748143 ) ;
#3540 = PLANE ( 'NONE',  #3928 ) ;
#3541 = VECTOR ( 'NONE', #2082, 39.37007874015748143 ) ;
#3542 = ADVANCED_FACE ( 'NONE', ( #2463 ), #911, .F. ) ;
#3543 = CARTESIAN_POINT ( 'NONE',  ( -1.125000000000001998, -0.5000000000000007772, 0.1018000000000005428 ) ) ;
#3544 = DIRECTION ( 'NONE',  ( 2.007453558963520517E-33, 1.639210228092857221E-17, 1.000000000000000000 ) ) ;
#3545 = AXIS2_PLACEMENT_3D ( 'NONE', #944, #3458, #638 ) ;
#3546 = EDGE_CURVE ( 'NONE', #199, #1838, #3336, .T. ) ;
#3547 = DIRECTION ( 'NONE',  ( 1.224646799147353207E-16, 1.000000000000000000, 0.000000000000000000 ) ) ;
#3548 = EDGE_CURVE ( 'NONE', #127, #667, #2527, .T. ) ;
#3549 = AXIS2_PLACEMENT_3D ( 'NONE', #2044, #189, #3973 ) ;
#3550 = EDGE_LOOP ( 'NONE', ( #1650, #1256, #3002, #1427 ) ) ;
#3551 = DIRECTION ( 'NONE',  ( -0.000000000000000000, -1.000000000000000000, 2.279253542322266741E-15 ) ) ;
#3552 = CARTESIAN_POINT ( 'NONE',  ( -1.125000000000001998, 0.3146249791965799458, 0.8300000000000016254 ) ) ;
#3553 = ORIENTED_EDGE ( 'NONE', *, *, #2721, .T. ) ;
#3554 = DIRECTION ( 'NONE',  ( 0.000000000000000000, 1.000000000000000000, 0.000000000000000000 ) ) ;
#3555 = VERTEX_POINT ( 'NONE', #1906 ) ;
#3556 = CARTESIAN_POINT ( 'NONE',  ( 0.3345000000000000751, -0.2349999999999999867, -7.000000000000000000 ) ) ;
#3557 = VERTEX_POINT ( 'NONE', #3821 ) ;
#3558 = SHAPE_DEFINITION_REPRESENTATION ( #1733, #3004 ) ;
#3559 = PRODUCT_DEFINITION_SHAPE ( 'NONE', 'NONE',  #4092 ) ;
#3560 = CARTESIAN_POINT ( 'NONE',  ( 3.757567139478287022, 2.285712062319987137, 3.988469850991481991 ) ) ;
#3561 = DIRECTION ( 'NONE',  ( 1.000000000000000000, -1.224646799147353454E-16, 0.000000000000000000 ) ) ;
#3562 = DIRECTION ( 'NONE',  ( 0.000000000000000000, 1.000000000000000000, 0.000000000000000000 ) ) ;
#3563 = EDGE_CURVE ( 'NONE', #3452, #2834, #3759, .T. ) ;
#3564 = FACE_OUTER_BOUND ( 'NONE', #816, .T. ) ;
#3565 = EDGE_CURVE ( 'NONE', #1111, #567, #3876, .T. ) ;
#3566 = CYLINDRICAL_SURFACE ( 'NONE', #1408, 0.03999999999999998002 ) ;
#3567 = ORIENTED_EDGE ( 'NONE', *, *, #3902, .F. ) ;
#3568 = CARTESIAN_POINT ( 'NONE',  ( -0.1658750000000019653, -8.332817679043639458, 0.8505000000000020322 ) ) ;
#3569 = DIRECTION ( 'NONE',  ( -1.000000000000000000, 1.224646799147353207E-16, 0.000000000000000000 ) ) ;
#3570 = ORIENTED_EDGE ( 'NONE', *, *, #3703, .F. ) ;
#3571 = EDGE_CURVE ( 'NONE', #3716, #3557, #2490, .T. ) ;
#3572 = DIRECTION ( 'NONE',  ( 1.000000000000000000, -1.224646799147353207E-16, -0.000000000000000000 ) ) ;
#3573 = ORIENTED_EDGE ( 'NONE', *, *, #3170, .T. ) ;
#3574 = ORIENTED_EDGE ( 'NONE', *, *, #78, .F. ) ;
#3575 = APPLICATION_PROTOCOL_DEFINITION ( 'draft international standard', 'automotive_design', 1998, #1467 ) ;
#3576 = CARTESIAN_POINT ( 'NONE',  ( -1.187500000000001776, -0.3146249791965780584, 0.2550000000000015588 ) ) ;
#3577 = CARTESIAN_POINT ( 'NONE',  ( 0.3345000000000000751, -0.2050000000000000711, -7.000000000000000000 ) ) ;
#3578 = DIRECTION ( 'NONE',  ( 1.000000000000000000, -1.224646799147353207E-16, -0.000000000000000000 ) ) ;
#3579 = VERTEX_POINT ( 'NONE', #369 ) ;
#3580 = DIRECTION ( 'NONE',  ( -1.000000000000000000, 1.224646799147353207E-16, -0.000000000000000000 ) ) ;
#3581 =( REPRESENTATION_RELATIONSHIP ('NONE','NONE', #196, #2895 ) REPRESENTATION_RELATIONSHIP_WITH_TRANSFORMATION ( #3875 )SHAPE_REPRESENTATION_RELATIONSHIP( ) );
#3582 = EDGE_CURVE ( 'NONE', #1162, #3516, #2238, .T. ) ;
#3583 = EDGE_LOOP ( 'NONE', ( #2288, #513, #1952, #967 ) ) ;
#3584 = CARTESIAN_POINT ( 'NONE',  ( 3.757567139478286133, 1.530712062319987021, 4.251842231245662518 ) ) ;
#3585 = DIRECTION ( 'NONE',  ( 0.000000000000000000, 1.000000000000000000, 0.000000000000000000 ) ) ;
#3586 = ORIENTED_EDGE ( 'NONE', *, *, #1758, .F. ) ;
#3587 =( GEOMETRIC_REPRESENTATION_CONTEXT ( 3 ) GLOBAL_UNCERTAINTY_ASSIGNED_CONTEXT ( ( #396 ) ) GLOBAL_UNIT_ASSIGNED_CONTEXT ( ( #2050, #1754, #3124 ) ) REPRESENTATION_CONTEXT ( 'NONE', 'WORKASPACE' ) );
#3588 = VECTOR ( 'NONE', #3779, 39.37007874015748143 ) ;
#3589 = EDGE_CURVE ( 'NONE', #2395, #2111, #3493, .T. ) ;
#3590 = LINE ( 'NONE', #3046, #3996 ) ;
#3591 = ORIENTED_EDGE ( 'NONE', *, *, #1708, .F. ) ;
#3592 = DIRECTION ( 'NONE',  ( 1.000000000000000000, -1.224646799147353207E-16, -0.000000000000000000 ) ) ;
#3593 = STYLED_ITEM ( 'NONE', ( #2872 ), #1011 ) ;
#3594 = DIRECTION ( 'NONE',  ( 0.000000000000000000, 1.000000000000000000, 0.000000000000000000 ) ) ;
#3595 = AXIS2_PLACEMENT_3D ( 'NONE', #3244, #416, #2092 ) ;
#3596 = CIRCLE ( 'NONE', #2928, 0.03999999999999991757 ) ;
#3597 = DIRECTION ( 'NONE',  ( -1.000000000000000000, 1.224646799147353207E-16, 0.000000000000000000 ) ) ;
#3598 = CARTESIAN_POINT ( 'NONE',  ( -1.187500000000001776, -0.4339263241866941345, 0.3600908324761708523 ) ) ;
#3599 = ORIENTED_EDGE ( 'NONE', *, *, #2995, .F. ) ;
#3600 = AXIS2_PLACEMENT_3D ( 'NONE', #846, #269, #1215 ) ;
#3601 = DIRECTION ( 'NONE',  ( 1.000000000000000000, -1.224646799147353207E-16, -0.000000000000000000 ) ) ;
#3602 = AXIS2_PLACEMENT_3D ( 'NONE', #153, #2317, #3310 ) ;
#3603 = VECTOR ( 'NONE', #1904, 39.37007874015748143 ) ;
#3604 = ORIENTED_EDGE ( 'NONE', *, *, #2468, .F. ) ;
#3605 = DIRECTION ( 'NONE',  ( 0.000000000000000000, -1.000000000000000000, 0.000000000000000000 ) ) ;
#3606 = DIRECTION ( 'NONE',  ( 1.000000000000000000, -1.224646799147353207E-16, -0.000000000000000000 ) ) ;
#3607 = CARTESIAN_POINT ( 'NONE',  ( 0.5245000000000000773, 0.2349999999999999589, -7.000000000000000000 ) ) ;
#3608 = CYLINDRICAL_SURFACE ( 'NONE', #2017, 0.1000000000000000194 ) ;
#3609 = ORIENTED_EDGE ( 'NONE', *, *, #2189, .F. ) ;
#3610 = EDGE_CURVE ( 'NONE', #3095, #2431, #3109, .T. ) ;
#3611 = CARTESIAN_POINT ( 'NONE',  ( -0.5244999999999998552, 0.2349999999999999589, 7.000000000000000000 ) ) ;
#3612 = ORIENTED_EDGE ( 'NONE', *, *, #2501, .T. ) ;
#3613 = CARTESIAN_POINT ( 'NONE',  ( 3.757567139478286133, 1.227894383276352475, 4.251842231245662518 ) ) ;
#3614 = DIRECTION ( 'NONE',  ( -0.000000000000000000, -0.000000000000000000, -1.000000000000000000 ) ) ;
#3615 = ORIENTED_EDGE ( 'NONE', *, *, #1518, .T. ) ;
#3616 = VECTOR ( 'NONE', #3200, 39.37007874015748143 ) ;
#3617 = EDGE_CURVE ( 'NONE', #805, #483, #2191, .T. ) ;
#3618 = VECTOR ( 'NONE', #1059, 39.37007874015748143 ) ;
#3619 = DIRECTION ( 'NONE',  ( 0.000000000000000000, 1.000000000000000000, 0.000000000000000000 ) ) ;
#3620 = DIRECTION ( 'NONE',  ( 1.000000000000000000, -1.224646799147353207E-16, -0.000000000000000000 ) ) ;
#3621 = EDGE_LOOP ( 'NONE', ( #3690, #2444, #461, #100 ) ) ;
#3622 = EDGE_CURVE ( 'NONE', #3081, #3696, #2735, .T. ) ;
#3623 = CARTESIAN_POINT ( 'NONE',  ( -1.187500000000001776, -0.4339263241866941345, 0.3600908324761708523 ) ) ;
#3624 = CARTESIAN_POINT ( 'NONE',  ( -1.187500000000001998, -0.9646363203188079716, 0.5624999999999976685 ) ) ;
#3625 = PRODUCT ( '26_CO_rear_shockbar_bottombrace', '26_CO_rear_shockbar_bottombrace', '', ( #420 ) ) ;
#3626 = CARTESIAN_POINT ( 'NONE',  ( 3.757567139478287022, 2.780712062319987243, 4.189342231245662518 ) ) ;
#3627 = CARTESIAN_POINT ( 'NONE',  ( -1.187500000000001776, -0.5000000000000007772, 1.120000000000001217 ) ) ;
#3628 = DIRECTION ( 'NONE',  ( 0.000000000000000000, 1.000000000000000000, 0.000000000000000000 ) ) ;
#3629 = ORIENTED_EDGE ( 'NONE', *, *, #3999, .T. ) ;
#3630 = CARTESIAN_POINT ( 'NONE',  ( 3.757567139478286133, 1.530712062319987021, 4.189342231245662518 ) ) ;
#3631 = ORIENTED_EDGE ( 'NONE', *, *, #3961, .F. ) ;
#3632 = DIRECTION ( 'NONE',  ( -1.000000000000000000, 1.224646799147353207E-16, -0.000000000000000000 ) ) ;
#3633 = DIRECTION ( 'NONE',  ( -1.000000000000000000, 1.138269997360108984E-15, -0.000000000000000000 ) ) ;
#3634 = EDGE_CURVE ( 'NONE', #3143, #1198, #2173, .T. ) ;
#3635 = PLANE ( 'NONE',  #2858 ) ;
#3636 = DIRECTION ( 'NONE',  ( -0.000000000000000000, -0.9062549842224580932, 0.4227314792772739471 ) ) ;
#3637 = VERTEX_POINT ( 'NONE', #626 ) ;
#3638 = ADVANCED_FACE ( 'NONE', ( #1864 ), #3132, .F. ) ;
#3639 =( LENGTH_UNIT ( ) NAMED_UNIT ( * ) SI_UNIT ( $, .METRE. ) );
#3640 = LINE ( 'NONE', #3980, #3312 ) ;
#3641 = ORIENTED_EDGE ( 'NONE', *, *, #2268, .F. ) ;
#3642 = DIRECTION ( 'NONE',  ( 0.000000000000000000, 1.000000000000000000, 0.000000000000000000 ) ) ;
#3643 = EDGE_CURVE ( 'NONE', #3935, #4065, #1260, .T. ) ;
#3644 = DIRECTION ( 'NONE',  ( 0.000000000000000000, -0.9062549842224592034, -0.4227314792772714491 ) ) ;
#3645 = CARTESIAN_POINT ( 'NONE',  ( -1.187500000000001776, 0.01690925917109114066, 0.4780100905572086112 ) ) ;
#3646 = CARTESIAN_POINT ( 'NONE',  ( -1.187500000000001998, -0.7500000000000007772, 0.9183496676073186205 ) ) ;
#3647 = CARTESIAN_POINT ( 'NONE',  ( -0.1658749999999999114, 8.332817679043639458, -0.8505000000000026983 ) ) ;
#3648 = ORIENTED_EDGE ( 'NONE', *, *, #3313, .F. ) ;
#3649 = DIRECTION ( 'NONE',  ( 0.000000000000000000, 0.9252097183857818097, -0.3794561595290057432 ) ) ;
#3650 = DIRECTION ( 'NONE',  ( -1.000000000000000000, 1.224646799147353207E-16, -0.000000000000000000 ) ) ;
#3651 = ORIENTED_EDGE ( 'NONE', *, *, #3309, .F. ) ;
#3652 = DIRECTION ( 'NONE',  ( 1.229407671069642947E-16, 1.000000000000000000, -1.639210228092857221E-17 ) ) ;
#3653 = MANIFOLD_SOLID_BREP ( 'Boss-Extrude1', #56 ) ;
#3654 = DIRECTION ( 'NONE',  ( -1.657674753437052328E-16, -1.000000000000000000, 0.000000000000000000 ) ) ;
#3655 = STYLED_ITEM ( 'NONE', ( #3683 ), #2351 ) ;
#3656 = DIRECTION ( 'NONE',  ( 2.791280555050230052E-31, 2.279253542322266741E-15, 1.000000000000000000 ) ) ;
#3657 = DIRECTION ( 'NONE',  ( -1.000000000000000000, 0.000000000000000000, 0.000000000000000000 ) ) ;
#3658 = EDGE_LOOP ( 'NONE', ( #2225, #3503, #2815, #3527 ) ) ;
#3659 = PRODUCT_DEFINITION_SHAPE ( 'NONE', 'NONE',  #387 ) ;
#3660 = VECTOR ( 'NONE', #69, 39.37007874015748143 ) ;
#3661 = AXIS2_PLACEMENT_3D ( 'NONE', #3434, #3099, #1835 ) ;
#3662 = EDGE_CURVE ( 'NONE', #210, #338, #3800, .T. ) ;
#3663 = CARTESIAN_POINT ( 'NONE',  ( -1.125000000000001776, 0.9646363203188060842, 0.5624999999999976685 ) ) ;
#3664 = ORIENTED_EDGE ( 'NONE', *, *, #1234, .T. ) ;
#3665 = AXIS2_PLACEMENT_3D ( 'NONE', #3993, #3365, #1500 ) ;
#3666 = CIRCLE ( 'NONE', #3128, 0.03999999999999991757 ) ;
#3667 = EDGE_LOOP ( 'NONE', ( #955, #3651, #298, #476, #1073, #508, #3631 ) ) ;
#3668 = DIRECTION ( 'NONE',  ( 1.000000000000000000, -1.224646799147353207E-16, -0.000000000000000000 ) ) ;
#3669 = VECTOR ( 'NONE', #3839, 39.37007874015748143 ) ;
#3670 = ADVANCED_FACE ( 'NONE', ( #3564 ), #138, .F. ) ;
#3671 = AXIS2_PLACEMENT_3D ( 'NONE', #557, #3966, #178 ) ;
#3672 = DIRECTION ( 'NONE',  ( 0.000000000000000000, 0.9062549842224600916, 0.4227314792772694507 ) ) ;
#3673 = CARTESIAN_POINT ( 'NONE',  ( -1.187500000000001998, -0.9646363203188079716, 0.5624999999999976685 ) ) ;
#3674 = ORIENTED_EDGE ( 'NONE', *, *, #3979, .F. ) ;
#3675 = EDGE_CURVE ( 'NONE', #2164, #28, #2035, .T. ) ;
#3676 = CARTESIAN_POINT ( 'NONE',  ( -1.187500000000001776, 0.4949000000000008392, 1.018100000000001115 ) ) ;
#3677 = ORIENTED_EDGE ( 'NONE', *, *, #3589, .F. ) ;
#3678 = CARTESIAN_POINT ( 'NONE',  ( 3.655667139478286920, 3.343529741363622243, 3.814342231245662962 ) ) ;
#3679 = CARTESIAN_POINT ( 'NONE',  ( -0.5544999999999998819, 0.2349999999999999867, 7.000000000000000000 ) ) ;
#3680 = EDGE_LOOP ( 'NONE', ( #494, #923, #2780, #3225, #2158, #1441, #10, #1141, #207, #1624, #3916, #3364 ) ) ;
#3681 = VECTOR ( 'NONE', #2852, 39.37007874015748143 ) ;
#3682 = CARTESIAN_POINT ( 'NONE',  ( -1.125000000000001998, -0.5000000000000007772, 0.005000000000000543940 ) ) ;
#3683 = PRESENTATION_STYLE_ASSIGNMENT (( #1750 ) ) ;
#3684 = ORIENTED_EDGE ( 'NONE', *, *, #2896, .T. ) ;
#3685 = ORIENTED_EDGE ( 'NONE', *, *, #2826, .F. ) ;
#3686 =( NAMED_UNIT ( * ) SI_UNIT ( $, .STERADIAN. ) SOLID_ANGLE_UNIT ( ) );
#3687 = VECTOR ( 'NONE', #293, 39.37007874015748143 ) ;
#3688 = DIRECTION ( 'NONE',  ( -1.248402950233959572E-16, -0.9945218953682732899, 0.1045284632676544145 ) ) ;
#3689 = CARTESIAN_POINT ( 'NONE',  ( 0.3345000000000000751, -0.2349999999999999867, -7.000000000000000000 ) ) ;
#3690 = ORIENTED_EDGE ( 'NONE', *, *, #154, .F. ) ;
#3691 = DIRECTION ( 'NONE',  ( 0.000000000000000000, 1.000000000000000000, 0.000000000000000000 ) ) ;
#3692 = EDGE_CURVE ( 'NONE', #2883, #3095, #1235, .T. ) ;
#3693 = LINE ( 'NONE', #3064, #505 ) ;
#3694 = CARTESIAN_POINT ( 'NONE',  ( -1.187500000000001776, 0.7499999999999987788, 0.9183496676073186205 ) ) ;
#3695 = DIRECTION ( 'NONE',  ( 1.000000000000000000, -1.224646799147353207E-16, -0.000000000000000000 ) ) ;
#3696 = VERTEX_POINT ( 'NONE', #3376 ) ;
#3697 = ADVANCED_FACE ( 'NONE', ( #3335 ), #1512, .F. ) ;
#3698 = LINE ( 'NONE', #1134, #4019 ) ;
#3699 = ORIENTED_EDGE ( 'NONE', *, *, #2427, .F. ) ;
#3700 = PLANE ( 'NONE',  #2405 ) ;
#3701 = DIRECTION ( 'NONE',  ( 1.000000000000000000, -1.224646799147353207E-16, -0.000000000000000000 ) ) ;
#3702 = ORIENTED_EDGE ( 'NONE', *, *, #3313, .T. ) ;
#3703 = EDGE_CURVE ( 'NONE', #276, #523, #2377, .T. ) ;
#3704 = DIRECTION ( 'NONE',  ( -5.104349763946681633E-17, 1.000000000000000000, 0.000000000000000000 ) ) ;
#3705 = CARTESIAN_POINT ( 'NONE',  ( -1.187500000000001776, 0.3146249791965772258, 0.2550000000000001710 ) ) ;
#3706 = EDGE_LOOP ( 'NONE', ( #2176, #354, #4028, #1717 ) ) ;
#3707 = EDGE_LOOP ( 'NONE', ( #1855, #3428 ) ) ;
#3708 = DIRECTION ( 'NONE',  ( 1.000000000000000000, -1.224646799147353207E-16, -0.000000000000000000 ) ) ;
#3709 = EDGE_LOOP ( 'NONE', ( #1829, #1823, #1217, #2987 ) ) ;
#3710 = CARTESIAN_POINT ( 'NONE',  ( 0.5545000000000001039, -0.01499999999999998383, -7.000000000000000000 ) ) ;
#3711 = LINE ( 'NONE', #2255, #1356 ) ;
#3712 = CARTESIAN_POINT ( 'NONE',  ( -0.1658750000000007996, 1.057817679043635106, 0.7500000000000015543 ) ) ;
#3713 = DIRECTION ( 'NONE',  ( 0.000000000000000000, -1.000000000000000000, 0.000000000000000000 ) ) ;
#3714 = ORIENTED_EDGE ( 'NONE', *, *, #3025, .T. ) ;
#3715 = ADVANCED_FACE ( 'NONE', ( #489 ), #1777, .F. ) ;
#3716 = VERTEX_POINT ( 'NONE', #1465 ) ;
#3717 = CARTESIAN_POINT ( 'NONE',  ( -0.5544999999999998819, 0.2349999999999999867, -7.000000000000000000 ) ) ;
#3718 = DIRECTION ( 'NONE',  ( 1.000000000000000000, -1.224646799147353207E-16, 0.000000000000000000 ) ) ;
#3719 = ORIENTED_EDGE ( 'NONE', *, *, #1328, .F. ) ;
#3720 = ADVANCED_FACE ( 'NONE', ( #1493 ), #1430, .F. ) ;
#3721 = CYLINDRICAL_SURFACE ( 'NONE', #2730, 0.4688991300000007190 ) ;
#3722 = DIRECTION ( 'NONE',  ( -1.000000000000000000, 1.224646799147353207E-16, -0.000000000000000000 ) ) ;
#3723 = ORIENTED_EDGE ( 'NONE', *, *, #3291, .T. ) ;
#3724 = EDGE_LOOP ( 'NONE', ( #2222, #883, #3160, #2890 ) ) ;
#3725 = DIRECTION ( 'NONE',  ( 0.000000000000000000, 0.000000000000000000, 1.000000000000000000 ) ) ;
#3726 = VECTOR ( 'NONE', #3349, 39.37007874015748143 ) ;
#3727 = CIRCLE ( 'NONE', #3465, 0.4374999999999998890 ) ;
#3728 = EDGE_CURVE ( 'NONE', #636, #2127, #1800, .T. ) ;
#3729 = PLANE ( 'NONE',  #2519 ) ;
#3730 = CARTESIAN_POINT ( 'NONE',  ( 0.3345000000000000751, -0.2050000000000000711, 7.000000000000000000 ) ) ;
#3731 = ORIENTED_EDGE ( 'NONE', *, *, #2958, .F. ) ;
#3732 = VECTOR ( 'NONE', #772, 39.37007874015748143 ) ;
#3733 = DIRECTION ( 'NONE',  ( -1.000000000000000000, 1.224646799147353207E-16, -0.000000000000000000 ) ) ;
#3734 = AXIS2_PLACEMENT_3D ( 'NONE', #2085, #1843, #246 ) ;
#3735 = AXIS2_PLACEMENT_3D ( 'NONE', #1015, #375, #2861 ) ;
#3736 = AXIS2_PLACEMENT_3D ( 'NONE', #2101, #3982, #877 ) ;
#3737 = CARTESIAN_POINT ( 'NONE',  ( -0.3344999999999997975, -0.2350000000000000422, 7.000000000000000000 ) ) ;
#3738 = DIRECTION ( 'NONE',  ( -0.000000000000000000, -1.000000000000000000, -0.000000000000000000 ) ) ;
#3739 = CARTESIAN_POINT ( 'NONE',  ( -1.125000000000001998, 0.4908355833577848215, 0.3963410318450671932 ) ) ;
#3740 = ORIENTED_EDGE ( 'NONE', *, *, #36, .F. ) ;
#3741 = VECTOR ( 'NONE', #560, 39.37007874015748143 ) ;
#3742 = AXIS2_PLACEMENT_3D ( 'NONE', #1505, #3324, #3012 ) ;
#3743 = CIRCLE ( 'NONE', #1104, 0.1000000000000000194 ) ;
#3744 = VERTEX_POINT ( 'NONE', #861 ) ;
#3745 = CARTESIAN_POINT ( 'NONE',  ( -1.187500000000001776, -0.5000000000000007772, 0.1018000000000005428 ) ) ;
#3746 = LINE ( 'NONE', #917, #3687 ) ;
#3747 = ORIENTED_EDGE ( 'NONE', *, *, #262, .T. ) ;
#3748 = DIRECTION ( 'NONE',  ( 2.731847993664263218E-16, 1.000000000000000000, 0.000000000000000000 ) ) ;
#3749 = DIRECTION ( 'NONE',  ( -1.000000000000000000, 1.224646799147353207E-16, -0.000000000000000000 ) ) ;
#3750 = ORIENTED_EDGE ( 'NONE', *, *, #2249, .T. ) ;
#3751 = ORIENTED_EDGE ( 'NONE', *, *, #2575, .F. ) ;
#3752 = AXIS2_PLACEMENT_3D ( 'NONE', #2410, #529, #887 ) ;
#3753 = EDGE_CURVE ( 'NONE', #2706, #2182, #4032, .T. ) ;
#3754 = CARTESIAN_POINT ( 'NONE',  ( -1.187500000000001776, -0.09462271432538395255, 0.5625000000000009992 ) ) ;
#3755 = ORIENTED_EDGE ( 'NONE', *, *, #2836, .F. ) ;
#3756 = DIRECTION ( 'NONE',  ( -0.000000000000000000, -0.000000000000000000, -1.000000000000000000 ) ) ;
#3757 = EDGE_CURVE ( 'NONE', #1631, #433, #3214, .T. ) ;
#3758 = DIRECTION ( 'NONE',  ( -1.000000000000000000, 1.224646799147353207E-16, -0.000000000000000000 ) ) ;
#3759 = LINE ( 'NONE', #995, #1555 ) ;
#3760 = DIRECTION ( 'NONE',  ( 0.000000000000000000, -6.691578377234097528E-15, -1.000000000000000000 ) ) ;
#3761 = DIRECTION ( 'NONE',  ( -1.000000000000000000, -1.138269997360108984E-15, -0.000000000000000000 ) ) ;
#3762 = ORIENTED_EDGE ( 'NONE', *, *, #115, .F. ) ;
#3763 = LINE ( 'NONE', #674, #2949 ) ;
#3764 = VERTEX_POINT ( 'NONE', #842 ) ;
#3765 = FACE_OUTER_BOUND ( 'NONE', #2387, .T. ) ;
#3766 = DIRECTION ( 'NONE',  ( 0.000000000000000000, -1.000000000000000000, 0.000000000000000000 ) ) ;
#3767 = ORIENTED_EDGE ( 'NONE', *, *, #2901, .F. ) ;
#3768 = VERTEX_POINT ( 'NONE', #1756 ) ;
#3769 = CARTESIAN_POINT ( 'NONE',  ( 0.000000000000000000, 0.000000000000000000, 0.000000000000000000 ) ) ;
#3770 =( NAMED_UNIT ( * ) PLANE_ANGLE_UNIT ( ) SI_UNIT ( $, .RADIAN. ) );
#3771 = EDGE_CURVE ( 'NONE', #1492, #2111, #2440, .T. ) ;
#3772 = CARTESIAN_POINT ( 'NONE',  ( 3.757567139478286133, 1.227894383276352475, 4.251842231245662518 ) ) ;
#3773 = VERTEX_POINT ( 'NONE', #583 ) ;
#3774 = CARTESIAN_POINT ( 'NONE',  ( -0.1658750000000006608, 2.049861513329596985, 0.4415117668857341249 ) ) ;
#3775 = ADVANCED_FACE ( 'NONE', ( #4011 ), #3984, .T. ) ;
#3776 = CARTESIAN_POINT ( 'NONE',  ( 3.757567139478286133, 1.227894383276352475, 3.814342231245662962 ) ) ;
#3777 = DIRECTION ( 'NONE',  ( -1.204518515724980495E-16, -1.000000000000000000, 0.000000000000000000 ) ) ;
#3778 = EDGE_CURVE ( 'NONE', #1566, #4060, #1148, .T. ) ;
#3779 = DIRECTION ( 'NONE',  ( -1.000000000000000000, 1.224646799147353207E-16, -0.000000000000000000 ) ) ;
#3780 = ORIENTED_EDGE ( 'NONE', *, *, #3392, .T. ) ;
#3781 = CARTESIAN_POINT ( 'NONE',  ( -0.2518750000000007927, 1.025108929193149887, 1.217756915286110742 ) ) ;
#3782 = FACE_OUTER_BOUND ( 'NONE', #1103, .T. ) ;
#3783 = VERTEX_POINT ( 'NONE', #3710 ) ;
#3784 = DIRECTION ( 'NONE',  ( 0.000000000000000000, -1.000000000000000000, 0.000000000000000000 ) ) ;
#3785 = FACE_OUTER_BOUND ( 'NONE', #868, .T. ) ;
#3786 = ORIENTED_EDGE ( 'NONE', *, *, #543, .F. ) ;
#3787 = ORIENTED_EDGE ( 'NONE', *, *, #3146, .T. ) ;
#3788 = DIRECTION ( 'NONE',  ( 0.000000000000000000, 0.000000000000000000, 1.000000000000000000 ) ) ;
#3789 = DIRECTION ( 'NONE',  ( -1.000000000000000000, 1.224646799147353207E-16, -0.000000000000000000 ) ) ;
#3790 = DIRECTION ( 'NONE',  ( 1.000000000000000000, -1.224646799147353207E-16, -0.000000000000000000 ) ) ;
#3791 = EDGE_LOOP ( 'NONE', ( #998, #1201, #2354, #3317 ) ) ;
#3792 = CARTESIAN_POINT ( 'NONE',  ( -0.2518750000000019584, -8.332817679043639458, -0.8505000000000020322 ) ) ;
#3793 = EDGE_CURVE ( 'NONE', #3013, #3744, #3358, .T. ) ;
#3794 = AXIS2_PLACEMENT_3D ( 'NONE', #733, #144, #397 ) ;
#3795 = CARTESIAN_POINT ( 'NONE',  ( -0.2518750000000010703, -1.057817679043634662, 0.7500000000000026645 ) ) ;
#3796 = AXIS2_PLACEMENT_3D ( 'NONE', #90, #1348, #2599 ) ;
#3797 = VECTOR ( 'NONE', #2309, 39.37007874015748143 ) ;
#3798 = EDGE_CURVE ( 'NONE', #2684, #1833, #2459, .T. ) ;
#3799 = PLANE ( 'NONE',  #498 ) ;
#3800 = CIRCLE ( 'NONE', #2542, 0.3749999999999999445 ) ;
#3801 = ORIENTED_EDGE ( 'NONE', *, *, #3444, .T. ) ;
#3802 = CARTESIAN_POINT ( 'NONE',  ( -1.125000000000001998, -0.4949000000000005617, 0.1069000000000007722 ) ) ;
#3803 = CIRCLE ( 'NONE', #581, 0.9999999999999992228 ) ;
#3804 = CARTESIAN_POINT ( 'NONE',  ( -1.125000000000001998, -0.4508355833577849525, 0.3963410318450692471 ) ) ;
#3805 = ORIENTED_EDGE ( 'NONE', *, *, #2670, .T. ) ;
#3806 = ADVANCED_FACE ( 'NONE', ( #1579 ), #1596, .F. ) ;
#3807 = APPLICATION_CONTEXT ( 'automotive_design' ) ;
#3808 = AXIS2_PLACEMENT_3D ( 'NONE', #1861, #363, #2549 ) ;
#3809 = PLANE ( 'NONE',  #2271 ) ;
#3810 = FACE_OUTER_BOUND ( 'NONE', #3853, .T. ) ;
#3811 = VERTEX_POINT ( 'NONE', #3818 ) ;
#3812 = ORIENTED_EDGE ( 'NONE', *, *, #2995, .T. ) ;
#3813 = PRODUCT_DEFINITION_FORMATION_WITH_SPECIFIED_SOURCE ( 'ANY', '', #162, .NOT_KNOWN. ) ;
#3814 = FACE_OUTER_BOUND ( 'NONE', #1980, .T. ) ;
#3815 = AXIS2_PLACEMENT_3D ( 'NONE', #108, #3301, #3872 ) ;
#3816 = DIRECTION ( 'NONE',  ( 1.224646799147353207E-16, 1.000000000000000000, -2.276539994720220335E-15 ) ) ;
#3817 = CARTESIAN_POINT ( 'NONE',  ( -1.125000000000001998, -0.4339263241866936904, 0.7649091675238318677 ) ) ;
#3818 = CARTESIAN_POINT ( 'NONE',  ( -1.187500000000001776, -0.3146249791965748943, 0.8700000000000029932 ) ) ;
#3819 = DIRECTION ( 'NONE',  ( 0.000000000000000000, 1.000000000000000000, 0.000000000000000000 ) ) ;
#3820 = EDGE_CURVE ( 'NONE', #2748, #2883, #1043, .T. ) ;
#3821 = CARTESIAN_POINT ( 'NONE',  ( -0.2518750000000010703, -1.025108929193149665, 1.217756915286110742 ) ) ;
#3822 = VECTOR ( 'NONE', #3239, 39.37007874015748143 ) ;
#3823 = DIRECTION ( 'NONE',  ( 1.000000000000000000, -1.224646799147353207E-16, -0.000000000000000000 ) ) ;
#3824 = EDGE_CURVE ( 'NONE', #3044, #3990, #2524, .T. ) ;
#3825 = ORIENTED_EDGE ( 'NONE', *, *, #1539, .F. ) ;
#3826 = CARTESIAN_POINT ( 'NONE',  ( -1.187500000000001776, 0.7499999999999987788, 0.9183496676073186205 ) ) ;
#3827 = DIRECTION ( 'NONE',  ( -0.000000000000000000, -0.000000000000000000, -1.000000000000000000 ) ) ;
#3828 = VERTEX_POINT ( 'NONE', #3792 ) ;
#3829 = PRODUCT_DEFINITION_CONTEXT ( 'detailed design', #1467, 'design' ) ;
#3830 = EDGE_CURVE ( 'NONE', #1627, #2135, #1274, .T. ) ;
#3831 = DIRECTION ( 'NONE',  ( 5.463695987328526437E-16, 1.000000000000000000, -0.000000000000000000 ) ) ;
#3832 = ORIENTED_EDGE ( 'NONE', *, *, #1019, .T. ) ;
#3833 = ORIENTED_EDGE ( 'NONE', *, *, #604, .T. ) ;
#3834 = SHAPE_DEFINITION_REPRESENTATION ( #3659, #2895 ) ;
#3835 = CARTESIAN_POINT ( 'NONE',  ( -1.187500000000001776, 0.4949000000000008392, 0.1069000000000008277 ) ) ;
#3836 = FACE_OUTER_BOUND ( 'NONE', #2029, .T. ) ;
#3837 = CARTESIAN_POINT ( 'NONE',  ( -1.187500000000001776, 0.3146249791965803344, 0.2950000000000001510 ) ) ;
#3838 = CARTESIAN_POINT ( 'NONE',  ( 3.757567139478287022, 2.285712062319987137, 3.988469850991481991 ) ) ;
#3839 = DIRECTION ( 'NONE',  ( 0.000000000000000000, 0.000000000000000000, -1.000000000000000000 ) ) ;
#3840 = CARTESIAN_POINT ( 'NONE',  ( -1.125000000000001998, -0.6500000000000005773, 0.9183496676073186205 ) ) ;
#3841 = ORIENTED_EDGE ( 'NONE', *, *, #1725, .T. ) ;
#3842 = CARTESIAN_POINT ( 'NONE',  ( -1.125000000000001776, 0.7162392253302739542, 0.2815660518889546715 ) ) ;
#3843 = ORIENTED_EDGE ( 'NONE', *, *, #3820, .T. ) ;
#3844 = EDGE_CURVE ( 'NONE', #2252, #3430, #948, .T. ) ;
#3845 = DIRECTION ( 'NONE',  ( -1.000000000000000000, 0.000000000000000000, 0.000000000000000000 ) ) ;
#3846 = ORIENTED_EDGE ( 'NONE', *, *, #19, .F. ) ;
#3847 = CARTESIAN_POINT ( 'NONE',  ( -1.187500000000001776, 0.7162392253302739542, 0.2815660518889546715 ) ) ;
#3848 = VERTEX_POINT ( 'NONE', #3507 ) ;
#3849 = EDGE_CURVE ( 'NONE', #1280, #1956, #379, .T. ) ;
#3850 = AXIS2_PLACEMENT_3D ( 'NONE', #1209, #1509, #859 ) ;
#3851 = CARTESIAN_POINT ( 'NONE',  ( -0.3344999999999999640, -0.2050000000000000711, -7.000000000000000000 ) ) ;
#3852 = DIRECTION ( 'NONE',  ( 5.176967529957448117E-17, 0.4227314792772784435, 0.9062549842224559837 ) ) ;
#3853 = EDGE_LOOP ( 'NONE', ( #4010, #250, #2860, #1502 ) ) ;
#3854 = LINE ( 'NONE', #404, #2669 ) ;
#3855 = EDGE_CURVE ( 'NONE', #2469, #3579, #1425, .T. ) ;
#3856 = CARTESIAN_POINT ( 'NONE',  ( -0.1658750000000009939, -0.6975647374411807489, 1.194852794186280986 ) ) ;
#3857 = PRODUCT_DEFINITION_SHAPE ( 'NONE', 'NONE',  #4095 ) ;
#3858 =( CONVERSION_BASED_UNIT ( 'INCH', #2912 ) LENGTH_UNIT ( ) NAMED_UNIT ( #503 ) );
#3859 = APPLICATION_CONTEXT ( 'automotive_design' ) ;
#3860 = AXIS2_PLACEMENT_3D ( 'NONE', #171, #572, #3976 ) ;
#3861 = CIRCLE ( 'NONE', #640, 0.03999999999999998002 ) ;
#3862 = FACE_OUTER_BOUND ( 'NONE', #146, .T. ) ;
#3863 = PLANE ( 'NONE',  #261 ) ;
#3864 = VERTEX_POINT ( 'NONE', #1558 ) ;
#3865 = AXIS2_PLACEMENT_3D ( 'NONE', #678, #1914, #3147 ) ;
#3866 = AXIS2_PLACEMENT_3D ( 'NONE', #2680, #2764, #2413 ) ;
#3867 = AXIS2_PLACEMENT_3D ( 'NONE', #2740, #528, #3029 ) ;
#3868 = VECTOR ( 'NONE', #3332, 39.37007874015748143 ) ;
#3869 = PRODUCT_DEFINITION_CONTEXT ( 'detailed design', #191, 'design' ) ;
#3870 = CARTESIAN_POINT ( 'NONE',  ( -0.1658750000000007996, 1.057817679043635106, 0.7500000000000015543 ) ) ;
#3871 = VERTEX_POINT ( 'NONE', #1885 ) ;
#3872 = DIRECTION ( 'NONE',  ( 0.000000000000000000, 1.000000000000000000, 0.000000000000000000 ) ) ;
#3873 = EDGE_LOOP ( 'NONE', ( #534, #1449, #3941, #459 ) ) ;
#3874 = EDGE_CURVE ( 'NONE', #1004, #2165, #969, .T. ) ;
#3875 = ITEM_DEFINED_TRANSFORMATION ( 'NONE', 'NONE', #983,  #1106 ) ;
#3876 = CIRCLE ( 'NONE', #2066, 0.1899999999999999467 ) ;
#3877 = CARTESIAN_POINT ( 'NONE',  ( -1.187500000000001776, 0.4508355833577858962, 0.7286589681549314745 ) ) ;
#3878 = CIRCLE ( 'NONE', #2073, 0.03999999999999998002 ) ;
#3879 = DIRECTION ( 'NONE',  ( 1.000000000000000000, -1.224646799147353207E-16, 0.000000000000000000 ) ) ;
#3880 = EDGE_CURVE ( 'NONE', #4002, #3768, #3489, .T. ) ;
#3881 = DIRECTION ( 'NONE',  ( 1.000000000000000000, -1.224646799147353207E-16, -0.000000000000000000 ) ) ;
#3882 = AXIS2_PLACEMENT_3D ( 'NONE', #617, #2810, #897 ) ;
#3883 = ADVANCED_FACE ( 'NONE', ( #17 ), #1295, .T. ) ;
#3884 = VECTOR ( 'NONE', #563, 39.37007874015748143 ) ;
#3885 = VECTOR ( 'NONE', #3497, 39.37007874015748143 ) ;
#3886 = DIRECTION ( 'NONE',  ( -1.000000000000000000, 1.224646799147353207E-16, -0.000000000000000000 ) ) ;
#3887 = VERTEX_POINT ( 'NONE', #645 ) ;
#3888 = FACE_OUTER_BOUND ( 'NONE', #2091, .T. ) ;
#3889 = DIRECTION ( 'NONE',  ( -1.000000000000000000, 1.224646799147353207E-16, 0.000000000000000000 ) ) ;
#3890 = VERTEX_POINT ( 'NONE', #2876 ) ;
#3891 = DIRECTION ( 'NONE',  ( -1.000000000000000000, 1.224646799147353207E-16, 0.000000000000000000 ) ) ;
#3892 = VERTEX_POINT ( 'NONE', #1257 ) ;
#3893 = CARTESIAN_POINT ( 'NONE',  ( -1.125000000000001998, -0.01690925917109103310, 0.6469899094427935538 ) ) ;
#3894 = CYLINDRICAL_SURFACE ( 'NONE', #721, 0.2200000000000000566 ) ;
#3895 = ORIENTED_EDGE ( 'NONE', *, *, #727, .F. ) ;
#3896 = ITEM_DEFINED_TRANSFORMATION ( 'NONE', 'NONE', #3882,  #1106 ) ;
#3897 = DIRECTION ( 'NONE',  ( 0.000000000000000000, 1.000000000000000000, 0.000000000000000000 ) ) ;
#3898 = CARTESIAN_POINT ( 'NONE',  ( -1.125000000000001776, 0.6499999999999986899, 0.9183496676073186205 ) ) ;
#3899 = DIRECTION ( 'NONE',  ( 0.000000000000000000, 1.000000000000000000, 0.000000000000000000 ) ) ;
#3900 = ADVANCED_FACE ( 'NONE', ( #4073 ), #3127, .T. ) ;
#3901 = ORIENTED_EDGE ( 'NONE', *, *, #185, .F. ) ;
#3902 = EDGE_CURVE ( 'NONE', #1898, #813, #1486, .T. ) ;
#3903 = DIRECTION ( 'NONE',  ( 0.000000000000000000, 1.000000000000000000, 0.000000000000000000 ) ) ;
#3904 = CARTESIAN_POINT ( 'NONE',  ( -1.187500000000001776, 0.5000000000000009992, 0.005000000000000543940 ) ) ;
#3905 = ORIENTED_EDGE ( 'NONE', *, *, #1205, .T. ) ;
#3906 = DIRECTION ( 'NONE',  ( 0.000000000000000000, 1.000000000000000000, 0.000000000000000000 ) ) ;
#3907 = CARTESIAN_POINT ( 'NONE',  ( -0.2518750000000007372, 1.468167046811732712, 0.9768915831120248416 ) ) ;
#3908 = ORIENTED_EDGE ( 'NONE', *, *, #262, .F. ) ;
#3909 = UNCERTAINTY_MEASURE_WITH_UNIT (LENGTH_MEASURE( 1.000000000000000082E-05 ), #795, 'distance_accuracy_value', 'NONE');
#3910 = CARTESIAN_POINT ( 'NONE',  ( -1.125000000000001998, -0.9646363203188079716, 0.5624999999999976685 ) ) ;
#3911 = ORIENTED_EDGE ( 'NONE', *, *, #1346, .F. ) ;
#3912 = LINE ( 'NONE', #3556, #3929 ) ;
#3913 = EDGE_LOOP ( 'NONE', ( #686, #1531, #1402, #4057 ) ) ;
#3914 = CARTESIAN_POINT ( 'NONE',  ( -0.2518750000000010703, -1.468167046811732268, 0.9768915831120246196 ) ) ;
#3915 = LINE ( 'NONE', #91, #1604 ) ;
#3916 = ORIENTED_EDGE ( 'NONE', *, *, #2375, .F. ) ;
#3917 = ORIENTED_EDGE ( 'NONE', *, *, #1523, .T. ) ;
#3918 = DIRECTION ( 'NONE',  ( 0.000000000000000000, 1.000000000000000000, 0.000000000000000000 ) ) ;
#3919 = ORIENTED_EDGE ( 'NONE', *, *, #2726, .F. ) ;
#3920 = EDGE_CURVE ( 'NONE', #609, #1991, #906, .T. ) ;
#3921 = LINE ( 'NONE', #2607, #2662 ) ;
#3922 = DIRECTION ( 'NONE',  ( 1.000000000000000000, 0.000000000000000000, 0.000000000000000000 ) ) ;
#3923 = CARTESIAN_POINT ( 'NONE',  ( -1.187500000000001776, -0.4508355833577849525, 0.3963410318450692471 ) ) ;
#3924 = CARTESIAN_POINT ( 'NONE',  ( 3.757567139478287022, 2.780712062319987243, 4.251842231245662518 ) ) ;
#3925 = EDGE_LOOP ( 'NONE', ( #1273, #479, #1517, #1704 ) ) ;
#3926 = ADVANCED_FACE ( 'NONE', ( #2150 ), #668, .F. ) ;
#3927 = VECTOR ( 'NONE', #1371, 39.37007874015748143 ) ;
#3928 = AXIS2_PLACEMENT_3D ( 'NONE', #1633, #738, #3519 ) ;
#3929 = VECTOR ( 'NONE', #3958, 39.37007874015748143 ) ;
#3930 = FACE_OUTER_BOUND ( 'NONE', #2651, .T. ) ;
#3931 = ORIENTED_EDGE ( 'NONE', *, *, #2934, .F. ) ;
#3932 = LINE ( 'NONE', #3262, #898 ) ;
#3933 = VECTOR ( 'NONE', #3053, 39.37007874015748143 ) ;
#3934 = CARTESIAN_POINT ( 'NONE',  ( -0.1658750000000019653, -8.332817679043639458, 0.000000000000000000 ) ) ;
#3935 = VERTEX_POINT ( 'NONE', #2236 ) ;
#3936 = EDGE_CURVE ( 'NONE', #1678, #2258, #2999, .T. ) ;
#3937 = VECTOR ( 'NONE', #3592, 39.37007874015748143 ) ;
#3938 = VECTOR ( 'NONE', #2080, 39.37007874015748143 ) ;
#3939 = DIRECTION ( 'NONE',  ( 0.000000000000000000, -1.000000000000000000, 0.000000000000000000 ) ) ;
#3940 = FACE_OUTER_BOUND ( 'NONE', #1852, .T. ) ;
#3941 = ORIENTED_EDGE ( 'NONE', *, *, #1901, .F. ) ;
#3942 = AXIS2_PLACEMENT_3D ( 'NONE', #3255, #801, #2587 ) ;
#3943 = SHAPE_REPRESENTATION_RELATIONSHIP ( 'NONE' , 'NONE' ,  #2895, #1258 ) ;
#3944 =( GEOMETRIC_REPRESENTATION_CONTEXT ( 3 ) GLOBAL_UNCERTAINTY_ASSIGNED_CONTEXT ( ( #1418 ) ) GLOBAL_UNIT_ASSIGNED_CONTEXT ( ( #194, #2700, #874 ) ) REPRESENTATION_CONTEXT ( 'NONE', 'WORKASPACE' ) );
#3945 = CIRCLE ( 'NONE', #2143, 0.4688991300000000528 ) ;
#3946 = ORIENTED_EDGE ( 'NONE', *, *, #3974, .T. ) ;
#3947 = DIRECTION ( 'NONE',  ( 0.000000000000000000, 1.000000000000000000, 0.000000000000000000 ) ) ;
#3948 = ORIENTED_EDGE ( 'NONE', *, *, #659, .F. ) ;
#3949 = ADVANCED_FACE ( 'NONE', ( #2297 ), #448, .F. ) ;
#3950 = FACE_OUTER_BOUND ( 'NONE', #378, .T. ) ;
#3951 = AXIS2_PLACEMENT_3D ( 'NONE', #1763, #3027, #209 ) ;
#3952 = DIRECTION ( 'NONE',  ( 0.000000000000000000, -1.000000000000000000, 0.000000000000000000 ) ) ;
#3953 = CARTESIAN_POINT ( 'NONE',  ( -1.125000000000001998, 0.07771345515429266271, 0.5262498006311019383 ) ) ;
#3954 = ORIENTED_EDGE ( 'NONE', *, *, #137, .T. ) ;
#3955 = EDGE_CURVE ( 'NONE', #3764, #3013, #1066, .T. ) ;
#3956 = DIRECTION ( 'NONE',  ( 1.000000000000000000, -1.224646799147353207E-16, -0.000000000000000000 ) ) ;
#3957 = EDGE_LOOP ( 'NONE', ( #3567, #936 ) ) ;
#3958 = DIRECTION ( 'NONE',  ( 1.000000000000000000, 5.104349763946681633E-17, -0.000000000000000000 ) ) ;
#3959 = DIRECTION ( 'NONE',  ( 1.000000000000000000, -1.224646799147353207E-16, -0.000000000000000000 ) ) ;
#3960 = ORIENTED_EDGE ( 'NONE', *, *, #945, .T. ) ;
#3961 = EDGE_CURVE ( 'NONE', #1229, #3299, #2015, .T. ) ;
#3962 = CARTESIAN_POINT ( 'NONE',  ( -1.187500000000001776, 0.07771345515429296802, 0.5987501993688993940 ) ) ;
#3963 = EDGE_LOOP ( 'NONE', ( #1237, #1222 ) ) ;
#3964 = SHAPE_REPRESENTATION_RELATIONSHIP ( 'NONE' , 'NONE' ,  #779, #1308 ) ;
#3965 = EDGE_LOOP ( 'NONE', ( #3351, #3229, #1761, #3449 ) ) ;
#3966 = DIRECTION ( 'NONE',  ( -1.000000000000000000, 1.224646799147353207E-16, -0.000000000000000000 ) ) ;
#3967 = CARTESIAN_POINT ( 'NONE',  ( 0.5545000000000001039, 0.2349999999999999867, 7.000000000000000000 ) ) ;
#3968 = LINE ( 'NONE', #2732, #2605 ) ;
#3969 = CYLINDRICAL_SURFACE ( 'NONE', #3045, 0.8505000000000022542 ) ;
#3970 = ORIENTED_EDGE ( 'NONE', *, *, #2298, .F. ) ;
#3971 = DIRECTION ( 'NONE',  ( -1.657674753437052328E-16, -1.000000000000000000, 0.000000000000000000 ) ) ;
#3972 = ORIENTED_EDGE ( 'NONE', *, *, #1847, .T. ) ;
#3973 = DIRECTION ( 'NONE',  ( 0.000000000000000000, 1.000000000000000000, -2.170717659354551568E-15 ) ) ;
#3974 = EDGE_CURVE ( 'NONE', #3783, #1014, #1940, .T. ) ;
#3975 = CARTESIAN_POINT ( 'NONE',  ( -1.187500000000001776, -0.3146249791965780584, 0.2550000000000015588 ) ) ;
#3976 = DIRECTION ( 'NONE',  ( 0.000000000000000000, -0.9252097183857818097, 0.3794561595290057987 ) ) ;
#3977 = VERTEX_POINT ( 'NONE', #386 ) ;
#3978 = VERTEX_POINT ( 'NONE', #1334 ) ;
#3979 = EDGE_CURVE ( 'NONE', #896, #1339, #2335, .T. ) ;
#3980 = CARTESIAN_POINT ( 'NONE',  ( -1.187500000000001776, -0.5000000000000007772, 1.120000000000001217 ) ) ;
#3981 = ORIENTED_EDGE ( 'NONE', *, *, #548, .T. ) ;
#3982 = DIRECTION ( 'NONE',  ( -0.000000000000000000, -0.000000000000000000, -1.000000000000000000 ) ) ;
#3983 = ORIENTED_EDGE ( 'NONE', *, *, #1535, .F. ) ;
#3984 = CYLINDRICAL_SURFACE ( 'NONE', #2283, 0.4999999999999997224 ) ;
#3985 = AXIS2_PLACEMENT_3D ( 'NONE', #3403, #3427, #627 ) ;
#3986 = EDGE_CURVE ( 'NONE', #500, #2752, #3743, .T. ) ;
#3987 = CARTESIAN_POINT ( 'NONE',  ( 3.757567139478287022, 3.547529741363621980, 3.814342231245662962 ) ) ;
#3988 = DIRECTION ( 'NONE',  ( 1.224646799147353207E-16, 1.000000000000000000, 0.000000000000000000 ) ) ;
#3989 = CYLINDRICAL_SURFACE ( 'NONE', #2645, 0.2500000000000003331 ) ;
#3990 = VERTEX_POINT ( 'NONE', #1961 ) ;
#3991 = CARTESIAN_POINT ( 'NONE',  ( -1.187500000000001776, 0.4908355833577858762, 0.7286589681549314745 ) ) ;
#3992 = ORIENTED_EDGE ( 'NONE', *, *, #725, .F. ) ;
#3993 = CARTESIAN_POINT ( 'NONE',  ( -0.2518750000000019584, -8.332817679043639458, 0.000000000000000000 ) ) ;
#3994 = PLANE ( 'NONE',  #3752 ) ;
#3995 = ORIENTED_EDGE ( 'NONE', *, *, #900, .T. ) ;
#3996 = VECTOR ( 'NONE', #3649, 39.37007874015748854 ) ;
#3997 = VECTOR ( 'NONE', #1008, 39.37007874015748143 ) ;
#3998 = PLANE ( 'NONE',  #2203 ) ;
#3999 = EDGE_CURVE ( 'NONE', #3067, #2239, #2809, .T. ) ;
#4000 = CARTESIAN_POINT ( 'NONE',  ( -1.187500000000001776, -0.4949000000000005617, 1.018100000000000893 ) ) ;
#4001 = ORIENTED_EDGE ( 'NONE', *, *, #1819, .F. ) ;
#4002 = VERTEX_POINT ( 'NONE', #2641 ) ;
#4003 = PRODUCT_DEFINITION_SHAPE ( 'NONE', 'NONE',  #4091 ) ;
#4004 = CIRCLE ( 'NONE', #3595, 0.1889999999999995295 ) ;
#4005 = DIRECTION ( 'NONE',  ( -2.731847993664263218E-16, -1.000000000000000000, -0.000000000000000000 ) ) ;
#4006 = AXIS2_PLACEMENT_3D ( 'NONE', #3284, #460, #2981 ) ;
#4007 = EDGE_CURVE ( 'NONE', #567, #3186, #425, .T. ) ;
#4008 = DIRECTION ( 'NONE',  ( 1.000000000000000000, -1.224646799147353207E-16, -0.000000000000000000 ) ) ;
#4009 = AXIS2_PLACEMENT_3D ( 'NONE', #2837, #1276, #2526 ) ;
#4010 = ORIENTED_EDGE ( 'NONE', *, *, #2221, .F. ) ;
#4011 = FACE_OUTER_BOUND ( 'NONE', #3121, .T. ) ;
#4012 = VECTOR ( 'NONE', #1981, 39.37007874015748143 ) ;
#4013 = EDGE_CURVE ( 'NONE', #3768, #3887, #3945, .T. ) ;
#4014 = CARTESIAN_POINT ( 'NONE',  ( 3.757567139478287022, 3.040712062319987030, 4.189342231245662518 ) ) ;
#4015 = CARTESIAN_POINT ( 'NONE',  ( -1.125000000000001998, -0.3315342383676688209, 0.3312501993689012658 ) ) ;
#4016 = CARTESIAN_POINT ( 'NONE',  ( -1.187500000000001776, 0.3146249791965769482, 0.8700000000000016609 ) ) ;
#4017 = ORIENTED_EDGE ( 'NONE', *, *, #3494, .F. ) ;
#4018 =( GEOMETRIC_REPRESENTATION_CONTEXT ( 3 ) GLOBAL_UNCERTAINTY_ASSIGNED_CONTEXT ( ( #2022 ) ) GLOBAL_UNIT_ASSIGNED_CONTEXT ( ( #2361, #511, #3686 ) ) REPRESENTATION_CONTEXT ( 'NONE', 'WORKASPACE' ) );
#4019 = VECTOR ( 'NONE', #2090, 39.37007874015748143 ) ;
#4020 = CYLINDRICAL_SURFACE ( 'NONE', #1310, 0.2060000000000000719 ) ;
#4021 = ORIENTED_EDGE ( 'NONE', *, *, #3221, .F. ) ;
#4022 = DIRECTION ( 'NONE',  ( 0.000000000000000000, -1.000000000000000000, 0.000000000000000000 ) ) ;
#4023 = CARTESIAN_POINT ( 'NONE',  ( -0.5544999999999998819, -0.01500000000000001159, 7.000000000000000000 ) ) ;
#4024 = ORIENTED_EDGE ( 'NONE', *, *, #770, .F. ) ;
#4025 = DIRECTION ( 'NONE',  ( 0.000000000000000000, -1.000000000000000000, 2.279253542322266741E-15 ) ) ;
#4026 = CARTESIAN_POINT ( 'NONE',  ( -0.2518750000000007927, 0.8518176790436349233, 0.7500000000000015543 ) ) ;
#4027 = EDGE_LOOP ( 'NONE', ( #3283, #2076, #1471, #1870 ) ) ;
#4028 = ORIENTED_EDGE ( 'NONE', *, *, #36, .T. ) ;
#4029 = DIRECTION ( 'NONE',  ( 0.000000000000000000, 1.000000000000000000, 0.000000000000000000 ) ) ;
#4030 = DIRECTION ( 'NONE',  ( 1.229407671069642947E-16, 1.000000000000000000, -1.639210228092857221E-17 ) ) ;
#4031 = EDGE_LOOP ( 'NONE', ( #3379, #3812, #2574, #1522, #1437, #3905, #3281, #2943 ) ) ;
#4032 = LINE ( 'NONE', #1193, #3150 ) ;
#4033 = EDGE_CURVE ( 'NONE', #3067, #210, #3854, .T. ) ;
#4034 = DIRECTION ( 'NONE',  ( -1.000000000000000000, 1.138269997360108984E-15, -0.000000000000000000 ) ) ;
#4035 = CARTESIAN_POINT ( 'NONE',  ( -1.125000000000001998, -0.7500000000000005551, 0.2066503323926765501 ) ) ;
#4036 = CARTESIAN_POINT ( 'NONE',  ( -0.1658750000000011326, -2.049861513329596985, 0.4415117668857341249 ) ) ;
#4037 = ORIENTED_EDGE ( 'NONE', *, *, #2445, .T. ) ;
#4038 = EDGE_CURVE ( 'NONE', #3696, #615, #1947, .T. ) ;
#4039 = CARTESIAN_POINT ( 'NONE',  ( -1.187500000000001776, -0.5000000000000007772, 1.023200000000001220 ) ) ;
#4040 = DIRECTION ( 'NONE',  ( 1.071729520524682605E-16, 0.8751335660786948578, -0.4838814333309210403 ) ) ;
#4041 = DIRECTION ( 'NONE',  ( 1.000000000000000000, -1.138269997360108984E-15, 0.000000000000000000 ) ) ;
#4042 = ORIENTED_EDGE ( 'NONE', *, *, #2325, .F. ) ;
#4043 = DIRECTION ( 'NONE',  ( -1.000000000000000000, 1.224646799147353207E-16, 0.000000000000000000 ) ) ;
#4044 = DIRECTION ( 'NONE',  ( 1.000000000000000000, -1.224646799147353207E-16, -0.000000000000000000 ) ) ;
#4045 = VERTEX_POINT ( 'NONE', #2622 ) ;
#4046 = ORIENTED_EDGE ( 'NONE', *, *, #3247, .F. ) ;
#4047 = DIRECTION ( 'NONE',  ( 1.000000000000000000, -1.224646799147353207E-16, -0.000000000000000000 ) ) ;
#4048 = CARTESIAN_POINT ( 'NONE',  ( -1.125000000000001998, 0.3146249791965769482, 0.8700000000000016609 ) ) ;
#4049 = ORIENTED_EDGE ( 'NONE', *, *, #1297, .F. ) ;
#4050 = DIRECTION ( 'NONE',  ( 1.000000000000000000, -1.224646799147353207E-16, -0.000000000000000000 ) ) ;
#4051 = ADVANCED_FACE ( 'NONE', ( #703 ), #1027, .F. ) ;
#4052 = FACE_OUTER_BOUND ( 'NONE', #330, .T. ) ;
#4053 = CARTESIAN_POINT ( 'NONE',  ( 3.757567139478286133, 1.431894383276351990, 3.814342231245662962 ) ) ;
#4054 = ORIENTED_EDGE ( 'NONE', *, *, #4033, .F. ) ;
#4055 = AXIS2_PLACEMENT_3D ( 'NONE', #493, #2672, #3001 ) ;
#4056 = ADVANCED_FACE ( 'NONE', ( #3290 ), #1318, .T. ) ;
#4057 = ORIENTED_EDGE ( 'NONE', *, *, #2901, .T. ) ;
#4058 = CARTESIAN_POINT ( 'NONE',  ( -1.187500000000001776, 0.4949000000000008392, 0.1069000000000008277 ) ) ;
#4059 = CYLINDRICAL_SURFACE ( 'NONE', #328, 0.2500000000000003331 ) ;
#4060 = VERTEX_POINT ( 'NONE', #2567 ) ;
#4061 = DIRECTION ( 'NONE',  ( -1.000000000000000000, 1.224646799147353207E-16, -0.000000000000000000 ) ) ;
#4062 = EDGE_CURVE ( 'NONE', #4060, #3384, #3878, .T. ) ;
#4063 = LINE ( 'NONE', #1605, #2661 ) ;
#4064 = ORIENTED_EDGE ( 'NONE', *, *, #1321, .F. ) ;
#4065 = VERTEX_POINT ( 'NONE', #1635 ) ;
#4066 = DIRECTION ( 'NONE',  ( 0.000000000000000000, 0.000000000000000000, 1.000000000000000000 ) ) ;
#4067 = AXIS2_PLACEMENT_3D ( 'NONE', #3100, #2560, #2845 ) ;
#4068 = AXIS2_PLACEMENT_3D ( 'NONE', #3560, #2332, #3939 ) ;
#4069 = LINE ( 'NONE', #2233, #1224 ) ;
#4070 = DIRECTION ( 'NONE',  ( 0.000000000000000000, -1.000000000000000000, 0.000000000000000000 ) ) ;
#4071 = ORIENTED_EDGE ( 'NONE', *, *, #2973, .F. ) ;
#4072 = CIRCLE ( 'NONE', #2270, 0.03999999999999998002 ) ;
#4073 = FACE_OUTER_BOUND ( 'NONE', #2807, .T. ) ;
#4074 = VECTOR ( 'NONE', #2096, 39.37007874015748143 ) ;
#4075 = VECTOR ( 'NONE', #565, 39.37007874015748143 ) ;
#4076 = AXIS2_PLACEMENT_3D ( 'NONE', #3730, #3395, #840 ) ;
#4077 = CARTESIAN_POINT ( 'NONE',  ( 0.5545000000000001039, -0.01500000000000001159, 7.000000000000000000 ) ) ;
#4078 = CARTESIAN_POINT ( 'NONE',  ( -1.125000000000001998, -0.5000000000000007772, 0.1018000000000005428 ) ) ;
#4079 = CIRCLE ( 'NONE', #3405, 0.2060000000000000719 ) ;
#4080 = AXIS2_PLACEMENT_3D ( 'NONE', #3166, #1284, #635 ) ;
#4081 = VECTOR ( 'NONE', #2421, 39.37007874015748143 ) ;
#4082 = ORIENTED_EDGE ( 'NONE', *, *, #2325, .T. ) ;
#4083 = CARTESIAN_POINT ( 'NONE',  ( -0.3344999999999999640, -0.01500000000000004455, -7.000000000000000000 ) ) ;
#4084 = ORIENTED_EDGE ( 'NONE', *, *, #1147, .F. ) ;
#4085 = EDGE_CURVE ( 'NONE', #3334, #3389, #1976, .T. ) ;
#4086 = PLANE ( 'NONE',  #41 ) ;
#4087 = CARTESIAN_POINT ( 'NONE',  ( 3.757567139478287022, 3.040712062319987030, 4.251842231245662518 ) ) ;
#4088 = CARTESIAN_POINT ( 'NONE',  ( -1.125000000000001998, 0.5000000000000009992, 0.005000000000000543940 ) ) ;
#4089 = NEXT_ASSEMBLY_USAGE_OCCURRENCE ( 'NAUO1', ' ', ' ', #596, #1912, $ ) ;
#4090 = NEXT_ASSEMBLY_USAGE_OCCURRENCE ( 'NAUO2', ' ', ' ', #596, #1912, $ ) ;
#4091 = NEXT_ASSEMBLY_USAGE_OCCURRENCE ( 'NAUO3', ' ', ' ', #596, #387, $ ) ;
#4092 = NEXT_ASSEMBLY_USAGE_OCCURRENCE ( 'NAUO4', ' ', ' ', #596, #285, $ ) ;
#4093 = NEXT_ASSEMBLY_USAGE_OCCURRENCE ( 'NAUO5', ' ', ' ', #596, #387, $ ) ;
#4094 = NEXT_ASSEMBLY_USAGE_OCCURRENCE ( 'NAUO6', ' ', ' ', #596, #387, $ ) ;
#4095 = NEXT_ASSEMBLY_USAGE_OCCURRENCE ( 'NAUO7', ' ', ' ', #596, #387, $ ) ;
#4096 = NEXT_ASSEMBLY_USAGE_OCCURRENCE ( 'NAUO8', ' ', ' ', #596, #3212, $ ) ;
ENDSEC;
END-ISO-10303-21;
