ISO-10303-21;
HEADER;
FILE_DESCRIPTION((''),'2;1');
FILE_NAME('26_FWE3_TOP_HALF','2026-09-23T01:58:12',('kelly'),(''),
'CREO PARAMETRIC BY PTC INC, 2025102','CREO PARAMETRIC BY PTC INC, 2025102','');
FILE_SCHEMA(('CONFIG_CONTROL_DESIGN'));
ENDSEC;
DATA;
#1=DIRECTION('',(4.788946995838E-1,0.E0,-8.778723521735E-1));
#2=VECTOR('',#1,8.178418797647E-1);
#3=CARTESIAN_POINT('',(-3.630870017223E-1,8.011181758333E0,6.896364914974E-1));
#4=LINE('',#3,#2);
#5=CARTESIAN_POINT('',(2.857313959468E-2,8.011181758333E0,-2.832428319764E-2));
#6=CARTESIAN_POINT('',(2.231625915079E-2,8.011181758333E0,-3.253962827015E-2));
#7=CARTESIAN_POINT('',(1.633368461884E-2,8.011181758333E0,-3.777005416318E-2));
#8=CARTESIAN_POINT('',(1.352950607727E-2,8.011181758333E0,-4.477616593122E-2));
#10=CARTESIAN_POINT('',(1.352950607727E-2,8.011181758333E0,-4.477616593122E-2));
#11=CARTESIAN_POINT('',(9.424934674567E-3,8.011181758333E0,-5.503124975730E-2));
#12=CARTESIAN_POINT('',(8.010762129301E-3,8.011181758333E0,-7.752978522596E-2));
#13=CARTESIAN_POINT('',(1.212285671297E-2,8.011181758333E0,-1.214166095828E-1));
#14=CARTESIAN_POINT('',(2.731247804186E-2,8.011181758333E0,-1.750681068150E-1));
#15=CARTESIAN_POINT('',(5.067586314866E-2,8.011181758333E0,-2.369754406449E-1));
#16=CARTESIAN_POINT('',(8.735146444474E-2,8.011181758333E0,-3.174494717479E-1));
#17=CARTESIAN_POINT('',(1.392946545636E-1,8.011181758333E0,-4.150061937875E-1));
#18=CARTESIAN_POINT('',(2.065797955891E-1,8.011181758333E0,-5.291885986234E-1));
#19=CARTESIAN_POINT('',(2.763370299396E-1,8.011181758333E0,-6.418930340784E-1));
#20=CARTESIAN_POINT('',(3.697827542187E-1,8.011181758333E0,-7.918610780689E-1));
#21=CARTESIAN_POINT('',(4.835088396989E-1,8.011181758333E0,-9.812523467115E-1));
#22=CARTESIAN_POINT('',(6.124611261829E-1,8.011181758333E0,-1.212894842934E0));
#23=CARTESIAN_POINT('',(7.321771060357E-1,8.011181758333E0,-1.449470212017E0));
#24=CARTESIAN_POINT('',(8.409319975177E-1,8.011181758333E0,-1.691283468160E0));
#25=CARTESIAN_POINT('',(9.404293118507E-1,8.011181758333E0,-1.937014737188E0));
#26=CARTESIAN_POINT('',(1.032903947034E0,8.011181758333E0,-2.185451068354E0));
#27=CARTESIAN_POINT('',(1.118655155199E0,8.011181758333E0,-2.436295348773E0));
#28=CARTESIAN_POINT('',(1.197126772262E0,8.011181758333E0,-2.689512766639E0));
#29=CARTESIAN_POINT('',(1.255650990570E0,8.011181758333E0,-2.902544700691E0));
#30=CARTESIAN_POINT('',(1.298565779707E0,8.011181758333E0,-3.073971228369E0));
#31=CARTESIAN_POINT('',(1.328931378627E0,8.011181758333E0,-3.202954031652E0));
#32=CARTESIAN_POINT('',(1.357491136428E0,8.011181758333E0,-3.332437684751E0));
#33=CARTESIAN_POINT('',(1.379743693502E0,8.011181758333E0,-3.440608145099E0));
#34=CARTESIAN_POINT('',(1.396562312124E0,8.011181758333E0,-3.527208750625E0));
#35=CARTESIAN_POINT('',(1.408687897569E0,8.011181758333E0,-3.592379667054E0));
#36=CARTESIAN_POINT('',(1.420330761397E0,8.011181758333E0,-3.657978855670E0));
#37=CARTESIAN_POINT('',(1.429578738872E0,8.011181758333E0,-3.712487723747E0));
#38=CARTESIAN_POINT('',(1.436672181348E0,8.011181758333E0,-3.755498269215E0));
#39=CARTESIAN_POINT('',(1.441815893213E0,8.011181758333E0,-3.787716349546E0));
#40=CARTESIAN_POINT('',(1.446742115877E0,8.011181758333E0,-3.820445090483E0));
#41=CARTESIAN_POINT('',(1.451418705333E0,8.011181758333E0,-3.854420378202E0));
#42=CARTESIAN_POINT('',(1.455064509951E0,8.011181758333E0,-3.883348406711E0));
#43=CARTESIAN_POINT('',(1.457786112239E0,8.011181758333E0,-3.905033391984E0));
#44=CARTESIAN_POINT('',(1.459717981979E0,8.011181758333E0,-3.920289138462E0));
#45=CARTESIAN_POINT('',(1.461534682284E0,8.011181758333E0,-3.933902218484E0));
#46=CARTESIAN_POINT('',(1.463155613445E0,8.011181758333E0,-3.948755298586E0));
#47=CARTESIAN_POINT('',(1.464495556498E0,8.011181758333E0,-3.967851778336E0));
#48=CARTESIAN_POINT('',(1.465139278419E0,8.011181758333E0,-3.985848142071E0));
#49=CARTESIAN_POINT('',(1.465540026695E0,8.011181758333E0,-3.985799550557E0));
#51=DIRECTION('',(9.372077125390E-2,0.E0,-9.955985220136E-1));
#52=VECTOR('',#51,2.159579023648E-2);
#53=CARTESIAN_POINT('',(1.465540026695E0,8.011181758333E0,-3.985799550557E0));
#54=LINE('',#53,#52);
#55=DIRECTION('',(4.788946995838E-1,0.E0,-8.778723521734E-1));
#56=VECTOR('',#55,1.E0);
#57=CARTESIAN_POINT('',(1.467564000812E0,8.011181758333E0,-4.007300287398E0));
#58=LINE('',#57,#56);
#59=CARTESIAN_POINT('',(2.857313959468E-2,1.118175833303E-2,
-2.832428319764E-2));
#60=CARTESIAN_POINT('',(2.857313959468E-2,1.798726466953E-1,
-2.832428320372E-2));
#61=CARTESIAN_POINT('',(2.857313959468E-2,5.171731206731E-1,
-4.431871458601E-2));
#62=CARTESIAN_POINT('',(2.857313959468E-2,1.019500636343E0,-1.035826610120E-1));
#63=CARTESIAN_POINT('',(2.857313959468E-2,1.518069471202E0,-1.855803429850E-1));
#64=CARTESIAN_POINT('',(2.857313959468E-2,2.014295883942E0,-2.786106826413E-1));
#65=CARTESIAN_POINT('',(2.857313959468E-2,2.510067475616E0,-3.716018017987E-1));
#66=CARTESIAN_POINT('',(2.857313959468E-2,2.921406314732E0,-4.392019464897E-1));
#67=CARTESIAN_POINT('',(2.857313959468E-2,3.254468709801E0,-4.825252106364E-1));
#68=CARTESIAN_POINT('',(2.857313959468E-2,3.501638844996E0,-5.074947501699E-1));
#69=CARTESIAN_POINT('',(2.857313959468E-2,3.710966927651E0,-5.212281462120E-1));
#70=CARTESIAN_POINT('',(2.857313959468E-2,3.878640814737E0,-5.272090705138E-1));
#71=CARTESIAN_POINT('',(2.857313959468E-2,4.004491293267E0,-5.288185841506E-1));
#72=CARTESIAN_POINT('',(2.857313959468E-2,4.130338797969E0,-5.274465134189E-1));
#73=CARTESIAN_POINT('',(2.857313959468E-2,4.298028815151E0,-5.220357666838E-1));
#74=CARTESIAN_POINT('',(2.857313959468E-2,4.507355105175E0,-5.085921972914E-1));
#75=CARTESIAN_POINT('',(2.857313959468E-2,4.761226160175E0,-4.833077576762E-1));
#76=CARTESIAN_POINT('',(2.857313959468E-2,5.094323982908E0,-4.402927198104E-1));
#77=CARTESIAN_POINT('',(2.857313959468E-2,5.512287188520E0,-3.715986979772E-1));
#78=CARTESIAN_POINT('',(2.857313959468E-2,6.008088635986E0,-2.786178812388E-1));
#79=CARTESIAN_POINT('',(2.857313959468E-2,6.504253880375E0,-1.855668576121E-1));
#80=CARTESIAN_POINT('',(2.857313959468E-2,7.002921424274E0,-1.036020484019E-1));
#81=CARTESIAN_POINT('',(2.857313959468E-2,7.505101995013E0,-4.429008323764E-2));
#82=CARTESIAN_POINT('',(2.857313959468E-2,7.842443899370E0,-2.832428319764E-2));
#83=CARTESIAN_POINT('',(2.857313959468E-2,8.011181758333E0,-2.832428319764E-2));
#85=CARTESIAN_POINT('',(-2.158859439636E-1,7.509339253997E0,3.996529665987E-1));
#86=CARTESIAN_POINT('',(-2.155697741590E-1,7.519134009234E0,3.998275374466E-1));
#87=CARTESIAN_POINT('',(-2.141905161030E-1,7.538477958843E0,3.987463789052E-1));
#88=CARTESIAN_POINT('',(-2.098923979688E-1,7.566985218371E0,3.928791986694E-1));
#89=CARTESIAN_POINT('',(-2.034033206952E-1,7.594094916983E0,3.827849255551E-1));
#90=CARTESIAN_POINT('',(-1.950009789731E-1,7.618626428526E0,3.689174436416E-1));
#91=CARTESIAN_POINT('',(-1.849264415858E-1,7.640027049444E0,3.517141583458E-1));
#92=CARTESIAN_POINT('',(-1.734115763E-1,7.657822170254E0,3.316020543926E-1));
#93=CARTESIAN_POINT('',(-1.607321480999E-1,7.671546173424E0,3.090887475900E-1));
#94=CARTESIAN_POINT('',(-1.472627747816E-1,7.680771080167E0,2.848619906634E-1));
#95=CARTESIAN_POINT('',(-1.334015987747E-1,7.685254506851E0,2.596560163455E-1));
#96=CARTESIAN_POINT('',(-1.195383958806E-1,7.684922414474E0,2.341891709250E-1));
#97=CARTESIAN_POINT('',(-1.060505041913E-1,7.679841120778E0,2.091540450831E-1));
#98=CARTESIAN_POINT('',(-9.329220388758E-2,7.670196122706E0,1.851975946763E-1));
#99=CARTESIAN_POINT('',(-8.159270574276E-2,7.656267830819E0,1.629181114377E-1));
#100=CARTESIAN_POINT('',(-7.126264290136E-2,7.638446728095E0,
1.428812225785E-1));
#101=CARTESIAN_POINT('',(-6.256594753907E-2,7.617160164245E0,
1.255671848503E-1));
#102=CARTESIAN_POINT('',(-5.576596597536E-2,7.593059783795E0,
1.114723132540E-1));
#103=CARTESIAN_POINT('',(-5.097836288336E-2,7.566396099796E0,
1.007998982824E-1));
#104=CARTESIAN_POINT('',(-4.846280294151E-2,7.537934581132E0,
9.405799576515E-2));
#105=CARTESIAN_POINT('',(-4.834833628142E-2,7.518899473378E0,
9.235310641904E-2));
#106=CARTESIAN_POINT('',(-4.867244404678E-2,7.509260780604E0,
9.217344710061E-2));
#108=CARTESIAN_POINT('',(-4.867244404678E-2,7.509260780604E0,
9.217344710061E-2));
#109=CARTESIAN_POINT('',(-4.899568033851E-2,7.499656866373E0,
9.199487173673E-2));
#110=CARTESIAN_POINT('',(-5.038894904424E-2,7.480710973783E0,
9.299459936505E-2));
#111=CARTESIAN_POINT('',(-5.470644707373E-2,7.452740108132E0,
9.852487241958E-2));
#112=CARTESIAN_POINT('',(-6.121318748464E-2,7.426049268810E0,
1.081014942293E-1));
#113=CARTESIAN_POINT('',(-6.961440130736E-2,7.401805434261E0,
1.213113627491E-1));
#114=CARTESIAN_POINT('',(-7.965681316391E-2,7.380527216846E0,
1.377651844180E-1));
#115=CARTESIAN_POINT('',(-9.111526687715E-2,7.362642563394E0,
1.571160738676E-1));
#116=CARTESIAN_POINT('',(-1.037365868869E-1,7.348597764149E0,
1.789651026753E-1));
#117=CARTESIAN_POINT('',(-1.171603766348E-1,7.338861192174E0,
2.027140389894E-1));
#118=CARTESIAN_POINT('',(-1.309954573536E-1,7.333745093584E0,
2.276861312826E-1));
#119=CARTESIAN_POINT('',(-1.448695164169E-1,7.333408585171E0,
2.532159970491E-1));
#120=CARTESIAN_POINT('',(-1.584083351756E-1,7.337893048236E0,
2.786143831625E-1));
#121=CARTESIAN_POINT('',(-1.712181995372E-1,7.347088221639E0,
3.031327710987E-1));
#122=CARTESIAN_POINT('',(-1.829333648434E-1,7.360715626530E0,
3.260507826567E-1));
#123=CARTESIAN_POINT('',(-1.932726226871E-1,7.378413043293E0,
3.467914396976E-1));
#124=CARTESIAN_POINT('',(-2.020130151872E-1,7.399881369780E0,
3.648882113274E-1));
#125=CARTESIAN_POINT('',(-2.088331768155E-1,7.424397422206E0,
3.796543486867E-1));
#126=CARTESIAN_POINT('',(-2.135845698711E-1,7.451433769567E0,
3.907441403648E-1));
#127=CARTESIAN_POINT('',(-2.160774665164E-1,7.480221371791E0,
3.977199521959E-1));
#128=CARTESIAN_POINT('',(-2.162014178398E-1,7.499559280950E0,
3.994781374973E-1));
#129=CARTESIAN_POINT('',(-2.158859439636E-1,7.509339253997E0,
3.996529665987E-1));
#131=CARTESIAN_POINT('',(-2.158933276673E-1,5.130246026707E-1,
3.996489050090E-1));
#132=CARTESIAN_POINT('',(-2.162124430370E-1,5.229155377392E-1,
3.994720683352E-1));
#133=CARTESIAN_POINT('',(-2.160720530727E-1,5.423739987579E-1,
3.976731375263E-1));
#134=CARTESIAN_POINT('',(-2.135892968596E-1,5.708730759642E-1,
3.907393472762E-1));
#135=CARTESIAN_POINT('',(-2.089038196536E-1,5.976568395556E-1,
3.797940695035E-1));
#136=CARTESIAN_POINT('',(-2.021467510023E-1,6.220887428945E-1,
3.651535566614E-1));
#137=CARTESIAN_POINT('',(-1.934947349553E-1,6.435003182307E-1,
3.472269495470E-1));
#138=CARTESIAN_POINT('',(-1.831732284620E-1,6.613205323804E-1,
3.265091288151E-1));
#139=CARTESIAN_POINT('',(-1.714570320648E-1,6.750580318205E-1,
3.035796900848E-1));
#140=CARTESIAN_POINT('',(-1.586676846761E-1,6.843348556997E-1,
2.790918306744E-1));
#141=CARTESIAN_POINT('',(-1.451581683567E-1,6.889078045244E-1,
2.537389903796E-1));
#142=CARTESIAN_POINT('',(-1.313038047376E-1,6.886737452517E-1,
2.282351542089E-1));
#143=CARTESIAN_POINT('',(-1.174873428419E-1,6.836710510029E-1,
2.032857411460E-1));
#144=CARTESIAN_POINT('',(-1.040857503002E-1,6.740721847973E-1,
1.795635840498E-1));
#145=CARTESIAN_POINT('',(-9.145781402336E-2,6.601635565118E-1,
1.576886618368E-1));
#146=CARTESIAN_POINT('',(-7.994429401428E-2,6.423534931876E-1,
1.382292357792E-1));
#147=CARTESIAN_POINT('',(-6.983139909253E-2,6.210723822038E-1,
1.216462251090E-1));
#148=CARTESIAN_POINT('',(-6.143268351761E-2,5.970166545541E-1,
1.084242058583E-1));
#149=CARTESIAN_POINT('',(-5.485081231798E-2,5.703650406375E-1,
9.870808655011E-2));
#150=CARTESIAN_POINT('',(-5.040649555537E-2,5.418532049441E-1,
9.299264816965E-2));
#151=CARTESIAN_POINT('',(-4.900535507590E-2,5.227704583251E-1,
9.198959920907E-2));
#152=CARTESIAN_POINT('',(-4.867994665603E-2,5.131028074047E-1,
9.216934573376E-2));
#154=CARTESIAN_POINT('',(-4.867994665603E-2,5.131028074047E-1,
9.216934573376E-2));
#155=CARTESIAN_POINT('',(-4.835654261812E-2,5.034857815155E-1,
9.234859015539E-2));
#156=CARTESIAN_POINT('',(-4.847598128207E-2,4.845191839595E-1,
9.405713361798E-2));
#157=CARTESIAN_POINT('',(-5.092264192469E-2,4.565150070467E-1,
1.006403069318E-1));
#158=CARTESIAN_POINT('',(-5.564843462784E-2,4.298335915931E-1,
1.112039454824E-1));
#159=CARTESIAN_POINT('',(-6.243534280466E-2,4.056096827216E-1,
1.252855119288E-1));
#160=CARTESIAN_POINT('',(-7.105811675723E-2,3.843642452979E-1,
1.424635033633E-1));
#161=CARTESIAN_POINT('',(-8.131816185910E-2,3.665044627161E-1,
1.623764113580E-1));
#162=CARTESIAN_POINT('',(-9.299501071651E-2,3.524577239187E-1,
1.846227413584E-1));
#163=CARTESIAN_POINT('',(-1.057720850377E-1,3.426784447907E-1,
2.086220661664E-1));
#164=CARTESIAN_POINT('',(-1.192896071617E-1,3.374891219034E-1,
2.337178838214E-1));
#165=CARTESIAN_POINT('',(-1.331852854174E-1,3.370737520802E-1,
2.592489138252E-1));
#166=CARTESIAN_POINT('',(-1.470793119325E-1,3.414973873150E-1,
2.845182958532E-1));
#167=CARTESIAN_POINT('',(-1.605551485528E-1,3.506621938154E-1,
3.087599511859E-1));
#168=CARTESIAN_POINT('',(-1.732123657301E-1,3.642825311143E-1,
3.312380187909E-1));
#169=CARTESIAN_POINT('',(-1.847433250544E-1,3.819882988210E-1,
3.513849140812E-1));
#170=CARTESIAN_POINT('',(-1.949074421838E-1,4.034762909874E-1,
3.687475009537E-1));
#171=CARTESIAN_POINT('',(-2.033422131019E-1,4.280409188120E-1,
3.826721150696E-1));
#172=CARTESIAN_POINT('',(-2.098522958769E-1,4.551124709211E-1,
3.928078193013E-1));
#173=CARTESIAN_POINT('',(-2.142055239668E-1,4.839068516186E-1,
3.987555710515E-1));
#174=CARTESIAN_POINT('',(-2.155776334817E-1,5.032465692619E-1,
3.998231949386E-1));
#175=CARTESIAN_POINT('',(-2.158933276673E-1,5.130246026707E-1,
3.996489050090E-1));
#177=CARTESIAN_POINT('',(1.352950669463E-2,1.118175833303E-2,
-4.477616486019E-2));
#178=CARTESIAN_POINT('',(1.352950669463E-2,1.793526557711E-1,
-4.477616486626E-2));
#179=CARTESIAN_POINT('',(1.352951563859E-2,5.157508506147E-1,
-6.072217526420E-2));
#180=CARTESIAN_POINT('',(1.352951204379E-2,1.017135429466E0,
-1.198691066633E-1));
#181=CARTESIAN_POINT('',(1.352951300705E-2,1.515157665349E0,
-2.017736097066E-1));
#182=CARTESIAN_POINT('',(1.352951274883E-2,2.011203439803E0,
-2.947690742836E-1));
#183=CARTESIAN_POINT('',(1.352951281845E-2,2.507155656755E0,
-3.877950580392E-1));
#184=CARTESIAN_POINT('',(1.352951280169E-2,2.918947156326E0,
-4.554724061928E-1));
#185=CARTESIAN_POINT('',(1.352951280383E-2,3.252566183247E0,
-4.988689377288E-1));
#186=CARTESIAN_POINT('',(1.352951280343E-2,3.458480422412E0,
-5.196714894277E-1));
#187=CARTESIAN_POINT('',(1.352951280347E-2,3.626269594317E0,
-5.321595302252E-1));
#188=CARTESIAN_POINT('',(1.352951280346E-2,3.748840700141E0,
-5.390416589982E-1));
#189=CARTESIAN_POINT('',(1.352951280347E-2,3.878238873823E0,
-5.436574884019E-1));
#190=CARTESIAN_POINT('',(1.352951280347E-2,4.004470809949E0,
-5.452719754618E-1));
#191=CARTESIAN_POINT('',(1.352951280347E-2,4.130700813511E0,
-5.438956644824E-1));
#192=CARTESIAN_POINT('',(1.352951280347E-2,4.253390167011E0,
-5.399367614205E-1));
#193=CARTESIAN_POINT('',(1.352951280346E-2,4.382693225720E0,
-5.330852139647E-1));
#194=CARTESIAN_POINT('',(1.352951280348E-2,4.550486884043E0,
-5.208306428042E-1));
#195=CARTESIAN_POINT('',(1.352951280337E-2,4.763115861451E0,
-4.996530845227E-1));
#196=CARTESIAN_POINT('',(1.352951280399E-2,5.096775893396E0,
-4.565644106554E-1));
#197=CARTESIAN_POINT('',(1.352951279946E-2,5.515198583582E0,
-3.877920319895E-1));
#198=CARTESIAN_POINT('',(1.352951281812E-2,6.011181758333E0,
-2.947761469672E-1));
#199=CARTESIAN_POINT('',(1.352951274888E-2,6.507164933084E0,
-2.017602621923E-1));
#200=CARTESIAN_POINT('',(1.352951296240E-2,6.918945993267E0,
-1.340795079713E-1));
#201=CARTESIAN_POINT('',(1.352951253163E-2,7.252564461204E0,
-9.068560202365E-2));
#202=CARTESIAN_POINT('',(1.352951438578E-2,7.587270004704E0,
-5.687337300768E-2));
#203=CARTESIAN_POINT('',(1.352950607727E-2,7.842962808480E0,
-4.477616593122E-2));
#204=CARTESIAN_POINT('',(1.352950607727E-2,8.011181758333E0,
-4.477616593122E-2));
#206=DIRECTION('',(-4.788946995838E-1,0.E0,8.778723521735E-1));
#207=VECTOR('',#206,1.E0);
#208=CARTESIAN_POINT('',(1.946458700395E0,1.118175833303E-2,-4.885172639571E0));
#209=LINE('',#208,#207);
#210=DIRECTION('',(-9.372077125384E-2,0.E0,9.955985220136E-1));
#211=VECTOR('',#210,2.159579023648E-2);
#212=CARTESIAN_POINT('',(1.467564000812E0,1.118175833303E-2,-4.007300287398E0));
#213=LINE('',#212,#211);
#214=CARTESIAN_POINT('',(1.465540026695E0,1.118175833303E-2,-3.985799550557E0));
#215=CARTESIAN_POINT('',(1.465139278419E0,1.118175833303E-2,-3.985848142071E0));
#216=CARTESIAN_POINT('',(1.464495556498E0,1.118175833303E-2,-3.967851778336E0));
#217=CARTESIAN_POINT('',(1.463155613444E0,1.118175833303E-2,-3.948755298586E0));
#218=CARTESIAN_POINT('',(1.461534682284E0,1.118175833303E-2,-3.933902218484E0));
#219=CARTESIAN_POINT('',(1.459717981979E0,1.118175833303E-2,-3.920289138462E0));
#220=CARTESIAN_POINT('',(1.457786112239E0,1.118175833303E-2,-3.905033391984E0));
#221=CARTESIAN_POINT('',(1.455064509950E0,1.118175833303E-2,-3.883348406711E0));
#222=CARTESIAN_POINT('',(1.451418705333E0,1.118175833303E-2,-3.854420378202E0));
#223=CARTESIAN_POINT('',(1.446742115877E0,1.118175833303E-2,-3.820445090483E0));
#224=CARTESIAN_POINT('',(1.441815893213E0,1.118175833303E-2,-3.787716349546E0));
#225=CARTESIAN_POINT('',(1.436672181347E0,1.118175833303E-2,-3.755498269215E0));
#226=CARTESIAN_POINT('',(1.429578738871E0,1.118175833303E-2,-3.712487723748E0));
#227=CARTESIAN_POINT('',(1.420330761397E0,1.118175833303E-2,-3.657978855670E0));
#228=CARTESIAN_POINT('',(1.408687897569E0,1.118175833303E-2,-3.592379667054E0));
#229=CARTESIAN_POINT('',(1.396562312124E0,1.118175833303E-2,-3.527208750625E0));
#230=CARTESIAN_POINT('',(1.379743693501E0,1.118175833303E-2,-3.440608145099E0));
#231=CARTESIAN_POINT('',(1.357491136427E0,1.118175833303E-2,-3.332437684751E0));
#232=CARTESIAN_POINT('',(1.328931378627E0,1.118175833303E-2,-3.202954031652E0));
#233=CARTESIAN_POINT('',(1.298565779706E0,1.118175833303E-2,-3.073971228369E0));
#234=CARTESIAN_POINT('',(1.255650990569E0,1.118175833304E-2,-2.902544700691E0));
#235=CARTESIAN_POINT('',(1.197126772262E0,1.118175833304E-2,-2.689512766639E0));
#236=CARTESIAN_POINT('',(1.118655155199E0,1.118175833304E-2,-2.436295348773E0));
#237=CARTESIAN_POINT('',(1.032903947034E0,1.118175833304E-2,-2.185451068354E0));
#238=CARTESIAN_POINT('',(9.404293118506E-1,1.118175833304E-2,
-1.937014737188E0));
#239=CARTESIAN_POINT('',(8.409319975176E-1,1.118175833304E-2,
-1.691283468160E0));
#240=CARTESIAN_POINT('',(7.321771060357E-1,1.118175833304E-2,
-1.449470212017E0));
#241=CARTESIAN_POINT('',(6.124611261828E-1,1.118175833305E-2,
-1.212894842934E0));
#242=CARTESIAN_POINT('',(4.835088396989E-1,1.118175833305E-2,
-9.812523467115E-1));
#243=CARTESIAN_POINT('',(3.697827542185E-1,1.118175833305E-2,
-7.918610780691E-1));
#244=CARTESIAN_POINT('',(2.763370299398E-1,1.118175833305E-2,
-6.418930340780E-1));
#245=CARTESIAN_POINT('',(2.065797955883E-1,1.118175833305E-2,
-5.291885986247E-1));
#246=CARTESIAN_POINT('',(1.392946545663E-1,1.118175833305E-2,
-4.150061937827E-1));
#247=CARTESIAN_POINT('',(8.735146443646E-2,1.118175833305E-2,
-3.174494717623E-1));
#248=CARTESIAN_POINT('',(5.067586316297E-2,1.118175833305E-2,
-2.369754406201E-1));
#249=CARTESIAN_POINT('',(2.731247798718E-2,1.118175833305E-2,
-1.750681069098E-1));
#250=CARTESIAN_POINT('',(1.212285687414E-2,1.118175833305E-2,
-1.214166093032E-1));
#251=CARTESIAN_POINT('',(8.010761850121E-3,1.118175833306E-2,
-7.752978571029E-2));
#252=CARTESIAN_POINT('',(9.424935291926E-3,1.118175833303E-2,
-5.503124868628E-2));
#253=CARTESIAN_POINT('',(1.352950669463E-2,1.118175833303E-2,
-4.477616486019E-2));
#255=CARTESIAN_POINT('',(1.352950669463E-2,1.118175833303E-2,
-4.477616486019E-2));
#256=CARTESIAN_POINT('',(1.633368523621E-2,1.118175833303E-2,
-3.777005309216E-2));
#257=CARTESIAN_POINT('',(2.231625915079E-2,1.118175833303E-2,
-3.253962827015E-2));
#258=CARTESIAN_POINT('',(2.857313959468E-2,1.118175833303E-2,
-2.832428319764E-2));
#260=DIRECTION('',(-4.788946995838E-1,0.E0,8.778723521735E-1));
#261=VECTOR('',#260,8.178418797632E-1);
#262=CARTESIAN_POINT('',(2.857313959468E-2,1.118175833303E-2,
-2.832428319764E-2));
#263=LINE('',#262,#261);
#264=DIRECTION('',(-8.778723521720E-1,-2.308248384097E-11,-4.788946995864E-1));
#265=VECTOR('',#264,5.E-1);
#266=CARTESIAN_POINT('',(7.584917436444E-2,1.118175834457E-2,
9.290838412893E-1));
#267=LINE('',#266,#265);
#268=DIRECTION('',(-8.778723521735E-1,0.E0,-4.788946995838E-1));
#269=VECTOR('',#268,1.142260226090E0);
#270=CARTESIAN_POINT('',(2.949217371867E0,8.011181758333E0,-4.338150271751E0));
#271=LINE('',#270,#269);
#272=CARTESIAN_POINT('',(1.946458700396E0,8.011181758333E0,-4.885172639571E0));
#273=CARTESIAN_POINT('',(1.946458700396E0,8.004665818548E0,-4.885172639571E0));
#274=CARTESIAN_POINT('',(1.945760722493E0,7.990824681044E0,-4.885553398707E0));
#275=CARTESIAN_POINT('',(1.944166395018E0,7.967692392445E0,-4.886423132188E0));
#276=CARTESIAN_POINT('',(1.942084191722E0,7.941956862364E0,-4.887559010450E0));
#277=CARTESIAN_POINT('',(1.939603776513E0,7.913389571572E0,-4.888912120266E0));
#278=CARTESIAN_POINT('',(1.936727102626E0,7.881715077532E0,-4.890481396111E0));
#279=CARTESIAN_POINT('',(1.933459656930E0,7.846611078142E0,-4.892263844802E0));
#280=CARTESIAN_POINT('',(1.929794587735E0,7.807700209779E0,-4.894263204055E0));
#281=CARTESIAN_POINT('',(1.925718791047E0,7.764561228383E0,-4.896486622330E0));
#282=CARTESIAN_POINT('',(1.921204271843E0,7.716742947395E0,-4.898949371399E0));
#283=CARTESIAN_POINT('',(1.916216415482E0,7.663731553303E0,-4.901670334153E0));
#284=CARTESIAN_POINT('',(1.910718464234E0,7.604933081596E0,-4.904669562577E0));
#285=CARTESIAN_POINT('',(1.904676644378E0,7.539666381148E0,-4.907965480826E0));
#286=CARTESIAN_POINT('',(1.898053462830E0,7.467157545148E0,-4.911578542029E0));
#287=CARTESIAN_POINT('',(1.890810011092E0,7.386523165243E0,-4.915529971455E0));
#288=CARTESIAN_POINT('',(1.882904735647E0,7.296756681276E0,-4.919842437270E0));
#289=CARTESIAN_POINT('',(1.874300924962E0,7.196680760637E0,-4.924535966259E0));
#290=CARTESIAN_POINT('',(1.864972922155E0,7.084926237038E0,-4.929624554698E0));
#291=CARTESIAN_POINT('',(1.854900397764E0,6.959910171440E0,-4.935119292663E0));
#292=CARTESIAN_POINT('',(1.844072722198E0,6.819789498025E0,-4.941025978783E0));
#293=CARTESIAN_POINT('',(1.832499592462E0,6.662411733284E0,-4.947339323171E0));
#294=CARTESIAN_POINT('',(1.820223911230E0,6.485252833241E0,-4.954035921670E0));
#295=CARTESIAN_POINT('',(1.807325989832E0,6.285316288238E0,-4.961071963047E0));
#296=CARTESIAN_POINT('',(1.793951737176E0,6.059077217327E0,-4.968367851443E0));
#297=CARTESIAN_POINT('',(1.780365791014E0,5.801838898144E0,-4.975779222344E0));
#298=CARTESIAN_POINT('',(1.767005262829E0,5.509148396824E0,-4.983067623802E0));
#299=CARTESIAN_POINT('',(1.754405411726E0,5.171044078635E0,-4.989941062627E0));
#300=CARTESIAN_POINT('',(1.744029310876E0,4.790066089793E0,-4.995601406853E0));
#301=CARTESIAN_POINT('',(1.737374352058E0,4.386133374834E0,-4.999231803113E0));
#302=CARTESIAN_POINT('',(1.735478606647E0,3.950820251878E0,-5.000265965342E0));
#303=CARTESIAN_POINT('',(1.738489263039E0,3.552333010014E0,-4.998623599701E0));
#304=CARTESIAN_POINT('',(1.745694460135E0,3.158939967635E0,-4.994693038851E0));
#305=CARTESIAN_POINT('',(1.756761027362E0,2.781024408390E0,-4.988656033158E0));
#306=CARTESIAN_POINT('',(1.769506683832E0,2.454577466960E0,-4.981703054959E0));
#307=CARTESIAN_POINT('',(1.782942134175E0,2.169077260481E0,-4.974373782155E0));
#308=CARTESIAN_POINT('',(1.796482921700E0,1.918682498867E0,-4.966987046080E0));
#309=CARTESIAN_POINT('',(1.809756943948E0,1.698093134178E0,-4.959745835121E0));
#310=CARTESIAN_POINT('',(1.822518182562E0,1.503107887508E0,-4.952784356590E0));
#311=CARTESIAN_POINT('',(1.834639759474E0,1.330253013391E0,-4.946171824690E0));
#312=CARTESIAN_POINT('',(1.846047319003E0,1.176633293169E0,-4.939948801741E0));
#313=CARTESIAN_POINT('',(1.856703359534E0,1.039791148597E0,-4.934135745530E0));
#314=CARTESIAN_POINT('',(1.866605195217E0,9.176410371515E-1,-4.928734121236E0));
#315=CARTESIAN_POINT('',(1.875767210705E0,8.084039729272E-1,-4.923736081778E0));
#316=CARTESIAN_POINT('',(1.884212538855E0,7.105483439563E-1,-4.919129007781E0));
#317=CARTESIAN_POINT('',(1.891969048418E0,6.227472675898E-1,-4.914897696352E0));
#318=CARTESIAN_POINT('',(1.899075612294E0,5.438639894861E-1,-4.911020941646E0));
#319=CARTESIAN_POINT('',(1.905572961990E0,4.729218849093E-1,-4.907476523915E0));
#320=CARTESIAN_POINT('',(1.911499786629E0,4.090632759391E-1,-4.904243337566E0));
#321=CARTESIAN_POINT('',(1.916893013922E0,3.515348558713E-1,-4.901301237888E0));
#322=CARTESIAN_POINT('',(1.921786509058E0,2.996754927365E-1,-4.898631750830E0));
#323=CARTESIAN_POINT('',(1.926212698878E0,2.528999558024E-1,-4.896217186982E0));
#324=CARTESIAN_POINT('',(1.930200795502E0,2.106887469570E-1,-4.894041610624E0));
#325=CARTESIAN_POINT('',(1.933775457952E0,1.725841851524E-1,-4.892091569829E0));
#326=CARTESIAN_POINT('',(1.936955896045E0,1.381823517925E-1,-4.890356585305E0));
#327=CARTESIAN_POINT('',(1.939754541667E0,1.071250516626E-1,-4.888829875241E0));
#328=CARTESIAN_POINT('',(1.942170866112E0,7.910694587583E-2,-4.887511728057E0));
#329=CARTESIAN_POINT('',(1.944203707529E0,5.386048408164E-2,-4.886402777562E0));
#330=CARTESIAN_POINT('',(1.945764471723E0,3.116073845928E-2,-4.885551353436E0));
#331=CARTESIAN_POINT('',(1.946458700395E0,1.757725161848E-2,-4.885172639571E0));
#332=CARTESIAN_POINT('',(1.946458700395E0,1.118175833303E-2,-4.885172639571E0));
#334=DIRECTION('',(8.778723521734E-1,1.010305753342E-11,4.788946995839E-1));
#335=VECTOR('',#334,1.142260226090E0);
#336=CARTESIAN_POINT('',(1.946458700395E0,1.118175833303E-2,-4.885172639571E0));
#337=LINE('',#336,#335);
#338=CARTESIAN_POINT('',(1.586518591287E0,5.161288090997E-1,-4.313330854987E0));
#339=CARTESIAN_POINT('',(1.585675439586E0,5.258125676482E-1,-4.313796138374E0));
#340=CARTESIAN_POINT('',(1.584777504218E0,5.447396063777E-1,-4.316123088538E0));
#341=CARTESIAN_POINT('',(1.585548836455E0,5.715575013700E-1,-4.323285198608E0));
#342=CARTESIAN_POINT('',(1.588354017324E0,5.969863677608E-1,-4.333999768029E0));
#343=CARTESIAN_POINT('',(1.593097266500E0,6.202654100263E-1,-4.347925273082E0));
#344=CARTESIAN_POINT('',(1.599651436460E0,6.409738210684E-1,-4.364733193016E0));
#345=CARTESIAN_POINT('',(1.607886931979E0,6.586924743574E-1,-4.384090921797E0));
#346=CARTESIAN_POINT('',(1.617650326991E0,6.730119914107E-1,-4.405622894872E0));
#347=CARTESIAN_POINT('',(1.628723776456E0,6.835129299614E-1,-4.428829198263E0));
#348=CARTESIAN_POINT('',(1.640831237881E0,6.898604841803E-1,-4.453116941875E0));
#349=CARTESIAN_POINT('',(1.653648757294E0,6.918422322871E-1,-4.477827194347E0));
#350=CARTESIAN_POINT('',(1.666810449065E0,6.894013900583E-1,-4.502252920910E0));
#351=CARTESIAN_POINT('',(1.679946480177E0,6.826473820488E-1,-4.525713053533E0));
#352=CARTESIAN_POINT('',(1.692687798029E0,6.718566095743E-1,-4.547561895015E0));
#353=CARTESIAN_POINT('',(1.704721364248E0,6.574093849268E-1,-4.567280985330E0));
#354=CARTESIAN_POINT('',(1.715767529876E0,6.397974228422E-1,-4.584438844176E0));
#355=CARTESIAN_POINT('',(1.725666037627E0,6.193641775518E-1,-4.598798825452E0));
#356=CARTESIAN_POINT('',(1.734127088059E0,5.968957359108E-1,-4.609975909338E0));
#357=CARTESIAN_POINT('',(1.741308179847E0,5.719176999158E-1,-4.618161825931E0));
#358=CARTESIAN_POINT('',(1.746909203725E0,5.446006938068E-1,-4.622820661327E0));
#359=CARTESIAN_POINT('',(1.749309898629E0,5.258380041206E-1,-4.623265161526E0));
#360=CARTESIAN_POINT('',(1.750167574910E0,5.162668499454E-1,-4.622793871288E0));
#362=CARTESIAN_POINT('',(1.750167574910E0,5.162668499454E-1,-4.622793871288E0));
#363=CARTESIAN_POINT('',(1.750696720489E0,5.103607246414E-1,-4.622502889022E0));
#364=CARTESIAN_POINT('',(1.751456195138E0,4.987674664310E-1,-4.621400718524E0));
#365=CARTESIAN_POINT('',(1.751784759012E0,4.821253739306E-1,-4.618372233840E0));
#366=CARTESIAN_POINT('',(1.751353798985E0,4.658941215933E-1,-4.613994130086E0));
#367=CARTESIAN_POINT('',(1.750175133674E0,4.501840922352E-1,-4.608315749135E0));
#368=CARTESIAN_POINT('',(1.748231596711E0,4.349069809412E-1,-4.601288164497E0));
#369=CARTESIAN_POINT('',(1.745567397915E0,4.205131073790E-1,-4.593096769713E0));
#370=CARTESIAN_POINT('',(1.742307147272E0,4.073533235440E-1,-4.584056233870E0));
#371=CARTESIAN_POINT('',(1.738296713411E0,3.947113237549E-1,-4.573720407239E0));
#372=CARTESIAN_POINT('',(1.732956329047E0,3.816055684146E-1,-4.560784383586E0));
#373=CARTESIAN_POINT('',(1.725839938455E0,3.684750819986E-1,-4.544509736974E0));
#374=CARTESIAN_POINT('',(1.716788681725E0,3.565499348268E-1,-4.524871628556E0));
#375=CARTESIAN_POINT('',(1.705795853985E0,3.471245017498E-1,-4.502140805355E0));
#376=CARTESIAN_POINT('',(1.693098400409E0,3.414811839360E-1,-4.477035664127E0));
#377=CARTESIAN_POINT('',(1.679367007858E0,3.405828333150E-1,-4.451012436272E0));
#378=CARTESIAN_POINT('',(1.665400504381E0,3.446056400261E-1,-4.425595696041E0));
#379=CARTESIAN_POINT('',(1.651632700654E0,3.532902779059E-1,-4.401533977784E0));
#380=CARTESIAN_POINT('',(1.638275713042E0,3.664843242635E-1,-4.379187093287E0));
#381=CARTESIAN_POINT('',(1.625704695489E0,3.838927956032E-1,-4.359196940972E0));
#382=CARTESIAN_POINT('',(1.614274745784E0,4.051048939761E-1,-4.342148108637E0));
#383=CARTESIAN_POINT('',(1.604363557153E0,4.294515475670E-1,-4.328616491202E0));
#384=CARTESIAN_POINT('',(1.596133422635E0,4.566562382588E-1,-4.318856231601E0));
#385=CARTESIAN_POINT('',(1.589930523648E0,4.861341494098E-1,-4.313402617520E0));
#386=CARTESIAN_POINT('',(1.587398904080E0,5.060208266823E-1,-4.312845732340E0));
#387=CARTESIAN_POINT('',(1.586518591287E0,5.161288090997E-1,-4.313330854987E0));
#389=CARTESIAN_POINT('',(1.586517575727E0,7.506239322962E0,-4.313330638553E0));
#390=CARTESIAN_POINT('',(1.587367351079E0,7.516006161568E0,-4.312862271763E0));
#391=CARTESIAN_POINT('',(1.589795259512E0,7.535257575048E0,-4.313362350824E0));
#392=CARTESIAN_POINT('',(1.595628667963E0,7.563627129191E0,-4.318360618191E0));
#393=CARTESIAN_POINT('',(1.603515429554E0,7.590466302411E0,-4.327558164328E0));
#394=CARTESIAN_POINT('',(1.613099958721E0,7.614710916310E0,-4.340503565794E0));
#395=CARTESIAN_POINT('',(1.624180670070E0,7.635979278855E0,-4.356890426259E0));
#396=CARTESIAN_POINT('',(1.636446772585E0,7.653676832872E0,-4.376252450916E0));
#397=CARTESIAN_POINT('',(1.649543136759E0,7.667339192409E0,-4.398015663571E0));
#398=CARTESIAN_POINT('',(1.663135768914E0,7.676654321072E0,-4.421618376721E0));
#399=CARTESIAN_POINT('',(1.676872475096E0,7.681393801075E0,-4.446452418463E0));
#400=CARTESIAN_POINT('',(1.690389889634E0,7.681435088410E0,-4.471871311951E0));
#401=CARTESIAN_POINT('',(1.703336473667E0,7.676766773112E0,-4.497230577120E0));
#402=CARTESIAN_POINT('',(1.715388447212E0,7.667463329637E0,-4.521920127222E0));
#403=CARTESIAN_POINT('',(1.726221224513E0,7.653671709544E0,-4.545310242066E0));
#404=CARTESIAN_POINT('',(1.735473715197E0,7.635759193448E0,-4.566648887718E0));
#405=CARTESIAN_POINT('',(1.742853319050E0,7.614215601827E0,-4.585278727969E0));
#406=CARTESIAN_POINT('',(1.748112129185E0,7.589956068616E0,-4.600524133125E0));
#407=CARTESIAN_POINT('',(1.751237292984E0,7.563028302406E0,-4.612337681346E0));
#408=CARTESIAN_POINT('',(1.752005728741E0,7.534403258759E0,-4.620069414789E0));
#409=CARTESIAN_POINT('',(1.751017386105E0,7.515560519890E0,-4.622325592964E0));
#410=CARTESIAN_POINT('',(1.750170561891E0,7.506100282857E0,-4.622791551349E0));
#412=CARTESIAN_POINT('',(1.750170561891E0,7.506100282857E0,-4.622791551349E0));
#413=CARTESIAN_POINT('',(1.749350751160E0,7.496944654801E0,-4.623242120195E0));
#414=CARTESIAN_POINT('',(1.747066975592E0,7.478950282434E0,-4.622848748105E0));
#415=CARTESIAN_POINT('',(1.741971928467E0,7.453306526336E0,-4.618783091030E0));
#416=CARTESIAN_POINT('',(1.735076691360E0,7.428348460936E0,-4.611135794082E0));
#417=CARTESIAN_POINT('',(1.726676536287E0,7.405370144697E0,-4.600185648148E0));
#418=CARTESIAN_POINT('',(1.716902934995E0,7.384644101670E0,-4.586126787638E0));
#419=CARTESIAN_POINT('',(1.705926014557E0,7.366636264445E0,-4.569186392504E0));
#420=CARTESIAN_POINT('',(1.693902900588E0,7.351749671167E0,-4.549582009937E0));
#421=CARTESIAN_POINT('',(1.681121930987E0,7.340519085341E0,-4.527752366975E0));
#422=CARTESIAN_POINT('',(1.667961115593E0,7.333377122535E0,-4.504328043047E0));
#423=CARTESIAN_POINT('',(1.654789882808E0,7.330561172762E0,-4.479963929519E0));
#424=CARTESIAN_POINT('',(1.641967082736E0,7.332150224791E0,-4.455326899944E0));
#425=CARTESIAN_POINT('',(1.629838930083E0,7.338076874810E0,-4.431089152989E0));
#426=CARTESIAN_POINT('',(1.618739012003E0,7.348105770443E0,-4.407932940608E0));
#427=CARTESIAN_POINT('',(1.608916947861E0,7.361907273217E0,-4.386400204514E0));
#428=CARTESIAN_POINT('',(1.600537847809E0,7.379141874012E0,-4.366874239052E0));
#429=CARTESIAN_POINT('',(1.593712369724E0,7.399758728908E0,-4.349573737921E0));
#430=CARTESIAN_POINT('',(1.588760646454E0,7.422837380374E0,-4.335298612347E0));
#431=CARTESIAN_POINT('',(1.585666354745E0,7.448712606468E0,-4.323945402030E0));
#432=CARTESIAN_POINT('',(1.584740840290E0,7.477021124080E0,-4.316179060727E0));
#433=CARTESIAN_POINT('',(1.585659440785E0,7.496373927961E0,-4.313804255957E0));
#434=CARTESIAN_POINT('',(1.586517575727E0,7.506239322962E0,-4.313330638553E0));
#436=CARTESIAN_POINT('',(1.467564000812E0,1.118175833303E-2,-4.007300287398E0));
#437=CARTESIAN_POINT('',(1.467564000810E0,5.410991041516E-2,-4.007300287400E0));
#438=CARTESIAN_POINT('',(1.463549398397E0,1.731574125131E-1,-4.013070268494E0));
#439=CARTESIAN_POINT('',(1.453711597427E0,4.467060927787E-1,-4.047570341687E0));
#440=CARTESIAN_POINT('',(1.445774300983E0,8.125541557930E-1,-4.109841803462E0));
#441=CARTESIAN_POINT('',(1.442767158364E0,1.264635577819E0,-4.195453210751E0));
#442=CARTESIAN_POINT('',(1.445766236277E0,1.804479848126E0,-4.295841767133E0));
#443=CARTESIAN_POINT('',(1.452354885695E0,2.325804466855E0,-4.379822648984E0));
#444=CARTESIAN_POINT('',(1.458525550622E0,2.793946077108E0,-4.438624598107E0));
#445=CARTESIAN_POINT('',(1.462229782329E0,3.103532631618E0,-4.468728502328E0));
#446=CARTESIAN_POINT('',(1.464720754212E0,3.367616304946E0,-4.487495590832E0));
#447=CARTESIAN_POINT('',(1.466200851002E0,3.566089620192E0,-4.498124247369E0));
#448=CARTESIAN_POINT('',(1.467283832593E0,3.781642524885E0,-4.505458975431E0));
#449=CARTESIAN_POINT('',(1.467687696593E0,3.999555579154E0,-4.508116295584E0));
#450=CARTESIAN_POINT('',(1.467345135208E0,4.217728690413E0,-4.505851428632E0));
#451=CARTESIAN_POINT('',(1.466402745108E0,4.423189516065E0,-4.499529304134E0));
#452=CARTESIAN_POINT('',(1.464909879866E0,4.633550883384E0,-4.488899127928E0));
#453=CARTESIAN_POINT('',(1.462447588530E0,4.898234427443E0,-4.470435229759E0));
#454=CARTESIAN_POINT('',(1.458661288771E0,5.218610849444E0,-4.439748844964E0));
#455=CARTESIAN_POINT('',(1.452457744566E0,5.688186770016E0,-4.381168977808E0));
#456=CARTESIAN_POINT('',(1.445774747363E0,6.217749415817E0,-4.295859676155E0));
#457=CARTESIAN_POINT('',(1.442758871352E0,6.757886305060E0,-4.195440214513E0));
#458=CARTESIAN_POINT('',(1.445774292446E0,7.209718191797E0,-4.109827172772E0));
#459=CARTESIAN_POINT('',(1.452352403438E0,7.512117254887E0,-4.058422596331E0));
#460=CARTESIAN_POINT('',(1.458529233103E0,7.711137648320E0,-4.030450587535E0));
#461=CARTESIAN_POINT('',(1.464531041099E0,7.877476706407E0,-4.011712814110E0));
#462=CARTESIAN_POINT('',(1.467564000812E0,7.967944992792E0,-4.007300287398E0));
#463=CARTESIAN_POINT('',(1.467564000812E0,8.011181758333E0,-4.007300287398E0));
#465=CARTESIAN_POINT('',(1.465540026695E0,1.118175833303E-2,-3.985799550557E0));
#466=CARTESIAN_POINT('',(1.465540026693E0,5.478948010704E-2,-3.985799550559E0));
#467=CARTESIAN_POINT('',(1.461547209076E0,1.750161417597E-1,-3.991630698846E0));
#468=CARTESIAN_POINT('',(1.451762756691E0,4.497985148210E-1,-4.026278875821E0));
#469=CARTESIAN_POINT('',(1.443868471516E0,8.163608497226E-1,-4.088668272619E0));
#470=CARTESIAN_POINT('',(1.440877617481E0,1.268679562464E0,-4.174324026825E0));
#471=CARTESIAN_POINT('',(1.443860450533E0,1.808286949306E0,-4.274668365528E0));
#472=CARTESIAN_POINT('',(1.450413396584E0,2.329019593136E0,-4.358551311781E0));
#473=CARTESIAN_POINT('',(1.456550605483E0,2.796433072819E0,-4.417260697775E0));
#474=CARTESIAN_POINT('',(1.460234745995E0,3.105458041676E0,-4.447308705958E0));
#475=CARTESIAN_POINT('',(1.462712206164E0,3.369019520791E0,-4.466038057712E0));
#476=CARTESIAN_POINT('',(1.464184275497E0,3.567080831761E0,-4.476644196483E0));
#477=CARTESIAN_POINT('',(1.465261374615E0,3.782167164780E0,-4.483962582086E0));
#478=CARTESIAN_POINT('',(1.465663053382E0,3.999582321793E0,-4.486613634300E0));
#479=CARTESIAN_POINT('',(1.465322344498E0,4.217255881164E0,-4.484354108032E0));
#480=CARTESIAN_POINT('',(1.464385073911E0,4.422268542848E0,-4.478046188109E0));
#481=CARTESIAN_POINT('',(1.462900306084E0,4.632189971119E0,-4.467438722864E0));
#482=CARTESIAN_POINT('',(1.460451370771E0,4.896348037834E0,-4.449012142664E0));
#483=CARTESIAN_POINT('',(1.456685607494E0,5.216140771104E0,-4.418382900932E0));
#484=CARTESIAN_POINT('',(1.450515698107E0,5.684981004497E0,-4.359896112913E0));
#485=CARTESIAN_POINT('',(1.443868915511E0,6.213942989141E0,-4.274686148812E0));
#486=CARTESIAN_POINT('',(1.440869375324E0,6.753841582553E0,-4.174311151073E0));
#487=CARTESIAN_POINT('',(1.443868463179E0,7.205911768995E0,-4.088653649838E0));
#488=CARTESIAN_POINT('',(1.450410927544E0,7.508901937671E0,-4.037151302129E0));
#489=CARTESIAN_POINT('',(1.456554267943E0,7.708650904757E0,-4.009086631131E0));
#490=CARTESIAN_POINT('',(1.462523524621E0,7.875902182983E0,-3.990258268716E0));
#491=CARTESIAN_POINT('',(1.465540026695E0,7.967266836910E0,-3.985799550556E0));
#492=CARTESIAN_POINT('',(1.465540026695E0,8.011181758333E0,-3.985799550557E0));
#494=CARTESIAN_POINT('',(1.542545654652E0,5.111817581143E-1,-4.336609762397E0));
#495=DIRECTION('',(-8.686432139923E-2,9.950925365983E-1,-4.738600293544E-2));
#496=DIRECTION('',(8.794587324277E-1,9.894102292991E-2,4.655781480463E-1));
#497=AXIS2_PLACEMENT_3D('',#494,#495,#496);
#499=CARTESIAN_POINT('',(1.706188316185E0,5.111817582295E-1,-4.646031053651E0));
#500=DIRECTION('',(8.928906064003E-2,-9.948140137945E-1,4.870874262541E-2));
#501=DIRECTION('',(8.795851742726E-1,1.017018369826E-1,4.647436471371E-1));
#502=AXIS2_PLACEMENT_3D('',#499,#500,#501);
#504=CARTESIAN_POINT('',(1.531436880169E0,5.111817583330E-1,-4.542015403401E0));
#505=DIRECTION('',(-8.778723521735E-1,0.E0,-4.788946995838E-1));
#506=DIRECTION('',(4.788946995838E-1,0.E0,-8.778723521735E-1));
#507=AXIS2_PLACEMENT_3D('',#504,#505,#506);
#509=DIRECTION('',(-8.778723521735E-1,-2.639219192936E-9,-4.788946995838E-1));
#510=VECTOR('',#509,1.081197586767E-1);
#511=CARTESIAN_POINT('',(1.566490389587E0,5.111817585353E-1,-4.380503380029E0));
#512=LINE('',#511,#510);
#513=CARTESIAN_POINT('',(1.682243581181E0,5.111817584557E-1,-4.602137436056E0));
#514=CARTESIAN_POINT('',(1.682772219959E0,5.069741193793E-1,-4.601849039828E0));
#515=CARTESIAN_POINT('',(1.683618794803E0,4.986693359439E-1,-4.600899268443E0));
#516=CARTESIAN_POINT('',(1.684291416546E0,4.867850896017E-1,-4.598502646798E0));
#517=CARTESIAN_POINT('',(1.684417705599E0,4.751857891767E-1,-4.595144558352E0));
#518=CARTESIAN_POINT('',(1.684001094960E0,4.639631043519E-1,-4.590862962371E0));
#519=CARTESIAN_POINT('',(1.683031864230E0,4.530507046551E-1,-4.585621568797E0));
#520=CARTESIAN_POINT('',(1.681528839276E0,4.427712831003E-1,-4.579559553107E0));
#521=CARTESIAN_POINT('',(1.679570613602E0,4.333750730177E-1,-4.572907106065E0));
#522=CARTESIAN_POINT('',(1.677066854184E0,4.243506362744E-1,-4.565335100163E0));
#523=CARTESIAN_POINT('',(1.673632692955E0,4.149978573064E-1,-4.555896215645E0));
#524=CARTESIAN_POINT('',(1.668939890887E0,4.056311417966E-1,-4.544068233406E0));
#525=CARTESIAN_POINT('',(1.662842705992E0,3.971291985155E-1,-4.529850354252E0));
#526=CARTESIAN_POINT('',(1.655302073282E0,3.904157553409E-1,-4.513453718155E0));
#527=CARTESIAN_POINT('',(1.646452879129E0,3.864048757691E-1,-4.495409020761E0));
#528=CARTESIAN_POINT('',(1.636746822074E0,3.857814273236E-1,-4.476770185929E0));
#529=CARTESIAN_POINT('',(1.626747315236E0,3.886689544505E-1,-4.458629572003E0));
#530=CARTESIAN_POINT('',(1.616769956834E0,3.948814419507E-1,-4.441518807498E0));
#531=CARTESIAN_POINT('',(1.606969815412E0,4.043102614756E-1,-4.425693217765E0));
#532=CARTESIAN_POINT('',(1.597620501040E0,4.167450213230E-1,-4.411608659162E0));
#533=CARTESIAN_POINT('',(1.588983569212E0,4.318946785588E-1,-4.399678963230E0));
#534=CARTESIAN_POINT('',(1.581343527250E0,4.492779135763E-1,-4.390308176588E0));
#535=CARTESIAN_POINT('',(1.574819330820E0,4.687160451670E-1,-4.383676670209E0));
#536=CARTESIAN_POINT('',(1.569678609626E0,4.897271628905E-1,-4.380156401725E0));
#537=CARTESIAN_POINT('',(1.567363965113E0,5.040312731115E-1,-4.380026964539E0));
#538=CARTESIAN_POINT('',(1.566490389587E0,5.111817585353E-1,-4.380503380029E0));
#540=CARTESIAN_POINT('',(1.567353982638E0,5.111817583445E-1,-4.607855829814E0));
#541=DIRECTION('',(7.353052194903E-11,-1.E0,-1.347906300464E-10));
#542=DIRECTION('',(-8.778723521735E-1,0.E0,-4.788946995838E-1));
#543=AXIS2_PLACEMENT_3D('',#540,#541,#542);
#545=CARTESIAN_POINT('',(1.487543262560E0,7.511181758333E0,-4.565960138380E0));
#546=DIRECTION('',(-8.778723521735E-1,0.E0,-4.788946995838E-1));
#547=DIRECTION('',(4.788946995838E-1,0.E0,-8.778723521735E-1));
#548=AXIS2_PLACEMENT_3D('',#545,#546,#547);
#550=CARTESIAN_POINT('',(1.487543262560E0,7.511181758333E0,-4.565960138380E0));
#551=DIRECTION('',(-8.778723521735E-1,0.E0,-4.788946995838E-1));
#552=DIRECTION('',(-4.788946995838E-1,0.E0,8.778723521735E-1));
#553=AXIS2_PLACEMENT_3D('',#550,#551,#552);
#555=CARTESIAN_POINT('',(1.487543262561E0,5.111817583330E-1,-4.565960138381E0));
#556=DIRECTION('',(-8.778723521735E-1,0.E0,-4.788946995838E-1));
#557=DIRECTION('',(4.788946995838E-1,0.E0,-8.778723521735E-1));
#558=AXIS2_PLACEMENT_3D('',#555,#556,#557);
#560=CARTESIAN_POINT('',(1.487543262561E0,5.111817583330E-1,-4.565960138381E0));
#561=DIRECTION('',(-8.778723521735E-1,0.E0,-4.788946995838E-1));
#562=DIRECTION('',(-4.788946995838E-1,5.625129991434E-14,8.778723521735E-1));
#563=AXIS2_PLACEMENT_3D('',#560,#561,#562);
#565=CARTESIAN_POINT('',(1.567353982638E0,7.511181758345E0,-4.607855829814E0));
#566=DIRECTION('',(7.353421344058E-11,-1.E0,-1.347973885291E-10));
#567=DIRECTION('',(-8.778723521735E-1,0.E0,-4.788946995838E-1));
#568=AXIS2_PLACEMENT_3D('',#565,#566,#567);
#570=CARTESIAN_POINT('',(1.495519777700E0,7.511181758322E0,-4.476174976988E0));
#571=DIRECTION('',(-7.352882885892E-11,1.E0,1.347870842716E-10));
#572=DIRECTION('',(-8.778723521735E-1,0.E0,-4.788946995838E-1));
#573=AXIS2_PLACEMENT_3D('',#570,#571,#572);
#575=CARTESIAN_POINT('',(1.531436880169E0,7.511181758333E0,-4.542015403401E0));
#576=DIRECTION('',(-8.778723521735E-1,0.E0,-4.788946995838E-1));
#577=DIRECTION('',(-4.788946995838E-1,0.E0,8.778723521735E-1));
#578=AXIS2_PLACEMENT_3D('',#575,#576,#577);
#580=DIRECTION('',(-8.778723521735E-1,4.163471392490E-9,-4.788946995838E-1));
#581=VECTOR('',#580,1.036002660852E-1);
#582=CARTESIAN_POINT('',(1.682246526891E0,7.511181757985E0,-4.602135829119E0));
#583=LINE('',#582,#581);
#584=CARTESIAN_POINT('',(1.566489287801E0,7.511181758133E0,-4.380503981073E0));
#585=CARTESIAN_POINT('',(1.567333121746E0,7.518095229663E0,-4.380043769148E0));
#586=CARTESIAN_POINT('',(1.569556263814E0,7.531935243638E0,-4.380141881313E0));
#587=CARTESIAN_POINT('',(1.574406674244E0,7.552158312869E0,-4.383350834375E0));
#588=CARTESIAN_POINT('',(1.580677310914E0,7.571333805511E0,-4.389584721063E0));
#589=CARTESIAN_POINT('',(1.588082445003E0,7.588643845375E0,-4.398537565924E0));
#590=CARTESIAN_POINT('',(1.596472479E0,7.603833357206E0,-4.409992988063E0));
#591=CARTESIAN_POINT('',(1.605612322563E0,7.616474387928E0,-4.423624445595E0));
#592=CARTESIAN_POINT('',(1.615239085214E0,7.626237325337E0,-4.439026416319E0));
#593=CARTESIAN_POINT('',(1.625107979496E0,7.632899534026E0,-4.455800657257E0));
#594=CARTESIAN_POINT('',(1.634962846058E0,7.636297941537E0,-4.473514998895E0));
#595=CARTESIAN_POINT('',(1.644541685420E0,7.636344300184E0,-4.491708973840E0));
#596=CARTESIAN_POINT('',(1.653593337078E0,7.633029123943E0,-4.509922487477E0));
#597=CARTESIAN_POINT('',(1.661888487816E0,7.626403899025E0,-4.527719123252E0));
#598=CARTESIAN_POINT('',(1.669199462513E0,7.616571612894E0,-4.544647408073E0));
#599=CARTESIAN_POINT('',(1.675279302551E0,7.603793198209E0,-4.560164968544E0));
#600=CARTESIAN_POINT('',(1.679933539014E0,7.588415876061E0,-4.573795194399E0));
#601=CARTESIAN_POINT('',(1.683012370910E0,7.571095730677E0,-4.585041578809E0));
#602=CARTESIAN_POINT('',(1.684507735083E0,7.551852671029E0,-4.593869882834E0));
#603=CARTESIAN_POINT('',(1.684296470746E0,7.531434360763E0,-4.599796594892E0));
#604=CARTESIAN_POINT('',(1.683087993728E0,7.517885718914E0,-4.601676684043E0));
#605=CARTESIAN_POINT('',(1.682246526891E0,7.511181757985E0,-4.602135829119E0));
#607=CARTESIAN_POINT('',(1.531436880169E0,7.511181758333E0,-4.542015403401E0));
#608=DIRECTION('',(-8.778723521735E-1,0.E0,-4.788946995838E-1));
#609=DIRECTION('',(4.788946995838E-1,0.E0,-8.778723521735E-1));
#610=AXIS2_PLACEMENT_3D('',#607,#608,#609);
#612=DIRECTION('',(-8.778723521734E-1,1.080377372646E-9,-4.788946995838E-1));
#613=VECTOR('',#612,1.081185036121E-1);
#614=CARTESIAN_POINT('',(1.566489287801E0,7.511181758133E0,-4.380503981073E0));
#615=LINE('',#614,#613);
#616=CARTESIAN_POINT('',(1.682246526891E0,7.511181757985E0,-4.602135829119E0));
#617=CARTESIAN_POINT('',(1.681429706442E0,7.504674758730E0,-4.602581335602E0));
#618=CARTESIAN_POINT('',(1.679332887534E0,7.491760860737E0,-4.602549665483E0));
#619=CARTESIAN_POINT('',(1.675059120038E0,7.473452201737E0,-4.599986427667E0));
#620=CARTESIAN_POINT('',(1.669530019872E0,7.455605192477E0,-4.594849267605E0));
#621=CARTESIAN_POINT('',(1.662992780811E0,7.439179580468E0,-4.587317623570E0));
#622=CARTESIAN_POINT('',(1.655545696940E0,7.424361403715E0,-4.577527555972E0));
#623=CARTESIAN_POINT('',(1.647320803854E0,7.411486468644E0,-4.565635478447E0));
#624=CARTESIAN_POINT('',(1.638438715042E0,7.400842403782E0,-4.551792098685E0));
#625=CARTESIAN_POINT('',(1.629116219104E0,7.392811759154E0,-4.536304814847E0));
#626=CARTESIAN_POINT('',(1.619630816668E0,7.387703754575E0,-4.519619904151E0));
#627=CARTESIAN_POINT('',(1.610249064074E0,7.385688016349E0,-4.502203665556E0));
#628=CARTESIAN_POINT('',(1.601226185175E0,7.386820840877E0,-4.484533052014E0));
#629=CARTESIAN_POINT('',(1.592804954397E0,7.391053828351E0,-4.467090719681E0));
#630=CARTESIAN_POINT('',(1.585215127952E0,7.398218472811E0,-4.450368703124E0));
#631=CARTESIAN_POINT('',(1.578624860263E0,7.408078930549E0,-4.434759722195E0));
#632=CARTESIAN_POINT('',(1.573142354800E0,7.420391971469E0,-4.420542970657E0));
#633=CARTESIAN_POINT('',(1.568844895375E0,7.435121771959E0,-4.407875810899E0));
#634=CARTESIAN_POINT('',(1.565935023703E0,7.451606804911E0,-4.397343825966E0));
#635=CARTESIAN_POINT('',(1.564411661776E0,7.470098903458E0,-4.388867616052E0));
#636=CARTESIAN_POINT('',(1.564479636686E0,7.490289242772E0,-4.382931969562E0));
#637=CARTESIAN_POINT('',(1.565635674466E0,7.504187382400E0,-4.380969760970E0));
#638=CARTESIAN_POINT('',(1.566489287801E0,7.511181758133E0,-4.380503981073E0));
#640=CARTESIAN_POINT('',(1.706191261990E0,7.511181759183E0,-4.646029446662E0));
#641=DIRECTION('',(-8.922555574869E-2,-9.948214069668E-1,-4.867410442953E-2));
#642=DIRECTION('',(8.795859983954E-1,-1.016295223453E-1,4.647579064574E-1));
#643=AXIS2_PLACEMENT_3D('',#640,#641,#642);
#645=CARTESIAN_POINT('',(1.542544552866E0,7.511181758565E0,-4.336610363440E0));
#646=DIRECTION('',(8.678326594278E-2,9.951017134348E-1,4.734178568061E-2));
#647=DIRECTION('',(8.794604569570E-1,-9.884871497434E-2,4.655944976017E-1));
#648=AXIS2_PLACEMENT_3D('',#645,#646,#647);
#650=CARTESIAN_POINT('',(1.495519777700E0,5.111817583215E-1,-4.476174976988E0));
#651=DIRECTION('',(-7.353163911095E-11,1.E0,1.347926076312E-10));
#652=DIRECTION('',(-8.778723521735E-1,0.E0,-4.788946995838E-1));
#653=AXIS2_PLACEMENT_3D('',#650,#651,#652);
#655=CARTESIAN_POINT('',(1.531436880169E0,5.111817583330E-1,-4.542015403401E0));
#656=DIRECTION('',(-8.778723521735E-1,0.E0,-4.788946995838E-1));
#657=DIRECTION('',(-4.788946995838E-1,0.E0,8.778723521735E-1));
#658=AXIS2_PLACEMENT_3D('',#655,#656,#657);
#660=DIRECTION('',(-8.778723521734E-1,-3.819859803330E-10,-4.788946995838E-1));
#661=VECTOR('',#660,1.035969105741E-1);
#662=CARTESIAN_POINT('',(1.682243581181E0,5.111817584557E-1,-4.602137436056E0));
#663=LINE('',#662,#661);
#664=CARTESIAN_POINT('',(1.566490389587E0,5.111817585353E-1,-4.380503380029E0));
#665=CARTESIAN_POINT('',(1.565650598736E0,5.180563147332E-1,-4.380961604069E0));
#666=CARTESIAN_POINT('',(1.564521390997E0,5.316365016609E-1,-4.382883214359E0));
#667=CARTESIAN_POINT('',(1.564381375814E0,5.507682348603E-1,-4.388367014927E0));
#668=CARTESIAN_POINT('',(1.565711489194E0,5.689402685280E-1,-4.396379953756E0));
#669=CARTESIAN_POINT('',(1.568468435155E0,5.855691731420E-1,-4.406664358729E0));
#670=CARTESIAN_POINT('',(1.572571509688E0,6.003645553887E-1,-4.418980000789E0));
#671=CARTESIAN_POINT('',(1.577939947793E0,6.130237241170E-1,-4.433082767392E0));
#672=CARTESIAN_POINT('',(1.584475408876E0,6.232545353312E-1,-4.448698162667E0));
#673=CARTESIAN_POINT('',(1.592034420331E0,6.307566817365E-1,-4.465462395878E0));
#674=CARTESIAN_POINT('',(1.600430256718E0,6.352906074844E-1,-4.482946186463E0));
#675=CARTESIAN_POINT('',(1.609439358005E0,6.367041842725E-1,-4.500674519352E0));
#676=CARTESIAN_POINT('',(1.618804750191E0,6.349565974137E-1,-4.518139931792E0));
#677=CARTESIAN_POINT('',(1.628262646881E0,6.301258923784E-1,-4.534855715657E0));
#678=CARTESIAN_POINT('',(1.637545732441E0,6.224095773032E-1,-4.550362690001E0));
#679=CARTESIAN_POINT('',(1.646423758132E0,6.120794522762E-1,-4.564294196936E0));
#680=CARTESIAN_POINT('',(1.654687184398E0,5.994873138265E-1,-4.576347444769E0));
#681=CARTESIAN_POINT('',(1.662214791328E0,5.848780542389E-1,-4.586357201636E0));
#682=CARTESIAN_POINT('',(1.668781567631E0,5.688168242026E-1,-4.594058354121E0));
#683=CARTESIAN_POINT('',(1.674513238934E0,5.509538562511E-1,-4.599580939795E0));
#684=CARTESIAN_POINT('',(1.679188291518E0,5.314526332087E-1,-4.602546289112E0));
#685=CARTESIAN_POINT('',(1.681389733109E0,5.179789297212E-1,-4.602603119895E0));
#686=CARTESIAN_POINT('',(1.682243581181E0,5.111817584557E-1,-4.602137436056E0));
#688=DIRECTION('',(0.E0,1.E0,0.E0));
#689=VECTOR('',#688,7.999999999988E0);
#690=CARTESIAN_POINT('',(2.949217371867E0,1.118175834457E-2,-4.338150271751E0));
#691=LINE('',#690,#689);
#692=DIRECTION('',(4.788946995838E-1,0.E0,-8.778723521735E-1));
#693=VECTOR('',#692,6.E0);
#694=CARTESIAN_POINT('',(7.584917436444E-2,1.118175834457E-2,
9.290838412893E-1));
#695=LINE('',#694,#693);
#696=DIRECTION('',(0.E0,-1.E0,0.E0));
#697=VECTOR('',#696,7.999999999988E0);
#698=CARTESIAN_POINT('',(7.584917436444E-2,8.011181758333E0,9.290838412893E-1));
#699=LINE('',#698,#697);
#700=DIRECTION('',(-4.788946995838E-1,0.E0,8.778723521735E-1));
#701=VECTOR('',#700,6.E0);
#702=CARTESIAN_POINT('',(2.949217371867E0,8.011181758333E0,-4.338150271751E0));
#703=LINE('',#702,#701);
#704=CARTESIAN_POINT('',(-3.630870017216E-1,1.118175833303E-2,
6.896364914961E-1));
#705=CARTESIAN_POINT('',(-3.630870017216E-1,1.083821568712E-1,
6.896364914961E-1));
#706=CARTESIAN_POINT('',(-3.650468662878E-1,3.034994013588E-1,
6.885673511499E-1));
#707=CARTESIAN_POINT('',(-3.733749009805E-1,6.000159919802E-1,
6.840242627803E-1));
#708=CARTESIAN_POINT('',(-3.862305993382E-1,8.953001721178E-1,
6.770112548100E-1));
#709=CARTESIAN_POINT('',(-4.025623962642E-1,1.186381816086E0,
6.681019743625E-1));
#710=CARTESIAN_POINT('',(-4.211759088743E-1,1.469869855516E0,
6.579479781607E-1));
#711=CARTESIAN_POINT('',(-4.409534334022E-1,1.743007794665E0,
6.471589931291E-1));
#712=CARTESIAN_POINT('',(-4.608107758641E-1,2.002940643844E0,
6.363264660205E-1));
#713=CARTESIAN_POINT('',(-4.798089713045E-1,2.246473155827E0,
6.259626186166E-1));
#714=CARTESIAN_POINT('',(-4.972653729383E-1,2.471917808721E0,
6.164398466605E-1));
#715=CARTESIAN_POINT('',(-5.131319228808E-1,2.683228011786E0,
6.077843665678E-1));
#716=CARTESIAN_POINT('',(-5.272263581245E-1,2.881694568251E0,
6.000956059922E-1));
#717=CARTESIAN_POINT('',(-5.390281771938E-1,3.061598646893E0,
5.936575075787E-1));
#718=CARTESIAN_POINT('',(-5.482306366807E-1,3.216540836269E0,
5.886374052137E-1));
#719=CARTESIAN_POINT('',(-5.553870858465E-1,3.351709726039E0,
5.847334372109E-1));
#720=CARTESIAN_POINT('',(-5.611111260435E-1,3.475583865699E0,
5.816108733168E-1));
#721=CARTESIAN_POINT('',(-5.658229082110E-1,3.596631709621E0,
5.790405138562E-1));
#722=CARTESIAN_POINT('',(-5.695906928920E-1,3.720067208260E0,
5.769851215108E-1));
#723=CARTESIAN_POINT('',(-5.721680290653E-1,3.843465416871E0,
5.755791396168E-1));
#724=CARTESIAN_POINT('',(-5.734387740760E-1,3.966419908261E0,
5.748859260207E-1));
#725=CARTESIAN_POINT('',(-5.732330560822E-1,4.089156353709E0,
5.749981487790E-1));
#726=CARTESIAN_POINT('',(-5.715931500438E-1,4.212343428813E0,
5.758927461629E-1));
#727=CARTESIAN_POINT('',(-5.686813082121E-1,4.335661615054E0,
5.774812067355E-1));
#728=CARTESIAN_POINT('',(-5.646262675287E-1,4.458879145013E0,
5.796933022470E-1));
#729=CARTESIAN_POINT('',(-5.596342992321E-1,4.580587353167E0,
5.824165081342E-1));
#730=CARTESIAN_POINT('',(-5.535390149339E-1,4.707171407164E0,
5.857415921691E-1));
#731=CARTESIAN_POINT('',(-5.459627820505E-1,4.845518605429E0,
5.898745595211E-1));
#732=CARTESIAN_POINT('',(-5.363027187648E-1,5.003690037537E0,
5.951442927501E-1));
#733=CARTESIAN_POINT('',(-5.242541166005E-1,5.183561962293E0,
6.017170156518E-1));
#734=CARTESIAN_POINT('',(-5.101617948543E-1,5.379333231581E0,
6.094046232777E-1));
#735=CARTESIAN_POINT('',(-4.945019570239E-1,5.586420153706E0,
6.179473383031E-1));
#736=CARTESIAN_POINT('',(-4.773270258662E-1,5.807702305148E0,
6.273165631987E-1));
#737=CARTESIAN_POINT('',(-4.586444400747E-1,6.047399303280E0,
6.375082400272E-1));
#738=CARTESIAN_POINT('',(-4.392497920942E-1,6.302256498701E0,
6.480883592156E-1));
#739=CARTESIAN_POINT('',(-4.202014047562E-1,6.566885778108E0,
6.584795871763E-1));
#740=CARTESIAN_POINT('',(-4.022829749442E-1,6.841024322794E0,
6.682544035725E-1));
#741=CARTESIAN_POINT('',(-3.861779003194E-1,7.128202231346E0,
6.770400030450E-1));
#742=CARTESIAN_POINT('',(-3.732997027930E-1,7.423905342936E0,
6.840652847051E-1));
#743=CARTESIAN_POINT('',(-3.649890763273E-1,7.721741105440E0,
6.885988765819E-1));
#744=CARTESIAN_POINT('',(-3.630870017223E-1,7.915190109561E0,
6.896364914974E-1));
#745=CARTESIAN_POINT('',(-3.630870017223E-1,8.011181758333E0,
6.896364914974E-1));
#747=DIRECTION('',(-8.778723521735E-1,-2.131628207280E-14,-4.788946995838E-1));
#748=VECTOR('',#747,5.E-1);
#749=CARTESIAN_POINT('',(7.584917436444E-2,8.011181758333E0,9.290838412893E-1));
#750=LINE('',#749,#748);
#751=CARTESIAN_POINT('',(-2.597795624331E-1,7.511181758413E0,
3.757792271529E-1));
#752=DIRECTION('',(3.234969978890E-2,9.993208037562E-1,1.764732567974E-2));
#753=DIRECTION('',(8.778723693626E-1,-3.685008914765E-2,4.774747889046E-1));
#754=AXIS2_PLACEMENT_3D('',#751,#752,#753);
#756=CARTESIAN_POINT('',(-9.256606116964E-2,7.511181758894E0,
6.830589133381E-2));
#757=DIRECTION('',(-3.372750780517E-2,-9.992616944138E-1,-1.839894818793E-2));
#758=DIRECTION('',(8.778723423061E-1,-3.841957009756E-2,4.773511152679E-1));
#759=AXIS2_PLACEMENT_3D('',#756,#757,#758);
#761=CARTESIAN_POINT('',(-2.992141223651E-1,7.511181758333E0,
1.549213754939E-1));
#762=DIRECTION('',(-8.778723521735E-1,0.E0,-4.788946995838E-1));
#763=DIRECTION('',(4.788946995838E-1,0.E0,-8.778723521735E-1));
#764=AXIS2_PLACEMENT_3D('',#761,#762,#763);
#766=DIRECTION('',(-8.778723521734E-1,-1.543710060990E-10,-4.788946995838E-1));
#767=VECTOR('',#766,1.403861643992E-1);
#768=CARTESIAN_POINT('',(-2.358348274593E-1,7.511181758272E0,
3.318856095413E-1));
#769=LINE('',#768,#767);
#770=CARTESIAN_POINT('',(-1.165107961876E-1,7.511181757913E0,
1.121995089213E-1));
#771=CARTESIAN_POINT('',(-1.168308130681E-1,7.504407918149E0,
1.120250398665E-1));
#772=CARTESIAN_POINT('',(-1.180167602739E-1,7.490825675047E0,
1.126388244379E-1));
#773=CARTESIAN_POINT('',(-1.213842975519E-1,7.470946301932E0,
1.164396398233E-1));
#774=CARTESIAN_POINT('',(-1.263140059896E-1,7.451928810207E0,
1.231314189817E-1));
#775=CARTESIAN_POINT('',(-1.325770833113E-1,7.434664645912E0,
1.324286793738E-1));
#776=CARTESIAN_POINT('',(-1.399844404636E-1,7.419507390578E0,
1.440577024960E-1));
#777=CARTESIAN_POINT('',(-1.483671434689E-1,7.406766531036E0,
1.577750182298E-1));
#778=CARTESIAN_POINT('',(-1.575365996628E-1,7.396759158347E0,
1.732998042956E-1));
#779=CARTESIAN_POINT('',(-1.672278860002E-1,7.389819581843E0,
1.902087454811E-1));
#780=CARTESIAN_POINT('',(-1.771567582864E-1,7.386170484836E0,
2.080210302455E-1));
#781=CARTESIAN_POINT('',(-1.870552247781E-1,7.385925500324E0,
2.262624924027E-1));
#782=CARTESIAN_POINT('',(-1.966563755304E-1,7.389114285844E0,
2.444406142384E-1));
#783=CARTESIAN_POINT('',(-2.056821957732E-1,7.395658379902E0,
2.620190452931E-1));
#784=CARTESIAN_POINT('',(-2.138774162441E-1,7.405359509994E0,
2.784800645234E-1));
#785=CARTESIAN_POINT('',(-2.210485547920E-1,7.417959287426E0,
2.934076302521E-1));
#786=CARTESIAN_POINT('',(-2.270432323517E-1,7.433245615301E0,
3.064648585097E-1));
#787=CARTESIAN_POINT('',(-2.316437945110E-1,7.450699137502E0,
3.171549096193E-1));
#788=CARTESIAN_POINT('',(-2.347522138584E-1,7.469959525353E0,
3.252266152101E-1));
#789=CARTESIAN_POINT('',(-2.362464413110E-1,7.490421083459E0,
3.303601092185E-1));
#790=CARTESIAN_POINT('',(-2.361474763006E-1,7.504279513608E0,
3.317149356561E-1));
#791=CARTESIAN_POINT('',(-2.358348274593E-1,7.511181758272E0,
3.318856095413E-1));
#793=CARTESIAN_POINT('',(-2.632970198963E-1,7.511181758345E0,
8.908094908088E-2));
#794=DIRECTION('',(7.352868314214E-11,-1.E0,-1.347869177382E-10));
#795=DIRECTION('',(-8.778723521735E-1,0.E0,-4.788946995838E-1));
#796=AXIS2_PLACEMENT_3D('',#793,#794,#795);
#798=CARTESIAN_POINT('',(-3.431077399738E-1,5.111817583330E-1,
1.309766405147E-1));
#799=DIRECTION('',(-8.778723521735E-1,0.E0,-4.788946995838E-1));
#800=DIRECTION('',(-4.788946995838E-1,0.E0,8.778723521735E-1));
#801=AXIS2_PLACEMENT_3D('',#798,#799,#800);
#803=CARTESIAN_POINT('',(-3.431077399738E-1,5.111817583330E-1,
1.309766405147E-1));
#804=DIRECTION('',(-8.778723521735E-1,0.E0,-4.788946995838E-1));
#805=DIRECTION('',(4.788946995838E-1,0.E0,-8.778723521735E-1));
#806=AXIS2_PLACEMENT_3D('',#803,#804,#805);
#808=CARTESIAN_POINT('',(-3.431077399738E-1,7.511181758333E0,
1.309766405147E-1));
#809=DIRECTION('',(-8.778723521735E-1,0.E0,-4.788946995838E-1));
#810=DIRECTION('',(-4.788946995838E-1,0.E0,8.778723521735E-1));
#811=AXIS2_PLACEMENT_3D('',#808,#809,#810);
#813=CARTESIAN_POINT('',(-3.431077399738E-1,7.511181758333E0,
1.309766405147E-1));
#814=DIRECTION('',(-8.778723521735E-1,0.E0,-4.788946995838E-1));
#815=DIRECTION('',(4.788946995838E-1,0.E0,-8.778723521735E-1));
#816=AXIS2_PLACEMENT_3D('',#813,#814,#815);
#818=CARTESIAN_POINT('',(-3.351312248339E-1,5.111817583215E-1,
2.207618019069E-1));
#819=DIRECTION('',(-7.353265912835E-11,1.E0,1.347941758212E-10));
#820=DIRECTION('',(-8.778723521735E-1,0.E0,-4.788946995838E-1));
#821=AXIS2_PLACEMENT_3D('',#818,#819,#820);
#823=CARTESIAN_POINT('',(-2.632970198963E-1,5.111817583445E-1,
8.908094908088E-2));
#824=DIRECTION('',(7.353139624966E-11,-1.E0,-1.347918582306E-10));
#825=DIRECTION('',(-8.778723521735E-1,0.E0,-4.788946995838E-1));
#826=AXIS2_PLACEMENT_3D('',#823,#824,#825);
#828=CARTESIAN_POINT('',(-2.992141223651E-1,5.111817583330E-1,
1.549213754939E-1));
#829=DIRECTION('',(-8.778723521735E-1,0.E0,-4.788946995838E-1));
#830=DIRECTION('',(4.788946995838E-1,0.E0,-8.778723521735E-1));
#831=AXIS2_PLACEMENT_3D('',#828,#829,#830);
#833=DIRECTION('',(-8.778723521735E-1,-5.998218783462E-10,-4.788946995838E-1));
#834=VECTOR('',#833,1.403777499548E-1);
#835=CARTESIAN_POINT('',(-2.358422142674E-1,5.111817583342E-1,
3.318815799084E-1));
#836=LINE('',#835,#834);
#837=CARTESIAN_POINT('',(-1.165182999865E-1,5.111817588976E-1,
1.121954154680E-1));
#838=CARTESIAN_POINT('',(-1.161979410266E-1,5.043989303795E-1,
1.123702832582E-1));
#839=CARTESIAN_POINT('',(-1.161004157325E-1,4.908025847589E-1,
1.136870393981E-1));
#840=CARTESIAN_POINT('',(-1.175986816745E-1,4.709056295096E-1,
1.185201892237E-1));
#841=CARTESIAN_POINT('',(-1.207462572677E-1,4.519043304733E-1,
1.261853319084E-1));
#842=CARTESIAN_POINT('',(-1.253978511256E-1,4.346666230199E-1,
1.363464777880E-1));
#843=CARTESIAN_POINT('',(-1.313928124056E-1,4.195466604513E-1,
1.487025005495E-1));
#844=CARTESIAN_POINT('',(-1.385891882339E-1,4.068382107620E-1,
1.629952473662E-1));
#845=CARTESIAN_POINT('',(-1.468291251917E-1,3.968439428958E-1,
1.789381585548E-1));
#846=CARTESIAN_POINT('',(-1.558865204401E-1,3.898872805304E-1,
1.961166458308E-1));
#847=CARTESIAN_POINT('',(-1.655040237401E-1,3.861974482450E-1,
2.140619812734E-1));
#848=CARTESIAN_POINT('',(-1.754225155595E-1,3.859053171119E-1,
2.323020028829E-1));
#849=CARTESIAN_POINT('',(-1.853707800318E-1,3.890571924881E-1,
2.503389108566E-1));
#850=CARTESIAN_POINT('',(-1.950515910881E-1,3.955835210783E-1,
2.676253399994E-1));
#851=CARTESIAN_POINT('',(-2.041791517832E-1,4.052812512505E-1,
2.836355449621E-1));
#852=CARTESIAN_POINT('',(-2.125341451847E-1,4.178868889700E-1,
2.979638684617E-1));
#853=CARTESIAN_POINT('',(-2.199462316337E-1,4.331859866935E-1,
3.102858322811E-1));
#854=CARTESIAN_POINT('',(-2.261549869845E-1,4.506723523494E-1,
3.201352933479E-1));
#855=CARTESIAN_POINT('',(-2.310207660122E-1,4.699560816981E-1,
3.272616367448E-1));
#856=CARTESIAN_POINT('',(-2.343718116507E-1,4.904214024157E-1,
3.313828760649E-1));
#857=CARTESIAN_POINT('',(-2.355294670973E-1,5.042806609524E-1,
3.320520702893E-1));
#858=CARTESIAN_POINT('',(-2.358422142674E-1,5.111817583342E-1,
3.318815799084E-1));
#860=CARTESIAN_POINT('',(-2.992141223651E-1,5.111817583330E-1,
1.549213754939E-1));
#861=DIRECTION('',(-8.778723521735E-1,0.E0,-4.788946995838E-1));
#862=DIRECTION('',(-4.788946995838E-1,0.E0,8.778723521735E-1));
#863=AXIS2_PLACEMENT_3D('',#860,#861,#862);
#865=DIRECTION('',(-8.778723521735E-1,-3.440808543821E-9,-4.788946995838E-1));
#866=VECTOR('',#865,1.399223755328E-1);
#867=CARTESIAN_POINT('',(-1.165182999865E-1,5.111817588976E-1,
1.121954154680E-1));
#868=LINE('',#867,#866);
#869=CARTESIAN_POINT('',(-2.358422142674E-1,5.111817583342E-1,
3.318815799084E-1));
#870=CARTESIAN_POINT('',(-2.361585533788E-1,5.181642668816E-1,
3.317088925084E-1));
#871=CARTESIAN_POINT('',(-2.362469753593E-1,5.321068997274E-1,
3.303243186039E-1));
#872=CARTESIAN_POINT('',(-2.347572158029E-1,5.523639360572E-1,
3.252222806296E-1));
#873=CARTESIAN_POINT('',(-2.316930369489E-1,5.714444648727E-1,
3.172552789268E-1));
#874=CARTESIAN_POINT('',(-2.271363510490E-1,5.888382793252E-1,
3.066555710781E-1));
#875=CARTESIAN_POINT('',(-2.212038231392E-1,6.040843264759E-1,
2.937203901039E-1));
#876=CARTESIAN_POINT('',(-2.140465275605E-1,6.167716612356E-1,
2.788085114505E-1));
#877=CARTESIAN_POINT('',(-2.058517136804E-1,6.265512726848E-1,
2.623387184156E-1));
#878=CARTESIAN_POINT('',(-1.968413973426E-1,6.331535798383E-1,
2.447816390001E-1));
#879=CARTESIAN_POINT('',(-1.872621558755E-1,6.364054307808E-1,
2.266355286548E-1));
#880=CARTESIAN_POINT('',(-1.773789644656E-1,6.362334339655E-1,
2.084120197152E-1));
#881=CARTESIAN_POINT('',(-1.674647628364E-1,6.326651055104E-1,
1.906152104236E-1));
#882=CARTESIAN_POINT('',(-1.577909974385E-1,6.258235828134E-1,
1.737245204434E-1));
#883=CARTESIAN_POINT('',(-1.486184630161E-1,6.159131271536E-1,
1.581803755829E-1));
#884=CARTESIAN_POINT('',(-1.401973354601E-1,6.032252872273E-1,
1.443850647878E-1));
#885=CARTESIAN_POINT('',(-1.327396282985E-1,5.880657965536E-1,
1.326637800581E-1));
#886=CARTESIAN_POINT('',(-1.264803430935E-1,5.709355503327E-1,
1.233567982002E-1));
#887=CARTESIAN_POINT('',(-1.214971580690E-1,5.519453196791E-1,
1.165652995629E-1));
#888=CARTESIAN_POINT('',(-1.180334507616E-1,5.316821657485E-1,
1.126351894044E-1));
#889=CARTESIAN_POINT('',(-1.168403472233E-1,5.179982400467E-1,
1.120198466855E-1));
#890=CARTESIAN_POINT('',(-1.165182999865E-1,5.111817588976E-1,
1.121954154680E-1));
#892=CARTESIAN_POINT('',(-2.597869492513E-1,5.111817584815E-1,
3.757751975145E-1));
#893=DIRECTION('',(-3.235566663882E-2,9.993205530683E-1,-1.765058218796E-2));
#894=DIRECTION('',(8.778724315840E-1,3.685688677069E-2,4.774741498369E-1));
#895=AXIS2_PLACEMENT_3D('',#892,#893,#894);
#897=CARTESIAN_POINT('',(-9.257356494995E-2,5.111817574250E-1,
6.830179789065E-2));
#898=DIRECTION('',(3.372876450565E-2,-9.992616393318E-1,1.839963599502E-2));
#899=DIRECTION('',(8.778723657800E-1,3.842100269551E-2,4.773509567935E-1));
#900=AXIS2_PLACEMENT_3D('',#897,#898,#899);
#902=CARTESIAN_POINT('',(-3.351312248339E-1,7.511181758322E0,
2.207618019069E-1));
#903=DIRECTION('',(-7.352916886472E-11,1.E0,1.347877989777E-10));
#904=DIRECTION('',(-8.778723521735E-1,0.E0,-4.788946995838E-1));
#905=AXIS2_PLACEMENT_3D('',#902,#903,#904);
#907=CARTESIAN_POINT('',(-2.992141223651E-1,7.511181758333E0,
1.549213754939E-1));
#908=DIRECTION('',(-8.778723521735E-1,0.E0,-4.788946995838E-1));
#909=DIRECTION('',(-4.788946995838E-1,0.E0,8.778723521735E-1));
#910=AXIS2_PLACEMENT_3D('',#907,#908,#909);
#912=DIRECTION('',(-8.778723521735E-1,3.598028740587E-9,-4.788946995838E-1));
#913=VECTOR('',#912,1.399309232434E-1);
#914=CARTESIAN_POINT('',(-1.165107961876E-1,7.511181757913E0,
1.121995089213E-1));
#915=LINE('',#914,#913);
#916=CARTESIAN_POINT('',(-2.358348274593E-1,7.511181758272E0,
3.318856095413E-1));
#917=CARTESIAN_POINT('',(-2.355215479555E-1,7.518095955754E0,
3.320563939938E-1));
#918=CARTESIAN_POINT('',(-2.343589183536E-1,7.531956291293E0,
3.313774554536E-1));
#919=CARTESIAN_POINT('',(-2.310496532220E-1,7.552217796544E0,
3.273124820851E-1));
#920=CARTESIAN_POINT('',(-2.261985362244E-1,7.571528392937E0,
3.202159033163E-1));
#921=CARTESIAN_POINT('',(-2.200132190633E-1,7.588991162222E0,
3.104070998229E-1));
#922=CARTESIAN_POINT('',(-2.126657061638E-1,7.604227989409E0,
2.981986094091E-1));
#923=CARTESIAN_POINT('',(-2.043215750425E-1,7.616897204190E0,
2.838954667421E-1));
#924=CARTESIAN_POINT('',(-1.951774937613E-1,7.626668707379E0,
2.678604333780E-1));
#925=CARTESIAN_POINT('',(-1.855009341991E-1,7.633237799422E0,
2.505848365067E-1));
#926=CARTESIAN_POINT('',(-1.755757527649E-1,7.636432215852E0,
2.325934192271E-1));
#927=CARTESIAN_POINT('',(-1.656799007702E-1,7.636199345611E0,
2.143995354775E-1));
#928=CARTESIAN_POINT('',(-1.560827991086E-1,7.632586397285E0,
1.964979516318E-1));
#929=CARTESIAN_POINT('',(-1.470378015106E-1,7.625725317518E0,
1.793506209446E-1));
#930=CARTESIAN_POINT('',(-1.387806853906E-1,7.615815390277E0,
1.633845568376E-1));
#931=CARTESIAN_POINT('',(-1.315337734888E-1,7.603134556370E0,
1.490035324576E-1));
#932=CARTESIAN_POINT('',(-1.254860768500E-1,7.587985402051E0,
1.365503075865E-1));
#933=CARTESIAN_POINT('',(-1.208238644996E-1,7.570835838343E0,
1.263803410241E-1));
#934=CARTESIAN_POINT('',(-1.176316122068E-1,7.551846976737E0,
1.186377916675E-1));
#935=CARTESIAN_POINT('',(-1.160879530582E-1,7.531626012233E0,
1.136892792613E-1));
#936=CARTESIAN_POINT('',(-1.161898339527E-1,7.517977638355E0,
1.123747117821E-1));
#937=CARTESIAN_POINT('',(-1.165107961876E-1,7.511181757913E0,
1.121995089213E-1));
#939=CARTESIAN_POINT('',(2.949217371867E0,1.118175834457E-2,-4.338150271751E0));
#940=CARTESIAN_POINT('',(2.949217371867E0,8.011181758333E0,-4.338150271751E0));
#941=VERTEX_POINT('',#939);
#942=VERTEX_POINT('',#940);
#943=CARTESIAN_POINT('',(7.584917436444E-2,8.011181758333E0,9.290838412893E-1));
#944=VERTEX_POINT('',#943);
#945=CARTESIAN_POINT('',(7.584917436444E-2,1.118175834457E-2,
9.290838412893E-1));
#946=VERTEX_POINT('',#945);
#947=VERTEX_POINT('',#704);
#948=VERTEX_POINT('',#745);
#949=CARTESIAN_POINT('',(1.467564000812E0,8.011181758333E0,-4.007300287398E0));
#950=CARTESIAN_POINT('',(1.946458700396E0,8.011181758333E0,-4.885172639571E0));
#951=VERTEX_POINT('',#949);
#952=VERTEX_POINT('',#950);
#953=CARTESIAN_POINT('',(1.946458700395E0,1.118175833303E-2,-4.885172639571E0));
#954=CARTESIAN_POINT('',(1.467564000812E0,1.118175833303E-2,-4.007300287398E0));
#955=VERTEX_POINT('',#953);
#956=VERTEX_POINT('',#954);
#957=CARTESIAN_POINT('',(1.465540026695E0,8.011181758333E0,-3.985799550557E0));
#958=VERTEX_POINT('',#957);
#959=CARTESIAN_POINT('',(1.465540026695E0,1.118175833303E-2,-3.985799550557E0));
#960=VERTEX_POINT('',#959);
#961=VERTEX_POINT('',#10);
#962=VERTEX_POINT('',#253);
#963=VERTEX_POINT('',#59);
#964=VERTEX_POINT('',#83);
#965=VERTEX_POINT('',#85);
#966=VERTEX_POINT('',#106);
#967=VERTEX_POINT('',#916);
#968=VERTEX_POINT('',#937);
#969=VERTEX_POINT('',#131);
#970=VERTEX_POINT('',#152);
#971=VERTEX_POINT('',#869);
#972=VERTEX_POINT('',#890);
#973=CARTESIAN_POINT('',(-3.790248424425E-1,5.111817583330E-1,
1.968170669277E-1));
#974=CARTESIAN_POINT('',(-3.071906375050E-1,5.111817583330E-1,
6.513621410169E-2));
#975=VERTEX_POINT('',#973);
#976=VERTEX_POINT('',#974);
#977=CARTESIAN_POINT('',(-3.590759598131E-1,5.111817583330E-1,
2.646554195156E-1));
#978=CARTESIAN_POINT('',(-2.393522849171E-1,5.111817583330E-1,
4.518733147221E-2));
#979=VERTEX_POINT('',#977);
#980=VERTEX_POINT('',#978);
#981=CARTESIAN_POINT('',(-3.790248424425E-1,7.511181758333E0,
1.968170669277E-1));
#982=CARTESIAN_POINT('',(-3.071906375050E-1,7.511181758333E0,
6.513621410169E-2));
#983=VERTEX_POINT('',#981);
#984=VERTEX_POINT('',#982);
#985=CARTESIAN_POINT('',(-3.590759598131E-1,7.511181758333E0,
2.646554195156E-1));
#986=CARTESIAN_POINT('',(-2.393522849171E-1,7.511181758333E0,
4.518733147221E-2));
#987=VERTEX_POINT('',#985);
#988=VERTEX_POINT('',#986);
#989=VERTEX_POINT('',#338);
#990=VERTEX_POINT('',#360);
#991=VERTEX_POINT('',#664);
#992=VERTEX_POINT('',#686);
#993=VERTEX_POINT('',#389);
#994=VERTEX_POINT('',#410);
#995=VERTEX_POINT('',#584);
#996=VERTEX_POINT('',#605);
#997=CARTESIAN_POINT('',(1.523460365029E0,7.511181758333E0,-4.631800564793E0));
#998=CARTESIAN_POINT('',(1.451626160092E0,7.511181758333E0,-4.500119711967E0));
#999=VERTEX_POINT('',#997);
#1000=VERTEX_POINT('',#998);
#1001=CARTESIAN_POINT('',(1.591298717617E0,7.511181758333E0,-4.651749447423E0));
#1002=CARTESIAN_POINT('',(1.471575042721E0,7.511181758333E0,-4.432281359379E0));
#1003=VERTEX_POINT('',#1001);
#1004=VERTEX_POINT('',#1002);
#1005=CARTESIAN_POINT('',(1.523460365029E0,5.111817583330E-1,
-4.631800564794E0));
#1006=CARTESIAN_POINT('',(1.451626160092E0,5.111817583330E-1,
-4.500119711968E0));
#1007=VERTEX_POINT('',#1005);
#1008=VERTEX_POINT('',#1006);
#1009=CARTESIAN_POINT('',(1.591298717617E0,5.111817583330E-1,
-4.651749447423E0));
#1010=CARTESIAN_POINT('',(1.471575042721E0,5.111817583330E-1,
-4.432281359380E0));
#1011=VERTEX_POINT('',#1009);
#1012=VERTEX_POINT('',#1010);
#1013=CARTESIAN_POINT('',(1.755251096036E-1,8.011181758333E0,
-1.797464274682E-2));
#1014=DIRECTION('',(0.E0,-1.E0,0.E0));
#1015=DIRECTION('',(0.E0,0.E0,1.E0));
#1016=AXIS2_PLACEMENT_3D('',#1013,#1014,#1015);
#1017=PLANE('',#1016);
#1019=ORIENTED_EDGE('',*,*,#1018,.T.);
#1021=ORIENTED_EDGE('',*,*,#1020,.T.);
#1023=ORIENTED_EDGE('',*,*,#1022,.T.);
#1025=ORIENTED_EDGE('',*,*,#1024,.T.);
#1027=ORIENTED_EDGE('',*,*,#1026,.T.);
#1029=ORIENTED_EDGE('',*,*,#1028,.F.);
#1031=ORIENTED_EDGE('',*,*,#1030,.T.);
#1033=ORIENTED_EDGE('',*,*,#1032,.T.);
#1034=EDGE_LOOP('',(#1019,#1021,#1023,#1025,#1027,#1029,#1031,#1033));
#1035=FACE_OUTER_BOUND('',#1034,.F.);
#1036=ADVANCED_FACE('',(#1035),#1017,.F.);
#1037=CARTESIAN_POINT('',(4.067459471357E-2,-4.242140285874E-2,
-5.078057931496E-2));
#1038=CARTESIAN_POINT('',(-1.680012974865E-1,-4.633383679406E-2,
3.317281983189E-1));
#1039=CARTESIAN_POINT('',(-3.766771896866E-1,-5.024627072939E-2,
7.142369759528E-1));
#1040=CARTESIAN_POINT('',(-5.853530818867E-1,-5.415870466471E-2,
1.096745753587E0));
#1041=CARTESIAN_POINT('',(4.067459471357E-2,-2.455472516204E-2,
-5.059783594244E-2));
#1042=CARTESIAN_POINT('',(-1.680012974865E-1,-2.714489398690E-2,
3.319241424789E-1));
#1043=CARTESIAN_POINT('',(-3.766771896866E-1,-2.973506281175E-2,
7.144461209003E-1));
#1044=CARTESIAN_POINT('',(-5.853530818867E-1,-3.232523163660E-2,
1.096968099322E0));
#1045=CARTESIAN_POINT('',(4.067459471357E-2,1.612974110771E-1,
-4.966055731903E-2));
#1046=CARTESIAN_POINT('',(-1.680012974865E-1,1.722721647040E-1,
3.329276310170E-1));
#1047=CARTESIAN_POINT('',(-3.766771896866E-1,1.832469183308E-1,
7.155158193530E-1));
#1048=CARTESIAN_POINT('',(-5.853530818867E-1,1.942216719577E-1,
1.098104007689E0));
#1049=CARTESIAN_POINT('',(4.067459471357E-2,5.152553533364E-1,
-6.643690187397E-2));
#1050=CARTESIAN_POINT('',(-1.680012974865E-1,5.483250782122E-1,
3.149661955898E-1));
#1051=CARTESIAN_POINT('',(-3.766771896866E-1,5.813948030880E-1,
6.963692930537E-1));
#1052=CARTESIAN_POINT('',(-5.853530818867E-1,6.144645279638E-1,
1.077772390517E0));
#1053=CARTESIAN_POINT('',(4.067459471357E-2,1.016311427499E0,
-1.255430528582E-1));
#1054=CARTESIAN_POINT('',(-1.680012974865E-1,1.071305723603E0,
2.531390408691E-1));
#1055=CARTESIAN_POINT('',(-3.766771896866E-1,1.126300019708E0,
6.318211345964E-1));
#1056=CARTESIAN_POINT('',(-5.853530818867E-1,1.181294315813E0,
1.010503228324E0));
#1057=CARTESIAN_POINT('',(4.067459471357E-2,1.514143236607E0,
-2.074150975796E-1));
#1058=CARTESIAN_POINT('',(-1.680012974865E-1,1.581846706790E0,
1.691005239908E-1));
#1059=CARTESIAN_POINT('',(-3.766771896866E-1,1.649550176973E0,
5.456161455611E-1));
#1060=CARTESIAN_POINT('',(-5.853530818867E-1,1.717253647156E0,
9.221317671315E-1));
#1061=CARTESIAN_POINT('',(4.067459471357E-2,2.010126079447E0,
-3.003984111935E-1));
#1062=CARTESIAN_POINT('',(-1.680012974865E-1,2.082029636928E0,
7.530629952068E-2));
#1063=CARTESIAN_POINT('',(-3.766771896866E-1,2.153933194409E0,
4.510110102349E-1));
#1064=CARTESIAN_POINT('',(-5.853530818867E-1,2.225836751890E0,
8.267157209491E-1));
#1065=CARTESIAN_POINT('',(4.067459471357E-2,2.506141223488E0,
-3.934365415175E-1));
#1066=CARTESIAN_POINT('',(-1.680012974865E-1,2.573844996096E0,
-1.692117646454E-2));
#1067=CARTESIAN_POINT('',(-3.766771896866E-1,2.641548768703E0,
3.595941885884E-1));
#1068=CARTESIAN_POINT('',(-5.853530818867E-1,2.709252541310E0,
7.361095536413E-1));
#1069=CARTESIAN_POINT('',(4.067459471357E-2,2.918090423056E0,
-4.611407861136E-1));
#1070=CARTESIAN_POINT('',(-1.680012974865E-1,2.975269220737E0,
-8.283033605793E-2));
#1071=CARTESIAN_POINT('',(-3.766771896866E-1,3.032448018417E0,
2.954801139978E-1));
#1072=CARTESIAN_POINT('',(-5.853530818867E-1,3.089626816098E0,
6.737905640535E-1));
#1073=CARTESIAN_POINT('',(4.067459471357E-2,3.251903372022E0,
-5.045628428986E-1));
#1074=CARTESIAN_POINT('',(-1.680012974865E-1,3.296139717544E0,
-1.245488256483E-1));
#1075=CARTESIAN_POINT('',(-3.766771896866E-1,3.340376063066E0,
2.554651916021E-1));
#1076=CARTESIAN_POINT('',(-5.853530818867E-1,3.384612408588E0,
6.354792088525E-1));
#1077=CARTESIAN_POINT('',(4.067459471357E-2,3.499769332068E0,
-5.296038949010E-1));
#1078=CARTESIAN_POINT('',(-1.680012974865E-1,3.532006965849E0,
-1.483567260915E-1));
#1079=CARTESIAN_POINT('',(-3.766771896866E-1,3.564244599631E0,
2.328904427180E-1));
#1080=CARTESIAN_POINT('',(-5.853530818867E-1,3.596482233412E0,
6.141376115274E-1));
#1081=CARTESIAN_POINT('',(4.067459471357E-2,3.709800610050E0,
-5.433843227536E-1));
#1082=CARTESIAN_POINT('',(-1.680012974865E-1,3.729912436566E0,
-1.613261436218E-1));
#1083=CARTESIAN_POINT('',(-3.766771896866E-1,3.750024263083E0,
2.207320355100E-1));
#1084=CARTESIAN_POINT('',(-5.853530818867E-1,3.770136089599E0,
6.027902146418E-1));
#1085=CARTESIAN_POINT('',(4.067459471357E-2,3.878098843741E0,
-5.493878662462E-1));
#1086=CARTESIAN_POINT('',(-1.680012974865E-1,3.887444519931E0,
-1.669396447792E-1));
#1087=CARTESIAN_POINT('',(-3.766771896866E-1,3.896790196121E0,
2.155085766879E-1));
#1088=CARTESIAN_POINT('',(-5.853530818867E-1,3.906135872311E0,
5.979567981550E-1));
#1089=CARTESIAN_POINT('',(4.067459471357E-2,4.004463673874E0,
-5.510040859709E-1));
#1090=CARTESIAN_POINT('',(-1.680012974865E-1,4.004939939042E0,
-1.684402256102E-1));
#1091=CARTESIAN_POINT('',(-3.766771896866E-1,4.005416204211E0,
2.141236347506E-1));
#1092=CARTESIAN_POINT('',(-5.853530818867E-1,4.005892469379E0,
5.966874951113E-1));
#1093=CARTESIAN_POINT('',(4.067459471357E-2,4.130826934203E0,
-5.496262977540E-1));
#1094=CARTESIAN_POINT('',(-1.680012974865E-1,4.122409577515E0,
-1.671610289532E-1));
#1095=CARTESIAN_POINT('',(-3.766771896866E-1,4.113992220828E0,
2.153042398477E-1));
#1096=CARTESIAN_POINT('',(-5.853530818867E-1,4.105574864141E0,
5.977695086485E-1));
#1097=CARTESIAN_POINT('',(4.067459471357E-2,4.299150331764E0,
-5.441948110208E-1));
#1098=CARTESIAN_POINT('',(-1.680012974865E-1,4.279811047559E0,
-1.620871800056E-1));
#1099=CARTESIAN_POINT('',(-3.766771896866E-1,4.260471763353E0,
2.200204510095E-1));
#1100=CARTESIAN_POINT('',(-5.853530818867E-1,4.241132479147E0,
6.021280820246E-1));
#1101=CARTESIAN_POINT('',(4.067459471357E-2,4.509183256665E0,
-5.307047303169E-1));
#1102=CARTESIAN_POINT('',(-1.680012974865E-1,4.477658854061E0,
-1.493991342069E-1));
#1103=CARTESIAN_POINT('',(-3.766771896866E-1,4.446134451457E0,
2.319064619032E-1));
#1104=CARTESIAN_POINT('',(-5.853530818867E-1,4.414610048853E0,
6.132120580132E-1));
#1105=CARTESIAN_POINT('',(4.067459471357E-2,4.763774204545E0,
-5.053475470207E-1));
#1106=CARTESIAN_POINT('',(-1.680012974865E-1,4.719836064291E0,
-1.252963333282E-1));
#1107=CARTESIAN_POINT('',(-3.766771896866E-1,4.675897924037E0,
2.547548803643E-1));
#1108=CARTESIAN_POINT('',(-5.853530818867E-1,4.631959783782E0,
6.348060940569E-1));
#1109=CARTESIAN_POINT('',(4.067459471357E-2,5.097630101602E0,
-4.622332194962E-1));
#1110=CARTESIAN_POINT('',(-1.680012974865E-1,5.040619827920E0,
-8.389414355340E-2));
#1111=CARTESIAN_POINT('',(-3.766771896866E-1,4.983609554238E0,
2.944449323894E-1));
#1112=CARTESIAN_POINT('',(-5.853530818867E-1,4.926599280556E0,
6.727840083322E-1));
#1113=CARTESIAN_POINT('',(4.067459471357E-2,5.516212869204E0,
-3.934335424880E-1));
#1114=CARTESIAN_POINT('',(-1.680012974865E-1,5.448518950482E0,
-1.691637041322E-2));
#1115=CARTESIAN_POINT('',(-3.766771896866E-1,5.380825031761E0,
3.596008016616E-1));
#1116=CARTESIAN_POINT('',(-5.853530818867E-1,5.313131113039E0,
7.361179737364E-1));
#1117=CARTESIAN_POINT('',(4.067459471357E-2,6.012259354968E0,
-3.004054402815E-1));
#1118=CARTESIAN_POINT('',(-1.680012974865E-1,5.940340028231E0,
7.529634743267E-2));
#1119=CARTESIAN_POINT('',(-3.766771896866E-1,5.868420701493E0,
4.509981351469E-1));
#1120=CARTESIAN_POINT('',(-5.853530818867E-1,5.796501374756E0,
8.266999228611E-1));
#1121=CARTESIAN_POINT('',(4.067459471357E-2,6.508179099435E0,
-2.074017970837E-1));
#1122=CARTESIAN_POINT('',(-1.680012974865E-1,6.440493140903E0,
1.691170124826E-1));
#1123=CARTESIAN_POINT('',(-3.766771896866E-1,6.372807182370E0,
5.456358220489E-1));
#1124=CARTESIAN_POINT('',(-5.853530818867E-1,6.305121223838E0,
9.221546316152E-1));
#1125=CARTESIAN_POINT('',(4.067459471357E-2,7.006111377658E0,
-1.255622930396E-1));
#1126=CARTESIAN_POINT('',(-1.680012974865E-1,6.951104243228E0,
2.531172622454E-1));
#1127=CARTESIAN_POINT('',(-3.766771896866E-1,6.896097108797E0,
6.317968175303E-1));
#1128=CARTESIAN_POINT('',(-5.853530818867E-1,6.841089974366E0,
1.010476372815E0));
#1129=CARTESIAN_POINT('',(4.067459471357E-2,7.507020630221E0,
-6.640827496909E-2));
#1130=CARTESIAN_POINT('',(-1.680012974865E-1,7.473935938351E0,
3.149948991177E-1));
#1131=CARTESIAN_POINT('',(-3.766771896866E-1,7.440851246482E0,
6.963980732046E-1));
#1132=CARTESIAN_POINT('',(-5.853530818867E-1,7.407766554612E0,
1.077801247291E0));
#1133=CARTESIAN_POINT('',(4.067459471357E-2,7.861195237839E0,
-4.965377849649E-2));
#1134=CARTESIAN_POINT('',(-1.680012974865E-1,7.850258745332E0,
3.329349931889E-1));
#1135=CARTESIAN_POINT('',(-3.766771896866E-1,7.839322252825E0,
7.155237648742E-1));
#1136=CARTESIAN_POINT('',(-5.853530818867E-1,7.828385760319E0,
1.098112536560E0));
#1137=CARTESIAN_POINT('',(4.067459471357E-2,8.047279780742E0,
-5.059944863509E-2));
#1138=CARTESIAN_POINT('',(-1.680012974865E-1,8.049889630360E0,
3.319224046414E-1));
#1139=CARTESIAN_POINT('',(-3.766771896866E-1,8.052499479977E0,
7.144442579179E-1));
#1140=CARTESIAN_POINT('',(-5.853530818867E-1,8.055109329594E0,
1.096966111194E0));
#1141=CARTESIAN_POINT('',(4.067459471357E-2,8.065327683236E0,
-5.078545590792E-2));
#1142=CARTESIAN_POINT('',(-1.680012974865E-1,8.069269323377E0,
3.317229329295E-1));
#1143=CARTESIAN_POINT('',(-3.766771896866E-1,8.073210963517E0,
7.142313217668E-1));
#1144=CARTESIAN_POINT('',(-5.853530818867E-1,8.077152603658E0,
1.096739710604E0));
#1145=B_SPLINE_SURFACE_WITH_KNOTS('',3,3,((#1037,#1038,#1039,#1040),(#1041,
#1042,#1043,#1044),(#1045,#1046,#1047,#1048),(#1049,#1050,#1051,#1052),(#1053,
#1054,#1055,#1056),(#1057,#1058,#1059,#1060),(#1061,#1062,#1063,#1064),(#1065,
#1066,#1067,#1068),(#1069,#1070,#1071,#1072),(#1073,#1074,#1075,#1076),(#1077,
#1078,#1079,#1080),(#1081,#1082,#1083,#1084),(#1085,#1086,#1087,#1088),(#1089,
#1090,#1091,#1092),(#1093,#1094,#1095,#1096),(#1097,#1098,#1099,#1100),(#1101,
#1102,#1103,#1104),(#1105,#1106,#1107,#1108),(#1109,#1110,#1111,#1112),(#1113,
#1114,#1115,#1116),(#1117,#1118,#1119,#1120),(#1121,#1122,#1123,#1124),(#1125,
#1126,#1127,#1128),(#1129,#1130,#1131,#1132),(#1133,#1134,#1135,#1136),(#1137,
#1138,#1139,#1140),(#1141,#1142,#1143,#1144)),.UNSPECIFIED.,.F.,.F.,.F.,(4,1,1,
1,1,1,1,1,1,1,1,1,1,1,1,1,1,1,1,1,1,1,1,1,4),(4,4),(-6.646742822327E-3,0.E0,
6.248886511223E-2,1.249777302482E-1,1.874665953842E-1,2.499554605202E-1,
3.124443256562E-1,3.749331907922E-1,4.049278460575E-1,4.374220559282E-1,
4.674167111935E-1,4.830139319314E-1,4.999109210642E-1,5.143134865375E-1,
5.299162658003E-1,5.624220559312E-1,5.924274006673E-1,6.249331907981E-1,
6.874443256651E-1,7.499554605321E-1,8.124665953991E-1,8.749777302660E-1,
9.374888651330E-1,1.E0,1.006714382691E0),(-8.423184421271E-3,4.273216513045E-1),
.UNSPECIFIED.);
#1147=ORIENTED_EDGE('',*,*,#1146,.T.);
#1148=ORIENTED_EDGE('',*,*,#1018,.F.);
#1150=ORIENTED_EDGE('',*,*,#1149,.F.);
#1152=ORIENTED_EDGE('',*,*,#1151,.F.);
#1153=EDGE_LOOP('',(#1147,#1148,#1150,#1152));
#1154=FACE_OUTER_BOUND('',#1153,.F.);
#1156=ORIENTED_EDGE('',*,*,#1155,.T.);
#1158=ORIENTED_EDGE('',*,*,#1157,.T.);
#1159=EDGE_LOOP('',(#1156,#1158));
#1160=FACE_BOUND('',#1159,.F.);
#1162=ORIENTED_EDGE('',*,*,#1161,.T.);
#1164=ORIENTED_EDGE('',*,*,#1163,.T.);
#1165=EDGE_LOOP('',(#1162,#1164));
#1166=FACE_BOUND('',#1165,.F.);
#1167=ADVANCED_FACE('',(#1154,#1160,#1166),#1145,.F.);
#1168=CARTESIAN_POINT('',(1.276910572735E-2,-6.927381498488E-2,
-4.760909704634E-2));
#1169=CARTESIAN_POINT('',(1.276954381083E-2,1.256167792304E-1,
-4.459839900145E-2));
#1170=CARTESIAN_POINT('',(1.276724136181E-2,4.889010100713E-1,
-5.978605930925E-2));
#1171=CARTESIAN_POINT('',(1.276145644118E-2,1.016817182728E0,
-1.220600063455E-1));
#1172=CARTESIAN_POINT('',(1.275703313995E-2,1.514766287388E0,
-2.039504740088E-1));
#1173=CARTESIAN_POINT('',(1.275535913248E-2,2.010787815369E0,
-2.969406603929E-1));
#1174=CARTESIAN_POINT('',(1.275702863975E-2,2.506764234360E0,
-3.899719063794E-1));
#1175=CARTESIAN_POINT('',(1.276070043497E-2,2.918616352909E0,
-4.576609122048E-1));
#1176=CARTESIAN_POINT('',(1.276414403513E-2,3.252310123643E0,
-5.010684653206E-1));
#1177=CARTESIAN_POINT('',(1.276621326771E-2,3.458282083098E0,
-5.218776739594E-1));
#1178=CARTESIAN_POINT('',(1.276760504117E-2,3.626125021523E0,
-5.343702094809E-1));
#1179=CARTESIAN_POINT('',(1.276843174448E-2,3.748738613726E0,
-5.412550204831E-1));
#1180=CARTESIAN_POINT('',(1.276903900422E-2,3.878184721813E0,
-5.458727966949E-1));
#1181=CARTESIAN_POINT('',(1.276926319591E-2,4.004468041928E0,
-5.474880303968E-1));
#1182=CARTESIAN_POINT('',(1.276907331201E-2,4.130749638501E0,
-5.461110832266E-1));
#1183=CARTESIAN_POINT('',(1.276854469952E-2,4.253485021070E0,
-5.421504880367E-1));
#1184=CARTESIAN_POINT('',(1.276771067417E-2,4.382833438072E0,
-5.352962353002E-1));
#1185=CARTESIAN_POINT('',(1.276633495775E-2,4.550681209951E0,
-5.230372192605E-1));
#1186=CARTESIAN_POINT('',(1.276421983748E-2,4.763370184121E0,
-5.018528554904E-1));
#1187=CARTESIAN_POINT('',(1.276075774760E-2,5.097105738072E0,
-4.587530985168E-1));
#1188=CARTESIAN_POINT('',(1.275703337962E-2,5.515589937062E0,
-3.899688952390E-1));
#1189=CARTESIAN_POINT('',(1.275535452822E-2,6.011597458185E0,
-2.969477189460E-1));
#1190=CARTESIAN_POINT('',(1.275703309399E-2,6.507556283350E0,
-2.039371247741E-1));
#1191=CARTESIAN_POINT('',(1.276069911450E-2,6.919276822292E0,
-1.362680093139E-1));
#1192=CARTESIAN_POINT('',(1.276414610512E-2,7.252820495224E0,
-9.288513553168E-2));
#1193=CARTESIAN_POINT('',(1.276776574612E-2,7.614120968142E0,
-5.638768921051E-2));
#1194=CARTESIAN_POINT('',(1.276954123338E-2,7.896696329536E0,
-4.460373613193E-2));
#1195=CARTESIAN_POINT('',(1.276910635962E-2,8.091648422842E0,
-4.760766878499E-2));
#1196=CARTESIAN_POINT('',(1.532616503766E-2,-6.941124969579E-2,
-3.871400081231E-2));
#1197=CARTESIAN_POINT('',(1.532484431542E-2,1.258191907779E-1,
-3.569768923785E-2));
#1198=CARTESIAN_POINT('',(1.533178558273E-2,4.896429067067E-1,
-5.091487620622E-2));
#1199=CARTESIAN_POINT('',(1.534922912737E-2,1.018095131153E0,
-1.132621194242E-1));
#1200=CARTESIAN_POINT('',(1.536256956075E-2,1.516338093293E0,
-1.952079842864E-1));
#1201=CARTESIAN_POINT('',(1.536761884915E-2,2.012457074134E0,
-2.882189969608E-1));
#1202=CARTESIAN_POINT('',(1.536258313126E-2,2.508336217424E0,
-3.812294774589E-1));
#1203=CARTESIAN_POINT('',(1.535150922045E-2,2.919944760131E0,
-4.488724799119E-1));
#1204=CARTESIAN_POINT('',(1.534112503225E-2,3.253338293295E0,
-4.922365414912E-1));
#1205=CARTESIAN_POINT('',(1.533488590153E-2,3.459078434072E0,
-5.130194821929E-1));
#1206=CARTESIAN_POINT('',(1.533068952873E-2,3.626705481828E0,
-5.254942819772E-1));
#1207=CARTESIAN_POINT('',(1.532819682967E-2,3.749148510379E0,
-5.323685092556E-1));
#1208=CARTESIAN_POINT('',(1.532636654885E-2,3.878402091879E0,
-5.369786036878E-1));
#1209=CARTESIAN_POINT('',(1.532569012269E-2,4.004479149024E0,
-5.385908912514E-1));
#1210=CARTESIAN_POINT('',(1.532626312430E-2,4.130553663133E0,
-5.372164543939E-1));
#1211=CARTESIAN_POINT('',(1.532785630368E-2,4.253104164540E0,
-5.332625360594E-1));
#1212=CARTESIAN_POINT('',(1.533037102034E-2,4.382270483975E0,
-5.264189579880E-1));
#1213=CARTESIAN_POINT('',(1.533451898936E-2,4.549900976326E0,
-5.141774809875E-1));
#1214=CARTESIAN_POINT('',(1.534089646651E-2,4.762348991366E0,-4.930199713E-1));
#1215=CARTESIAN_POINT('',(1.535133636598E-2,5.095781183115E0,
-4.499639486384E-1));
#1216=CARTESIAN_POINT('',(1.536256883505E-2,5.514018230989E0,
-3.812264072653E-1));
#1217=CARTESIAN_POINT('',(1.536763273977E-2,6.009927896313E0,
-2.882261120726E-1));
#1218=CARTESIAN_POINT('',(1.536256968634E-2,6.505984588740E0,
-1.951946388733E-1));
#1219=CARTESIAN_POINT('',(1.535151322278E-2,6.917948315293E0,
-1.274795972307E-1));
#1220=CARTESIAN_POINT('',(1.534111879489E-2,7.251792428493E0,
-8.405318533713E-2));
#1221=CARTESIAN_POINT('',(1.533020474233E-2,7.613499613314E0,
-4.750977196844E-2));
#1222=CARTESIAN_POINT('',(1.532485207811E-2,7.896494493496E0,
-3.570306131610E-2));
#1223=CARTESIAN_POINT('',(1.532616313337E-2,8.091785503579E0,
-3.871256398916E-2));
#1224=CARTESIAN_POINT('',(2.293661443548E-2,-6.950706212060E-2,
-3.251342260269E-2));
#1225=CARTESIAN_POINT('',(2.293406718288E-2,1.259603133263E-1,
-2.949204312911E-2));
#1226=CARTESIAN_POINT('',(2.294745580114E-2,4.901600324472E-1,
-4.473588793201E-2));
#1227=CARTESIAN_POINT('',(2.298105902838E-2,1.018983273301E0,
-1.071492625891E-1));
#1228=CARTESIAN_POINT('',(2.300672634438E-2,1.517428195672E0,
-1.891450774421E-1));
#1229=CARTESIAN_POINT('',(2.301643442208E-2,2.013613858703E0,
-2.821748615551E-1));
#1230=CARTESIAN_POINT('',(2.300675247671E-2,2.509426458159E0,
-3.751666255828E-1));
#1231=CARTESIAN_POINT('',(2.298544574423E-2,2.920867541926E0,
-4.427681475212E-1));
#1232=CARTESIAN_POINT('',(2.296544809884E-2,3.254053558290E0,
-4.860929756561E-1));
#1233=CARTESIAN_POINT('',(2.295342516007E-2,3.459633033589E0,
-5.068522130613E-1));
#1234=CARTESIAN_POINT('',(2.294533758679E-2,3.627109882745E0,
-5.193110062602E-1));
#1235=CARTESIAN_POINT('',(2.294053447360E-2,3.749433854266E0,
-5.261756806296E-1));
#1236=CARTESIAN_POINT('',(2.293699881860E-2,3.878554124426E0,
-5.307788406248E-1));
#1237=CARTESIAN_POINT('',(2.293570066902E-2,4.004486963861E0,
-5.323884688374E-1));
#1238=CARTESIAN_POINT('',(2.293679927780E-2,4.130416457415E0,
-5.310162979514E-1));
#1239=CARTESIAN_POINT('',(2.293987761366E-2,4.252839026896E0,
-5.270684068813E-1));
#1240=CARTESIAN_POINT('',(2.294472387131E-2,4.381878291013E0,
-5.202344640077E-1));
#1241=CARTESIAN_POINT('',(2.295271803445E-2,4.549357564358E0,
-5.080088162584E-1));
#1242=CARTESIAN_POINT('',(2.296500773381E-2,4.761638550668E0,
-4.868755389594E-1));
#1243=CARTESIAN_POINT('',(2.298511320074E-2,5.094861050893E0,
-4.438589692415E-1));
#1244=CARTESIAN_POINT('',(2.300672498254E-2,5.512928179747E0,
-3.751635021568E-1));
#1245=CARTESIAN_POINT('',(2.301646109519E-2,6.008770904215E0,
-2.821820276093E-1));
#1246=CARTESIAN_POINT('',(2.300672674212E-2,6.504894562419E0,
-1.891317356367E-1));
#1247=CARTESIAN_POINT('',(2.298545320672E-2,6.917025428270E0,
-1.213752830795E-1));
#1248=CARTESIAN_POINT('',(2.296543603051E-2,7.251077232823E0,
-7.790959568892E-2));
#1249=CARTESIAN_POINT('',(2.294440615325E-2,7.613066500971E0,
-4.132470338870E-2));
#1250=CARTESIAN_POINT('',(2.293408224722E-2,7.896353772191E0,
-2.949744685187E-2));
#1251=CARTESIAN_POINT('',(2.293661074053E-2,8.091881069234E0,
-3.251197802750E-2));
#1252=CARTESIAN_POINT('',(3.051128613651E-2,-6.958183931762E-2,
-2.767433179130E-2));
#1253=CARTESIAN_POINT('',(3.050778152632E-2,1.260704562507E-1,
-2.464867316347E-2));
#1254=CARTESIAN_POINT('',(3.052620287745E-2,4.905636010662E-1,
-3.991502714346E-2));
#1255=CARTESIAN_POINT('',(3.057240845257E-2,1.019675648084E0,
-1.023842320861E-1));
#1256=CARTESIAN_POINT('',(3.060768031941E-2,1.518277376912E0,
-1.844222093672E-1));
#1257=CARTESIAN_POINT('',(3.062101641493E-2,2.014514729677E0,
-2.774678367976E-1));
#1258=CARTESIAN_POINT('',(3.060771624553E-2,2.510275751546E0,
-3.704438039375E-1));
#1259=CARTESIAN_POINT('',(3.057843648797E-2,2.921586800522E0,
-4.380103123298E-1));
#1260=CARTESIAN_POINT('',(3.055094343448E-2,3.254611362722E0,
-4.813020197981E-1));
#1261=CARTESIAN_POINT('',(3.053440884364E-2,3.460065711575E0,
-5.020412454543E-1));
#1262=CARTESIAN_POINT('',(3.052328564878E-2,3.627425424398E0,
-5.144865243984E-1));
#1263=CARTESIAN_POINT('',(3.051668040233E-2,3.749656435625E0,
-5.213431330823E-1));
#1264=CARTESIAN_POINT('',(3.051181208482E-2,3.878672917247E0,
-5.259404380319E-1));
#1265=CARTESIAN_POINT('',(3.051003043163E-2,4.004493083054E0,
-5.275478208751E-1));
#1266=CARTESIAN_POINT('',(3.051153750268E-2,4.130309211436E0,
-5.261775632214E-1));
#1267=CARTESIAN_POINT('',(3.051577660490E-2,4.252632204629E0,
-5.222347612282E-1));
#1268=CARTESIAN_POINT('',(3.052244167308E-2,4.381572278096E0,
-5.154089535625E-1));
#1269=CARTESIAN_POINT('',(3.053343631346E-2,4.548933604092E0,
-5.031966703863E-1));
#1270=CARTESIAN_POINT('',(3.055033787940E-2,4.761084500257E0,
-4.820838515652E-1));
#1271=CARTESIAN_POINT('',(3.057797953102E-2,5.094143850060E0,
-4.391005879209E-1));
#1272=CARTESIAN_POINT('',(3.060767847143E-2,5.512079033238E0,
-3.704406355816E-1));
#1273=CARTESIAN_POINT('',(3.062105303300E-2,6.007869872334E0,
-2.774750458399E-1));
#1274=CARTESIAN_POINT('',(3.060768097234E-2,6.504045440110E0,
-1.844088706421E-1));
#1275=CARTESIAN_POINT('',(3.057844658064E-2,6.916306077541E0,
-1.166174632876E-1));
#1276=CARTESIAN_POINT('',(3.055092680425E-2,7.250519481816E0,
-7.311861972168E-2));
#1277=CARTESIAN_POINT('',(3.052200656930E-2,7.612728494732E0,
-3.649870845002E-2));
#1278=CARTESIAN_POINT('',(3.050780231536E-2,7.896243942426E0,
-2.465410362603E-2));
#1279=CARTESIAN_POINT('',(3.051128103779E-2,8.091955653840E0,
-2.767288066571E-2));
#1280=B_SPLINE_SURFACE_WITH_KNOTS('',3,3,((#1168,#1169,#1170,#1171,#1172,#1173,
#1174,#1175,#1176,#1177,#1178,#1179,#1180,#1181,#1182,#1183,#1184,#1185,#1186,
#1187,#1188,#1189,#1190,#1191,#1192,#1193,#1194,#1195),(#1196,#1197,#1198,#1199,
#1200,#1201,#1202,#1203,#1204,#1205,#1206,#1207,#1208,#1209,#1210,#1211,#1212,
#1213,#1214,#1215,#1216,#1217,#1218,#1219,#1220,#1221,#1222,#1223),(#1224,#1225,
#1226,#1227,#1228,#1229,#1230,#1231,#1232,#1233,#1234,#1235,#1236,#1237,#1238,
#1239,#1240,#1241,#1242,#1243,#1244,#1245,#1246,#1247,#1248,#1249,#1250,#1251),(
#1252,#1253,#1254,#1255,#1256,#1257,#1258,#1259,#1260,#1261,#1262,#1263,#1264,
#1265,#1266,#1267,#1268,#1269,#1270,#1271,#1272,#1273,#1274,#1275,#1276,#1277,
#1278,#1279)),.UNSPECIFIED.,.F.,.F.,.F.,(4,4),(4,1,1,1,1,1,1,1,1,1,1,1,1,1,1,1,
1,1,1,1,1,1,1,1,1,4),(-1.027104850255E-1,1.102920546372E0),(-9.970005266049E-3,
6.248886511223E-2,1.249777302482E-1,1.874665953842E-1,2.499554605202E-1,
3.124443256562E-1,3.749331907922E-1,4.049278460575E-1,4.374220559282E-1,
4.518194904555E-1,4.674167111935E-1,4.830139319314E-1,4.999109210642E-1,
5.143134865375E-1,5.299162658003E-1,5.455190450631E-1,5.624220559312E-1,
5.924274006673E-1,6.249331907981E-1,6.874443256651E-1,7.499554605321E-1,
8.124665953991E-1,8.749777302660E-1,9.049830750022E-1,9.374888651330E-1,
1.009971808504E0),.UNSPECIFIED.);
#1281=ORIENTED_EDGE('',*,*,#1146,.F.);
#1283=ORIENTED_EDGE('',*,*,#1282,.F.);
#1285=ORIENTED_EDGE('',*,*,#1284,.T.);
#1286=ORIENTED_EDGE('',*,*,#1020,.F.);
#1287=EDGE_LOOP('',(#1281,#1283,#1285,#1286));
#1288=FACE_OUTER_BOUND('',#1287,.F.);
#1289=ADVANCED_FACE('',(#1288),#1280,.T.);
#1290=CARTESIAN_POINT('',(1.465540026695E0,1.118175833303E-2,
-3.985799550557E0));
#1291=DIRECTION('',(0.E0,1.E0,0.E0));
#1292=DIRECTION('',(0.E0,0.E0,-1.E0));
#1293=AXIS2_PLACEMENT_3D('',#1290,#1291,#1292);
#1294=PLANE('',#1293);
#1296=ORIENTED_EDGE('',*,*,#1295,.F.);
#1298=ORIENTED_EDGE('',*,*,#1297,.T.);
#1300=ORIENTED_EDGE('',*,*,#1299,.T.);
#1302=ORIENTED_EDGE('',*,*,#1301,.T.);
#1303=ORIENTED_EDGE('',*,*,#1282,.T.);
#1304=ORIENTED_EDGE('',*,*,#1151,.T.);
#1306=ORIENTED_EDGE('',*,*,#1305,.F.);
#1308=ORIENTED_EDGE('',*,*,#1307,.T.);
#1309=EDGE_LOOP('',(#1296,#1298,#1300,#1302,#1303,#1304,#1306,#1308));
#1310=FACE_OUTER_BOUND('',#1309,.F.);
#1311=ADVANCED_FACE('',(#1310),#1294,.F.);
#1312=CARTESIAN_POINT('',(2.949217371867E0,1.118175835034E-2,
-4.338150271751E0));
#1313=DIRECTION('',(4.788946995838E-1,0.E0,-8.778723521735E-1));
#1314=DIRECTION('',(0.E0,1.E0,0.E0));
#1315=AXIS2_PLACEMENT_3D('',#1312,#1313,#1314);
#1316=PLANE('',#1315);
#1317=ORIENTED_EDGE('',*,*,#1028,.T.);
#1319=ORIENTED_EDGE('',*,*,#1318,.T.);
#1320=ORIENTED_EDGE('',*,*,#1295,.T.);
#1322=ORIENTED_EDGE('',*,*,#1321,.T.);
#1323=EDGE_LOOP('',(#1317,#1319,#1320,#1322));
#1324=FACE_OUTER_BOUND('',#1323,.F.);
#1325=ADVANCED_FACE('',(#1324),#1316,.T.);
#1326=CARTESIAN_POINT('',(1.955840642263E0,5.725583327402E-3,
-4.902860769412E0));
#1327=CARTESIAN_POINT('',(1.789836087971E0,1.009939843218E-3,
-4.598560621642E0));
#1328=CARTESIAN_POINT('',(1.623831533679E0,-3.705703640965E-3,
-4.294260473872E0));
#1329=CARTESIAN_POINT('',(1.457826979387E0,-8.421347125149E-3,
-3.989960326101E0));
#1330=CARTESIAN_POINT('',(1.955973573403E0,7.021261201426E-3,
-4.902776601681E0));
#1331=CARTESIAN_POINT('',(1.789960692054E0,3.910111206958E-3,
-4.598456820802E0));
#1332=CARTESIAN_POINT('',(1.623947810704E0,7.989612124906E-4,
-4.294137039923E0));
#1333=CARTESIAN_POINT('',(1.457934929354E0,-2.312188781977E-3,
-3.989817259043E0));
#1334=CARTESIAN_POINT('',(1.956430405364E0,2.021310703220E-2,
-4.902439419243E0));
#1335=CARTESIAN_POINT('',(1.790388906574E0,2.849616534966E-2,
-4.598052214966E0));
#1336=CARTESIAN_POINT('',(1.624347407785E0,3.677922366712E-2,
-4.293665010689E0));
#1337=CARTESIAN_POINT('',(1.458305908995E0,4.506228198459E-2,
-3.989277806412E0));
#1338=CARTESIAN_POINT('',(1.951114834171E0,9.573482579604E-2,
-4.906362781461E0));
#1339=CARTESIAN_POINT('',(1.785406320052E0,1.220483846726E-1,
-4.602760097315E0));
#1340=CARTESIAN_POINT('',(1.619697805933E0,1.483619435491E-1,
-4.299157413170E0));
#1341=CARTESIAN_POINT('',(1.453989291813E0,1.746755024256E-1,
-3.995554729024E0));
#1342=CARTESIAN_POINT('',(1.939053080737E0,3.177288827094E-1,
-4.935685005785E0));
#1343=CARTESIAN_POINT('',(1.774100419743E0,3.615642743690E-1,
-4.633842113412E0));
#1344=CARTESIAN_POINT('',(1.609147758749E0,4.053996660286E-1,
-4.331999221039E0));
#1345=CARTESIAN_POINT('',(1.444195097755E0,4.492350576883E-1,
-4.030156328665E0));
#1346=CARTESIAN_POINT('',(1.929320612292E0,6.536296714719E-1,
-4.993830818794E0));
#1347=CARTESIAN_POINT('',(1.764978075115E0,7.076432216982E-1,
-4.693390107701E0));
#1348=CARTESIAN_POINT('',(1.600635537938E0,7.616567719244E-1,
-4.392949396607E0));
#1349=CARTESIAN_POINT('',(1.436293000761E0,8.156703221506E-1,
-4.092508685514E0));
#1350=CARTESIAN_POINT('',(1.925633162204E0,1.095741898342E0,-5.077890313711E0));
#1351=CARTESIAN_POINT('',(1.761521840638E0,1.153143671759E0,-4.777977049959E0));
#1352=CARTESIAN_POINT('',(1.597410519071E0,1.210545445176E0,-4.478063786208E0));
#1353=CARTESIAN_POINT('',(1.433299197504E0,1.267947218594E0,-4.178150522457E0));
#1354=CARTESIAN_POINT('',(1.929310724197E0,1.645539433702E0,-5.179826272830E0));
#1355=CARTESIAN_POINT('',(1.764968806734E0,1.699558398081E0,-4.879387094423E0));
#1356=CARTESIAN_POINT('',(1.600626889271E0,1.753577362460E0,-4.578947916016E0));
#1357=CARTESIAN_POINT('',(1.436284971808E0,1.807596326840E0,-4.278508737609E0));
#1358=CARTESIAN_POINT('',(1.937389516203E0,2.191679926194E0,-5.267233124198E0));
#1359=CARTESIAN_POINT('',(1.772541145050E0,2.237264737399E0,-4.965629563994E0));
#1360=CARTESIAN_POINT('',(1.607692773897E0,2.282849548604E0,-4.664026003791E0));
#1361=CARTESIAN_POINT('',(1.442844402744E0,2.328434359809E0,-4.362422443587E0));
#1362=CARTESIAN_POINT('',(1.944955306838E0,2.690269065276E0,-5.329271701509E0));
#1363=CARTESIAN_POINT('',(1.779632775313E0,2.725505696749E0,-5.026568110810E0));
#1364=CARTESIAN_POINT('',(1.614310243789E0,2.760742328221E0,-4.723864520112E0));
#1365=CARTESIAN_POINT('',(1.448987712265E0,2.795978959693E0,-4.421160929413E0));
#1366=CARTESIAN_POINT('',(1.949496820035E0,3.023308620673E0,-5.361329542858E0));
#1367=CARTESIAN_POINT('',(1.783889722253E0,3.050574297596E0,-5.057961868953E0));
#1368=CARTESIAN_POINT('',(1.618282624470E0,3.077839974518E0,-4.754594195047E0));
#1369=CARTESIAN_POINT('',(1.452675526688E0,3.105105651440E0,-4.451226521141E0));
#1370=CARTESIAN_POINT('',(1.952550806867E0,3.309160630025E0,-5.381415587471E0));
#1371=CARTESIAN_POINT('',(1.786752357598E0,3.329027918233E0,-5.077599640901E0));
#1372=CARTESIAN_POINT('',(1.620953908330E0,3.348895206442E0,-4.773783694331E0));
#1373=CARTESIAN_POINT('',(1.455155459062E0,3.368762494650E0,-4.469967747761E0));
#1374=CARTESIAN_POINT('',(1.954365465510E0,3.524781627469E0,-5.392831191104E0));
#1375=CARTESIAN_POINT('',(1.788453308945E0,3.538820945257E0,-5.088747785390E0));
#1376=CARTESIAN_POINT('',(1.622541152380E0,3.552860263045E0,-4.784664379676E0));
#1377=CARTESIAN_POINT('',(1.456628995815E0,3.566899580833E0,-4.480580973962E0));
#1378=CARTESIAN_POINT('',(1.955693004600E0,3.759828001010E0,-5.400736987008E0));
#1379=CARTESIAN_POINT('',(1.789697730454E0,3.767242087556E0,-5.096459492877E0));
#1380=CARTESIAN_POINT('',(1.623702456308E0,3.774656174102E0,-4.792181998746E0));
#1381=CARTESIAN_POINT('',(1.457707182161E0,3.782070260648E0,-4.487904504616E0));
#1382=CARTESIAN_POINT('',(1.956188299007E0,3.998446838100E0,-5.403613345809E0));
#1383=CARTESIAN_POINT('',(1.790161950474E0,3.998823665125E0,-5.099261407170E0));
#1384=CARTESIAN_POINT('',(1.624135601941E0,3.999200492150E0,-4.794909468532E0));
#1385=CARTESIAN_POINT('',(1.458109253408E0,3.999577319175E0,-4.490557529893E0));
#1386=CARTESIAN_POINT('',(1.955768157240E0,4.237378581640E0,-5.401161845613E0));
#1387=CARTESIAN_POINT('',(1.789768175896E0,4.230700187236E0,-5.096873337881E0));
#1388=CARTESIAN_POINT('',(1.623768194552E0,4.224021792832E0,-4.792584830148E0));
#1389=CARTESIAN_POINT('',(1.457768213208E0,4.217343398428E0,-4.488296322416E0));
#1390=CARTESIAN_POINT('',(1.954612976788E0,4.461569710615E0,-5.394343357925E0));
#1391=CARTESIAN_POINT('',(1.788685316348E0,4.448525461487E0,-5.090223548794E0));
#1392=CARTESIAN_POINT('',(1.622757655908E0,4.435481212359E0,-4.786103739662E0));
#1393=CARTESIAN_POINT('',(1.456829995468E0,4.422436963231E0,-4.481983930530E0));
#1394=CARTESIAN_POINT('',(1.952782682838E0,4.690245061433E0,-5.382919498985E0));
#1395=CARTESIAN_POINT('',(1.786969704050E0,4.670976451900E0,-5.079069438233E0));
#1396=CARTESIAN_POINT('',(1.621156725262E0,4.651707842367E0,-4.775219377482E0));
#1397=CARTESIAN_POINT('',(1.455343746474E0,4.632439232834E0,-4.471369316730E0));
#1398=CARTESIAN_POINT('',(1.949763855699E0,4.976830050341E0,-5.363151296448E0));
#1399=CARTESIAN_POINT('',(1.784140026334E0,4.950117812494E0,-5.059744528684E0));
#1400=CARTESIAN_POINT('',(1.618516196970E0,4.923405574646E0,-4.756337760921E0));
#1401=CARTESIAN_POINT('',(1.452892367605E0,4.896693336798E0,-4.452930993157E0));
#1402=CARTESIAN_POINT('',(1.945121728707E0,5.321580584898E0,-5.330467396422E0));
#1403=CARTESIAN_POINT('',(1.779788768729E0,5.286584334940E0,-5.027739522724E0));
#1404=CARTESIAN_POINT('',(1.614455808751E0,5.251588084981E0,-4.725011649026E0));
#1405=CARTESIAN_POINT('',(1.449122848773E0,5.216591835023E0,-4.422283775327E0));
#1406=CARTESIAN_POINT('',(1.937515639458E0,5.821918981149E0,-5.268632896893E0));
#1407=CARTESIAN_POINT('',(1.772659361456E0,5.776467510699E0,-4.967011172760E0));
#1408=CARTESIAN_POINT('',(1.607803083453E0,5.731016040248E0,-4.665389448626E0));
#1409=CARTESIAN_POINT('',(1.442946805450E0,5.685564569797E0,-4.363767724493E0));
#1410=CARTESIAN_POINT('',(1.929321160553E0,6.376661490047E0,-5.179848581611E0));
#1411=CARTESIAN_POINT('',(1.764978588750E0,6.322652157629E0,-4.879407907861E0));
#1412=CARTESIAN_POINT('',(1.600636016947E0,6.268642825211E0,-4.578967234112E0));
#1413=CARTESIAN_POINT('',(1.436293445144E0,6.214633492793E0,-4.278526560362E0));
#1414=CARTESIAN_POINT('',(1.925622999510E0,6.926810975187E0,-5.077873098294E0));
#1415=CARTESIAN_POINT('',(1.761512315430E0,6.869398669E0,-4.777961268512E0));
#1416=CARTESIAN_POINT('',(1.597401631350E0,6.811986362813E0,-4.478049438730E0));
#1417=CARTESIAN_POINT('',(1.433290947270E0,6.754574056626E0,-4.178137608949E0));
#1418=CARTESIAN_POINT('',(1.929320606012E0,7.368631278858E0,-4.993815924198E0));
#1419=CARTESIAN_POINT('',(1.764978068068E0,7.314621602210E0,-4.693375302798E0));
#1420=CARTESIAN_POINT('',(1.600635530124E0,7.260611925562E0,-4.392934681399E0));
#1421=CARTESIAN_POINT('',(1.436292992180E0,7.206602248914E0,-4.092494059999E0));
#1422=CARTESIAN_POINT('',(1.937386466149E0,7.646247273404E0,-4.945831568617E0));
#1423=CARTESIAN_POINT('',(1.772538287973E0,7.600660600444E0,-4.644228519212E0));
#1424=CARTESIAN_POINT('',(1.607690109797E0,7.555073927484E0,-4.342625469808E0));
#1425=CARTESIAN_POINT('',(1.442841931620E0,7.509487254524E0,-4.041022420403E0));
#1426=CARTESIAN_POINT('',(1.944959820372E0,7.814803991237E0,-4.921099649265E0));
#1427=CARTESIAN_POINT('',(1.779637006398E0,7.779570985801E0,-4.618395392991E0));
#1428=CARTESIAN_POINT('',(1.614314192424E0,7.744337980366E0,-4.315691136717E0));
#1429=CARTESIAN_POINT('',(1.448991378451E0,7.709104974930E0,-4.012986880443E0));
#1430=CARTESIAN_POINT('',(1.952318282934E0,7.943059976227E0,-4.905528574473E0));
#1431=CARTESIAN_POINT('',(1.786534383748E0,7.920770237465E0,-4.601748054611E0));
#1432=CARTESIAN_POINT('',(1.620750484562E0,7.898480498702E0,-4.297967534749E0));
#1433=CARTESIAN_POINT('',(1.454966585376E0,7.876190759940E0,-3.994187014887E0));
#1434=CARTESIAN_POINT('',(1.956819257362E0,8.007370602572E0,-4.902141036220E0));
#1435=CARTESIAN_POINT('',(1.790753399012E0,8.000443030929E0,-4.597696487920E0));
#1436=CARTESIAN_POINT('',(1.624687540662E0,7.993515459287E0,-4.293251939620E0));
#1437=CARTESIAN_POINT('',(1.458621682313E0,7.986587887644E0,-3.988807391321E0));
#1438=CARTESIAN_POINT('',(1.955786186848E0,8.018733160877E0,-4.902918549165E0));
#1439=CARTESIAN_POINT('',(1.789785044195E0,8.025003250006E0,-4.598626409685E0));
#1440=CARTESIAN_POINT('',(1.623783901543E0,8.031273339134E0,-4.294334270204E0));
#1441=CARTESIAN_POINT('',(1.457782758891E0,8.037543428263E0,-3.990042130724E0));
#1442=CARTESIAN_POINT('',(1.955231821746E0,8.019419295722E0,-4.903227690677E0));
#1443=CARTESIAN_POINT('',(1.789265405447E0,8.029016767995E0,-4.599017437153E0));
#1444=CARTESIAN_POINT('',(1.623298989149E0,8.038614240268E0,-4.294807183629E0));
#1445=CARTESIAN_POINT('',(1.457332572850E0,8.048211712541E0,-3.990596930105E0));
#1446=B_SPLINE_SURFACE_WITH_KNOTS('',3,3,((#1326,#1327,#1328,#1329),(#1330,
#1331,#1332,#1333),(#1334,#1335,#1336,#1337),(#1338,#1339,#1340,#1341),(#1342,
#1343,#1344,#1345),(#1346,#1347,#1348,#1349),(#1350,#1351,#1352,#1353),(#1354,
#1355,#1356,#1357),(#1358,#1359,#1360,#1361),(#1362,#1363,#1364,#1365),(#1366,
#1367,#1368,#1369),(#1370,#1371,#1372,#1373),(#1374,#1375,#1376,#1377),(#1378,
#1379,#1380,#1381),(#1382,#1383,#1384,#1385),(#1386,#1387,#1388,#1389),(#1390,
#1391,#1392,#1393),(#1394,#1395,#1396,#1397),(#1398,#1399,#1400,#1401),(#1402,
#1403,#1404,#1405),(#1406,#1407,#1408,#1409),(#1410,#1411,#1412,#1413),(#1414,
#1415,#1416,#1417),(#1418,#1419,#1420,#1421),(#1422,#1423,#1424,#1425),(#1426,
#1427,#1428,#1429),(#1430,#1431,#1432,#1433),(#1434,#1435,#1436,#1437),(#1438,
#1439,#1440,#1441),(#1442,#1443,#1444,#1445)),.UNSPECIFIED.,.F.,.F.,.F.,(4,1,1,
1,1,1,1,1,1,1,1,1,1,1,1,1,1,1,1,1,1,1,1,1,1,1,1,4),(4,4),(-1.000000002400E-2,
0.E0,6.248886511223E-2,1.249777302482E-1,1.874665953842E-1,2.499554605202E-1,
3.124443256562E-1,3.749331907922E-1,4.049278460575E-1,4.374220559282E-1,
4.518194904555E-1,4.674167111935E-1,4.830139319314E-1,4.999109210642E-1,
5.143134865375E-1,5.299162658003E-1,5.455190450631E-1,5.624220559312E-1,
5.924274006673E-1,6.249331907981E-1,6.874443256651E-1,7.499554605321E-1,
8.124665953991E-1,8.749777302660E-1,9.049830750022E-1,9.374888651330E-1,1.E0,
1.02E0),(4.899999999999E-1,1.01E0),.UNSPECIFIED.);
#1447=ORIENTED_EDGE('',*,*,#1026,.F.);
#1449=ORIENTED_EDGE('',*,*,#1448,.F.);
#1450=ORIENTED_EDGE('',*,*,#1297,.F.);
#1451=ORIENTED_EDGE('',*,*,#1318,.F.);
#1452=EDGE_LOOP('',(#1447,#1449,#1450,#1451));
#1453=FACE_OUTER_BOUND('',#1452,.F.);
#1455=ORIENTED_EDGE('',*,*,#1454,.T.);
#1457=ORIENTED_EDGE('',*,*,#1456,.T.);
#1458=EDGE_LOOP('',(#1455,#1457));
#1459=FACE_BOUND('',#1458,.F.);
#1461=ORIENTED_EDGE('',*,*,#1460,.T.);
#1463=ORIENTED_EDGE('',*,*,#1462,.T.);
#1464=EDGE_LOOP('',(#1461,#1463));
#1465=FACE_BOUND('',#1464,.F.);
#1466=ADVANCED_FACE('',(#1453,#1459,#1465),#1446,.F.);
#1467=CARTESIAN_POINT('',(1.467340031133E0,-2.476410342929E-2,
-4.012797634152E0));
#1468=CARTESIAN_POINT('',(1.466374668650E0,-2.508910362013E-2,
-4.002529152973E0));
#1469=CARTESIAN_POINT('',(1.465409306167E0,-2.541410381096E-2,
-3.992260671793E0));
#1470=CARTESIAN_POINT('',(1.464443943684E0,-2.573910400180E-2,
-3.981992190614E0));
#1471=CARTESIAN_POINT('',(1.467796768855E0,-1.450088920593E-2,
-4.012254724238E0));
#1472=CARTESIAN_POINT('',(1.466830223445E0,-1.471314289444E-2,
-4.001982917239E0));
#1473=CARTESIAN_POINT('',(1.465863678036E0,-1.492539658295E-2,
-3.991711110239E0));
#1474=CARTESIAN_POINT('',(1.464897132626E0,-1.513765027146E-2,
-3.981439303239E0));
#1475=CARTESIAN_POINT('',(1.468645837928E0,3.495253575711E-2,
-4.011038634725E0));
#1476=CARTESIAN_POINT('',(1.467677093644E0,3.518707945391E-2,
-4.000760653743E0));
#1477=CARTESIAN_POINT('',(1.466708349360E0,3.542162315071E-2,
-3.990482672760E0));
#1478=CARTESIAN_POINT('',(1.465739605077E0,3.565616684751E-2,
-3.980204691778E0));
#1479=CARTESIAN_POINT('',(1.463983308004E0,1.727545932027E-1,
-4.017716599955E0));
#1480=CARTESIAN_POINT('',(1.463026638492E0,1.736427158099E-1,
-4.007472522432E0));
#1481=CARTESIAN_POINT('',(1.462069968981E0,1.745308384171E-1,
-3.997228444909E0));
#1482=CARTESIAN_POINT('',(1.461113299469E0,1.754189610243E-1,
-3.986984367385E0));
#1483=CARTESIAN_POINT('',(1.454133945458E0,4.460359105908E-1,
-4.052184576456E0));
#1484=CARTESIAN_POINT('',(1.453202766526E0,4.475135060676E-1,
-4.042011264655E0));
#1485=CARTESIAN_POINT('',(1.452271587593E0,4.489911015444E-1,
-4.031837952853E0));
#1486=CARTESIAN_POINT('',(1.451340408660E0,4.504686970213E-1,
-4.021664641052E0));
#1487=CARTESIAN_POINT('',(1.446187327716E0,8.117291783288E-1,
-4.114430479639E0));
#1488=CARTESIAN_POINT('',(1.445276700071E0,8.135480612804E-1,
-4.104313518573E0));
#1489=CARTESIAN_POINT('',(1.444366072427E0,8.153669442320E-1,
-4.094196557508E0));
#1490=CARTESIAN_POINT('',(1.443455444783E0,8.171858271835E-1,
-4.084079596442E0));
#1491=CARTESIAN_POINT('',(1.443176655075E0,1.263759175289E0,-4.200032276171E0));
#1492=CARTESIAN_POINT('',(1.442273810307E0,1.265691438525E0,-4.189936504582E0));
#1493=CARTESIAN_POINT('',(1.441370965539E0,1.267623701760E0,-4.179840732993E0));
#1494=CARTESIAN_POINT('',(1.440468120771E0,1.269555964995E0,-4.169744961404E0));
#1495=CARTESIAN_POINT('',(1.446179253534E0,1.803654782404E0,-4.300430415302E0));
#1496=CARTESIAN_POINT('',(1.445268646781E0,1.805473859945E0,-4.290313515987E0));
#1497=CARTESIAN_POINT('',(1.444358040029E0,1.807292937486E0,-4.280196616673E0));
#1498=CARTESIAN_POINT('',(1.443447433276E0,1.809112015026E0,-4.270079717358E0));
#1499=CARTESIAN_POINT('',(1.452775640500E0,2.325107692497E0,-4.384432521517E0));
#1500=CARTESIAN_POINT('',(1.451847974260E0,2.326643917496E0,-4.374268827427E0));
#1501=CARTESIAN_POINT('',(1.450920308020E0,2.328180142495E0,-4.364105133337E0));
#1502=CARTESIAN_POINT('',(1.449992641780E0,2.329716367494E0,-4.353941439247E0));
#1503=CARTESIAN_POINT('',(1.458953555936E0,2.793407101438E0,-4.443254530698E0));
#1504=CARTESIAN_POINT('',(1.458009904014E0,2.794595417122E0,-4.433046608860E0));
#1505=CARTESIAN_POINT('',(1.457066252091E0,2.795783732805E0,-4.422838687022E0));
#1506=CARTESIAN_POINT('',(1.456122600169E0,2.796972048489E0,-4.412630765184E0));
#1507=CARTESIAN_POINT('',(1.462662141758E0,3.103115361426E0,-4.473370548572E0));
#1508=CARTESIAN_POINT('',(1.461708890027E0,3.104035344907E0,-4.463135918953E0));
#1509=CARTESIAN_POINT('',(1.460755638297E0,3.104955328387E0,-4.452901289333E0));
#1510=CARTESIAN_POINT('',(1.459802386566E0,3.105875311868E0,-4.442666659714E0));
#1511=CARTESIAN_POINT('',(1.465156041867E0,3.367312203416E0,-4.492145815293E0));
#1512=CARTESIAN_POINT('',(1.464196334081E0,3.367982676384E0,-4.481893154612E0));
#1513=CARTESIAN_POINT('',(1.463236626295E0,3.368653149352E0,-4.471640493931E0));
#1514=CARTESIAN_POINT('',(1.462276918509E0,3.369323622320E0,-4.461387833251E0));
#1515=CARTESIAN_POINT('',(1.466637878347E0,3.565874807228E0,-4.502779351825E0));
#1516=CARTESIAN_POINT('',(1.465674334949E0,3.566348419727E0,-4.492515931892E0));
#1517=CARTESIAN_POINT('',(1.464710791550E0,3.566822032226E0,-4.482252511959E0));
#1518=CARTESIAN_POINT('',(1.463747248152E0,3.567295644725E0,-4.471989092027E0));
#1519=CARTESIAN_POINT('',(1.467722134774E0,3.781528826202E0,-4.510117621586E0));
#1520=CARTESIAN_POINT('',(1.466755780660E0,3.781779505289E0,-4.499846393034E0));
#1521=CARTESIAN_POINT('',(1.465789426547E0,3.782030184376E0,-4.489575164483E0));
#1522=CARTESIAN_POINT('',(1.464823072434E0,3.782280863464E0,-4.479303935931E0));
#1523=CARTESIAN_POINT('',(1.468126472352E0,3.999549783555E0,-4.512776300111E0));
#1524=CARTESIAN_POINT('',(1.467159074109E0,3.999562561501E0,-4.502502076665E0));
#1525=CARTESIAN_POINT('',(1.466191675866E0,3.999575339447E0,-4.492227853219E0));
#1526=CARTESIAN_POINT('',(1.465224277622E0,3.999588117393E0,-4.481953629773E0));
#1527=CARTESIAN_POINT('',(1.467783509498E0,4.217831156485E0,-4.510510275738E0));
#1528=CARTESIAN_POINT('',(1.466816996401E0,4.217605242687E0,-4.500238604134E0));
#1529=CARTESIAN_POINT('',(1.465850483305E0,4.217379328890E0,-4.489966932530E0));
#1530=CARTESIAN_POINT('',(1.464883970208E0,4.217153415092E0,-4.479695260926E0));
#1531=CARTESIAN_POINT('',(1.466840009910E0,4.423389107144E0,-4.504185072860E0));
#1532=CARTESIAN_POINT('',(1.465875942976E0,4.422949055352E0,-4.493920188367E0));
#1533=CARTESIAN_POINT('',(1.464911876043E0,4.422509003561E0,-4.483655303875E0));
#1534=CARTESIAN_POINT('',(1.463947809109E0,4.422068951769E0,-4.473390419383E0));
#1535=CARTESIAN_POINT('',(1.465345389815E0,4.633845816984E0,-4.493549974789E0));
#1536=CARTESIAN_POINT('',(1.464385191922E0,4.633195557162E0,-4.483295941860E0));
#1537=CARTESIAN_POINT('',(1.463424994028E0,4.632545297341E0,-4.473041908931E0));
#1538=CARTESIAN_POINT('',(1.462464796135E0,4.631895037519E0,-4.462787876003E0));
#1539=CARTESIAN_POINT('',(1.462880203995E0,4.898643241218E0,-4.475077989161E0));
#1540=CARTESIAN_POINT('',(1.461926387765E0,4.897741902165E0,-4.464841787195E0));
#1541=CARTESIAN_POINT('',(1.460972571536E0,4.896840563112E0,-4.454605585228E0));
#1542=CARTESIAN_POINT('',(1.460018755307E0,4.895939224059E0,-4.444369383262E0));
#1543=CARTESIAN_POINT('',(1.459089453619E0,5.219146158822E0,-4.444379220460E0));
#1544=CARTESIAN_POINT('',(1.458145449962E0,5.217965926456E0,-4.434170322118E0));
#1545=CARTESIAN_POINT('',(1.457201446304E0,5.216785694091E0,-4.423961423777E0));
#1546=CARTESIAN_POINT('',(1.456257442646E0,5.215605461725E0,-4.413752525435E0));
#1547=CARTESIAN_POINT('',(1.452878620157E0,5.688881515733E0,-4.385779181420E0));
#1548=CARTESIAN_POINT('',(1.451950687610E0,5.687349763415E0,-4.375614757380E0));
#1549=CARTESIAN_POINT('',(1.451022755063E0,5.685818011098E0,-4.365450333340E0));
#1550=CARTESIAN_POINT('',(1.450094822515E0,5.684286258781E0,-4.355285909301E0));
#1551=CARTESIAN_POINT('',(1.446187774613E0,6.218574335361E0,-4.300448351574E0));
#1552=CARTESIAN_POINT('',(1.445277145829E0,6.216755580106E0,-4.290331392180E0));
#1553=CARTESIAN_POINT('',(1.444366517045E0,6.214936824852E0,-4.280214432786E0));
#1554=CARTESIAN_POINT('',(1.443455888261E0,6.213118069597E0,-4.270097473393E0));
#1555=CARTESIAN_POINT('',(1.443168358341E0,6.758762867498E0,-4.200019253823E0));
#1556=CARTESIAN_POINT('',(1.442265535005E0,6.756830251704E0,-4.189923539803E0));
#1557=CARTESIAN_POINT('',(1.441362711670E0,6.754897635909E0,-4.179827825783E0));
#1558=CARTESIAN_POINT('',(1.440459888334E0,6.752965020115E0,-4.169732111763E0));
#1559=CARTESIAN_POINT('',(1.446187319136E0,7.210543110502E0,-4.114415847236E0));
#1560=CARTESIAN_POINT('',(1.445276691587E0,7.208724357098E0,-4.104298889949E0));
#1561=CARTESIAN_POINT('',(1.444366064038E0,7.206905603694E0,-4.094181932662E0));
#1562=CARTESIAN_POINT('',(1.443455436489E0,7.205086850290E0,-4.084064975375E0));
#1563=CARTESIAN_POINT('',(1.452773155378E0,7.512814070625E0,-4.063032459545E0));
#1564=CARTESIAN_POINT('',(1.451845495454E0,7.511277754394E0,-4.052868786002E0));
#1565=CARTESIAN_POINT('',(1.450917835529E0,7.509741438164E0,-4.042705112458E0));
#1566=CARTESIAN_POINT('',(1.449990175604E0,7.508205121933E0,-4.032541438914E0));
#1567=CARTESIAN_POINT('',(1.458957242756E0,7.711676569345E0,-4.035080532278E0));
#1568=CARTESIAN_POINT('',(1.458013581267E0,7.710488374141E0,-4.024872583648E0));
#1569=CARTESIAN_POINT('',(1.457069919778E0,7.709300178936E0,-4.014664635018E0));
#1570=CARTESIAN_POINT('',(1.456126258290E0,7.708111983732E0,-4.004456686388E0));
#1571=CARTESIAN_POINT('',(1.464966105194E0,7.877817933300E0,-4.016362391079E0));
#1572=CARTESIAN_POINT('',(1.464006890304E0,7.877065607563E0,-4.006111157968E0));
#1573=CARTESIAN_POINT('',(1.463047675415E0,7.876313281827E0,-3.995859924858E0));
#1574=CARTESIAN_POINT('',(1.462088460526E0,7.875560956091E0,-3.985608691748E0));
#1575=CARTESIAN_POINT('',(1.468641786407E0,7.987093634272E0,-4.011033194441E0));
#1576=CARTESIAN_POINT('',(1.467673052654E0,7.986859754736E0,-4.000755244856E0));
#1577=CARTESIAN_POINT('',(1.466704318901E0,7.986625875200E0,-3.990477295272E0));
#1578=CARTESIAN_POINT('',(1.465735585147E0,7.986391995665E0,-3.980199345688E0));
#1579=CARTESIAN_POINT('',(1.467798138450E0,8.037085687438E0,-4.012256359779E0));
#1580=CARTESIAN_POINT('',(1.466831589481E0,8.037297355889E0,-4.001984542200E0));
#1581=CARTESIAN_POINT('',(1.465865040512E0,8.037509024340E0,-3.991712724622E0));
#1582=CARTESIAN_POINT('',(1.464898491543E0,8.037720692791E0,-3.981440907043E0));
#1583=CARTESIAN_POINT('',(1.467345417168E0,8.047511058060E0,-4.012804940578E0));
#1584=CARTESIAN_POINT('',(1.466380040688E0,8.047835057714E0,-4.002536417786E0));
#1585=CARTESIAN_POINT('',(1.465414664208E0,8.048159057368E0,-3.992267894993E0));
#1586=CARTESIAN_POINT('',(1.464449287729E0,8.048483057022E0,-3.981999372201E0));
#1587=B_SPLINE_SURFACE_WITH_KNOTS('',3,3,((#1467,#1468,#1469,#1470),(#1471,
#1472,#1473,#1474),(#1475,#1476,#1477,#1478),(#1479,#1480,#1481,#1482),(#1483,
#1484,#1485,#1486),(#1487,#1488,#1489,#1490),(#1491,#1492,#1493,#1494),(#1495,
#1496,#1497,#1498),(#1499,#1500,#1501,#1502),(#1503,#1504,#1505,#1506),(#1507,
#1508,#1509,#1510),(#1511,#1512,#1513,#1514),(#1515,#1516,#1517,#1518),(#1519,
#1520,#1521,#1522),(#1523,#1524,#1525,#1526),(#1527,#1528,#1529,#1530),(#1531,
#1532,#1533,#1534),(#1535,#1536,#1537,#1538),(#1539,#1540,#1541,#1542),(#1543,
#1544,#1545,#1546),(#1547,#1548,#1549,#1550),(#1551,#1552,#1553,#1554),(#1555,
#1556,#1557,#1558),(#1559,#1560,#1561,#1562),(#1563,#1564,#1565,#1566),(#1567,
#1568,#1569,#1570),(#1571,#1572,#1573,#1574),(#1575,#1576,#1577,#1578),(#1579,
#1580,#1581,#1582),(#1583,#1584,#1585,#1586)),.UNSPECIFIED.,.F.,.F.,.F.,(4,1,1,
1,1,1,1,1,1,1,1,1,1,1,1,1,1,1,1,1,1,1,1,1,1,1,1,4),(4,4),(-2.000000002424E-2,
0.E0,6.248886511223E-2,1.249777302482E-1,1.874665953842E-1,2.499554605202E-1,
3.124443256562E-1,3.749331907922E-1,4.049278460575E-1,4.374220559282E-1,
4.518194904555E-1,4.674167111935E-1,4.830139319314E-1,4.999109210642E-1,
5.143134865375E-1,5.299162658003E-1,5.455190450631E-1,5.624220559312E-1,
5.924274006673E-1,6.249331907981E-1,6.874443256651E-1,7.499554605321E-1,
8.124665953991E-1,8.749777302660E-1,9.049830750022E-1,9.374888651330E-1,1.E0,
1.02E0),(-2.167175711674E-1,1.216717571167E0),.UNSPECIFIED.);
#1588=ORIENTED_EDGE('',*,*,#1024,.F.);
#1590=ORIENTED_EDGE('',*,*,#1589,.F.);
#1591=ORIENTED_EDGE('',*,*,#1299,.F.);
#1592=ORIENTED_EDGE('',*,*,#1448,.T.);
#1593=EDGE_LOOP('',(#1588,#1590,#1591,#1592));
#1594=FACE_OUTER_BOUND('',#1593,.F.);
#1595=ADVANCED_FACE('',(#1594),#1587,.F.);
#1596=CARTESIAN_POINT('',(1.465444364809E0,-8.485291693934E-3,
-3.985935044637E0));
#1597=CARTESIAN_POINT('',(1.466226160883E0,3.595321359388E-2,
-3.984894037396E0));
#1598=CARTESIAN_POINT('',(1.462132586735E0,1.603641403420E-1,
-3.989699771709E0));
#1599=CARTESIAN_POINT('',(1.451826375963E0,4.498103916937E-1,
-4.026197120783E0));
#1600=CARTESIAN_POINT('',(1.443932255754E0,8.163754422571E-1,
-4.088587110096E0));
#1601=CARTESIAN_POINT('',(1.440941464111E0,1.268695053609E0,-4.174243087008E0));
#1602=CARTESIAN_POINT('',(1.443924234939E0,1.808301543591E0,-4.274587203656E0));
#1603=CARTESIAN_POINT('',(1.450477044050E0,2.329031936048E0,-4.358469657865E0));
#1604=CARTESIAN_POINT('',(1.456614124414E0,2.796442633153E0,-4.417178578558E0));
#1605=CARTESIAN_POINT('',(1.460298187645E0,3.105465450560E0,-4.447226305662E0));
#1606=CARTESIAN_POINT('',(1.462775595828E0,3.369024922166E0,-4.465955467618E0));
#1607=CARTESIAN_POINT('',(1.464247634288E0,3.567084644445E0,-4.476561493121E0));
#1608=CARTESIAN_POINT('',(1.465324710675E0,3.782169191503E0,-4.483879796507E0));
#1609=CARTESIAN_POINT('',(1.465726381100E0,3.999582425668E0,-4.486530817190E0));
#1610=CARTESIAN_POINT('',(1.465385679275E0,4.217254052993E0,-4.484271317789E0));
#1611=CARTESIAN_POINT('',(1.464448428479E0,4.422265000217E0,-4.477963469327E0));
#1612=CARTESIAN_POINT('',(1.462963691803E0,4.632184732723E0,-4.467356118325E0));
#1613=CARTESIAN_POINT('',(1.460514807876E0,4.896340778648E0,-4.448929725819E0));
#1614=CARTESIAN_POINT('',(1.456749123594E0,5.216131275445E0,-4.418300771439E0));
#1615=CARTESIAN_POINT('',(1.450579343436E0,5.684968697199E0,-4.359814451321E0));
#1616=CARTESIAN_POINT('',(1.443932699741E0,6.213928397409E0,-4.274604986309E0));
#1617=CARTESIAN_POINT('',(1.440933222124E0,6.753826088612E0,-4.174230211860E0));
#1618=CARTESIAN_POINT('',(1.443932247420E0,7.205897177484E0,-4.088572487357E0));
#1619=CARTESIAN_POINT('',(1.450474575058E0,7.508889593588E0,-4.037069648428E0));
#1620=CARTESIAN_POINT('',(1.456617786796E0,7.708641345365E0,-4.009004511632E0));
#1621=CARTESIAN_POINT('',(1.463067329515E0,7.889357220079E0,-3.988660301430E0));
#1622=CARTESIAN_POINT('',(1.466225180523E0,7.986214788003E0,-3.984882826516E0));
#1623=CARTESIAN_POINT('',(1.465443570537E0,8.031127656479E0,-3.985939216061E0));
#1624=CARTESIAN_POINT('',(1.465013627564E0,-8.468662229806E-3,
-3.987007940925E0));
#1625=CARTESIAN_POINT('',(1.465795636571E0,3.592882857693E-2,
-3.985967637589E0));
#1626=CARTESIAN_POINT('',(1.461700947325E0,1.602746660247E-1,
-3.990769682731E0));
#1627=CARTESIAN_POINT('',(1.451391935055E0,4.496563061792E-1,
-4.027257874021E0));
#1628=CARTESIAN_POINT('',(1.443495673414E0,8.161859730953E-1,
-4.089640943642E0));
#1629=CARTESIAN_POINT('',(1.440504071414E0,1.268493856240E0,-4.175294319278E0));
#1630=CARTESIAN_POINT('',(1.443487650421E0,1.808112052749E0,-4.275641029603E0));
#1631=CARTESIAN_POINT('',(1.450042237143E0,2.328871775569E0,-4.359529230130E0));
#1632=CARTESIAN_POINT('',(1.456180984832E0,2.796318649144E0,-4.418243583760E0));
#1633=CARTESIAN_POINT('',(1.459866050027E0,3.105369408232E0,-4.448294592389E0));
#1634=CARTESIAN_POINT('',(1.462344132146E0,3.368954913687E0,-4.467025970036E0));
#1635=CARTESIAN_POINT('',(1.463816570908E0,3.567035212167E0,-4.477633317765E0));
#1636=CARTESIAN_POINT('',(1.464893941434E0,3.782142962368E0,-4.484952580854E0));
#1637=CARTESIAN_POINT('',(1.465295720361E0,3.999581084449E0,-4.487603969602E0));
#1638=CARTESIAN_POINT('',(1.464954926649E0,4.217277703394E0,-4.485344156584E0));
#1639=CARTESIAN_POINT('',(1.464017419802E0,4.422310930548E0,-4.479035473967E0));
#1640=CARTESIAN_POINT('',(1.462532279271E0,4.632252629561E0,-4.468426789373E0));
#1641=CARTESIAN_POINT('',(1.460082729183E0,4.896434877951E0,-4.449998205746E0));
#1642=CARTESIAN_POINT('',(1.456316020716E0,5.216254418745E0,-4.419365896613E0));
#1643=CARTESIAN_POINT('',(1.450144564274E0,5.685128393782E0,-4.360874113220E0));
#1644=CARTESIAN_POINT('',(1.443496117517E0,6.214117854916E0,-4.275658819632E0));
#1645=CARTESIAN_POINT('',(1.440495827199E0,6.754027322462E0,-4.175281437066E0));
#1646=CARTESIAN_POINT('',(1.443495665056E0,7.206086633254E0,-4.089626320422E0));
#1647=CARTESIAN_POINT('',(1.450039767514E0,7.509049766850E0,-4.038129218169E0));
#1648=CARTESIAN_POINT('',(1.456184648217E0,7.708765317011E0,-4.010069520128E0));
#1649=CARTESIAN_POINT('',(1.462635944794E0,7.889432132620E0,-3.989731056203E0));
#1650=CARTESIAN_POINT('',(1.465794655931E0,7.986239046283E0,-3.985956425545E0));
#1651=CARTESIAN_POINT('',(1.465012833079E0,8.031110969221E0,-3.987012111703E0));
#1652=CARTESIAN_POINT('',(1.464360553367E0,-8.757003973350E-3,
-3.968403892514E0));
#1653=CARTESIAN_POINT('',(1.465138870821E0,3.635162925653E-2,
-3.967352998790E0));
#1654=CARTESIAN_POINT('',(1.461063512146E0,1.618261999377E-1,
-3.972210546700E0));
#1655=CARTESIAN_POINT('',(1.450803123058E0,4.523318985215E-1,
-4.008836573084E0));
#1656=CARTESIAN_POINT('',(1.442944071694E0,8.194791343551E-1,
-4.071323835153E0));
#1657=CARTESIAN_POINT('',(1.439966560146E0,1.271992127037E0,-4.157016388610E0));
#1658=CARTESIAN_POINT('',(1.442936086532E0,1.811405569232E0,-4.257324035323E0));
#1659=CARTESIAN_POINT('',(1.449459785204E0,2.331653452256E0,-4.341125712222E0));
#1660=CARTESIAN_POINT('',(1.455569585769E0,2.798470555083E0,-4.399758284854E0));
#1661=CARTESIAN_POINT('',(1.459237266049E0,3.107035508313E0,-4.429759906916E0));
#1662=CARTESIAN_POINT('',(1.461703656282E0,3.370169176376E0,-4.448457941985E0));
#1663=CARTESIAN_POINT('',(1.463169148954E0,3.567892907183E0,-4.459045393756E0));
#1664=CARTESIAN_POINT('',(1.464241427774E0,3.782597067369E0,-4.466350217005E0));
#1665=CARTESIAN_POINT('',(1.464641316804E0,3.999604240429E0,-4.468996067575E0));
#1666=CARTESIAN_POINT('',(1.464302125032E0,4.216868434860E0,-4.466740973444E0));
#1667=CARTESIAN_POINT('',(1.463369049622E0,4.421514010939E0,-4.460444841674E0));
#1668=CARTESIAN_POINT('',(1.461890915850E0,4.631074976146E0,-4.449856223784E0));
#1669=CARTESIAN_POINT('',(1.459452922904E0,4.894802536166E0,-4.431460612757E0));
#1670=CARTESIAN_POINT('',(1.455703984688E0,5.214117145270E0,-4.400878792030E0));
#1671=CARTESIAN_POINT('',(1.449561630164E0,5.682354810910E0,-4.342469245640E0));
#1672=CARTESIAN_POINT('',(1.442944513740E0,6.210824921455E0,-4.257341714268E0));
#1673=CARTESIAN_POINT('',(1.439958354726E0,6.750528413847E0,-4.157003612832E0));
#1674=CARTESIAN_POINT('',(1.442944063538E0,7.202793706333E0,-4.071309218954E0));
#1675=CARTESIAN_POINT('',(1.449457326965E0,7.506267918213E0,-4.019725738255E0));
#1676=CARTESIAN_POINT('',(1.455573231820E0,7.706613628818E0,-3.991584171676E0));
#1677=CARTESIAN_POINT('',(1.461994095131E0,7.888133120058E0,-3.971159226725E0));
#1678=CARTESIAN_POINT('',(1.465137894906E0,7.985818443204E0,-3.967341804130E0));
#1679=CARTESIAN_POINT('',(1.464359762608E0,8.031400313013E0,-3.968408073049E0));
#1680=CARTESIAN_POINT('',(1.462998112608E0,-9.058084853078E-3,
-3.948977831062E0));
#1681=CARTESIAN_POINT('',(1.463772575460E0,3.679310820215E-2,
-3.947916014361E0));
#1682=CARTESIAN_POINT('',(1.459717401030E0,1.634462917458E-1,
-3.952830807951E0));
#1683=CARTESIAN_POINT('',(1.449507787303E0,4.551260247608E-1,
-3.989599003388E0));
#1684=CARTESIAN_POINT('',(1.441687596857E0,8.229184530153E-1,
-4.052193738202E0));
#1685=CARTESIAN_POINT('',(1.438724801596E0,1.275645763889E0,-4.137926703829E0));
#1686=CARTESIAN_POINT('',(1.441679651201E0,1.814845257075E0,-4.238194056158E0));
#1687=CARTESIAN_POINT('',(1.448171091664E0,2.334558412500E0,-4.321906485485E0));
#1688=CARTESIAN_POINT('',(1.454250663099E0,2.800717711452E0,-4.380454704794E0));
#1689=CARTESIAN_POINT('',(1.457900189411E0,3.108775285051E0,-4.410405387821E0));
#1690=CARTESIAN_POINT('',(1.460354370668E0,3.371437117116E0,-4.429069032508E0));
#1691=CARTESIAN_POINT('',(1.461812609935E0,3.568788544221E0,-4.439635963218E0));
#1692=CARTESIAN_POINT('',(1.462879572801E0,3.783071177441E0,-4.446925893058E0));
#1693=CARTESIAN_POINT('',(1.463277487720E0,3.999628411102E0,-4.449566031467E0));
#1694=CARTESIAN_POINT('',(1.462939969391E0,4.216441152489E0,-4.447315804464E0));
#1695=CARTESIAN_POINT('',(1.462011520506E0,4.420681838966E0,-4.441032617779E0));
#1696=CARTESIAN_POINT('',(1.460540703411E0,4.629845261690E0,-4.430464697034E0));
#1697=CARTESIAN_POINT('',(1.458114778751E0,4.893098014869E0,-4.412103094760E0));
#1698=CARTESIAN_POINT('',(1.454384396866E0,5.211885272465E0,-4.381573349520E0));
#1699=CARTESIAN_POINT('',(1.448272433059E0,5.679458306280E0,-4.323248626735E0));
#1700=CARTESIAN_POINT('',(1.441688036750E0,6.207385842813E0,-4.238211620521E0));
#1701=CARTESIAN_POINT('',(1.438716636698E0,6.746874110557E0,-4.137914037842E0));
#1702=CARTESIAN_POINT('',(1.441687588894E0,7.199354632544E0,-4.052179129225E0));
#1703=CARTESIAN_POINT('',(1.448168645348E0,7.503362782587E0,-4.000506550705E0));
#1704=CARTESIAN_POINT('',(1.454254291055E0,7.704366700098E0,-3.972280540515E0));
#1705=CARTESIAN_POINT('',(1.460643374632E0,7.886776708822E0,-3.951766395984E0));
#1706=CARTESIAN_POINT('',(1.463771604469E0,7.985379258956E0,-3.947904837618E0));
#1707=CARTESIAN_POINT('',(1.462997325744E0,8.031702440208E0,-3.948982021663E0));
#1708=CARTESIAN_POINT('',(1.461377780731E0,-9.288263033553E-3,
-3.934126425423E0));
#1709=CARTESIAN_POINT('',(1.462149296753E0,3.713062041061E-2,
-3.933056373103E0));
#1710=CARTESIAN_POINT('',(1.458109552993E0,1.646848704335E-1,
-3.938014328201E0));
#1711=CARTESIAN_POINT('',(1.447938760719E0,4.572624272956E-1,
-3.974889719635E0));
#1712=CARTESIAN_POINT('',(1.440148285353E0,8.255483973178E-1,
-4.037565492892E0));
#1713=CARTESIAN_POINT('',(1.437196743599E0,1.278439680588E0,-4.123328931578E0));
#1714=CARTESIAN_POINT('',(1.440140369903E0,1.817475482145E0,-4.223565899647E0));
#1715=CARTESIAN_POINT('',(1.446607144087E0,2.336779601703E0,-4.307211033062E0));
#1716=CARTESIAN_POINT('',(1.452663602528E0,2.802435827454E0,-4.365695648893E0));
#1717=CARTESIAN_POINT('',(1.456299249191E0,3.110105412204E0,-4.395607924040E0));
#1718=CARTESIAN_POINT('',(1.458744096157E0,3.372406492037E0,-4.414245638756E0));
#1719=CARTESIAN_POINT('',(1.460196789782E0,3.569473305451E0,-4.424797096929E0));
#1720=CARTESIAN_POINT('',(1.461259689170E0,3.783433588516E0,-4.432075797479E0));
#1721=CARTESIAN_POINT('',(1.461656094258E0,3.999646882625E0,-4.434711629032E0));
#1722=CARTESIAN_POINT('',(1.461319855906E0,4.216114550263E0,-4.432465071746E0));
#1723=CARTESIAN_POINT('',(1.460394943439E0,4.420045601045E0,-4.426191645359E0));
#1724=CARTESIAN_POINT('',(1.458929720288E0,4.628905110649E0,-4.415639329892E0));
#1725=CARTESIAN_POINT('',(1.456513022366E0,4.891794845547E0,-4.397303369825E0));
#1726=CARTESIAN_POINT('',(1.452796827744E0,5.210178844777E0,-4.366812889326E0));
#1727=CARTESIAN_POINT('',(1.446708100428E0,5.677243585024E0,-4.308552124565E0));
#1728=CARTESIAN_POINT('',(1.440148723597E0,6.204756083839E0,-4.223583377608E0));
#1729=CARTESIAN_POINT('',(1.437188609692E0,6.744079683986E0,-4.123316348385E0));
#1730=CARTESIAN_POINT('',(1.440148277521E0,7.196724875599E0,-4.037550889341E0));
#1731=CARTESIAN_POINT('',(1.446604706911E0,7.501141462845E0,-3.985811127829E0));
#1732=CARTESIAN_POINT('',(1.452667216655E0,7.702648758377E0,-3.957521446087E0));
#1733=CARTESIAN_POINT('',(1.459032002807E0,7.885739717808E0,-3.936940045319E0));
#1734=CARTESIAN_POINT('',(1.462148329517E0,7.985043501064E0,-3.933045209859E0));
#1735=CARTESIAN_POINT('',(1.461376996846E0,8.031933418300E0,-3.934130623616E0));
#1736=CARTESIAN_POINT('',(1.459561629673E0,-9.499224586854E-3,
-3.920514866685E0));
#1737=CARTESIAN_POINT('',(1.460330444906E0,3.743995445564E-2,
-3.919437332134E0));
#1738=CARTESIAN_POINT('',(1.456304843396E0,1.658200501889E-1,
-3.924434500294E0));
#1739=CARTESIAN_POINT('',(1.446169633465E0,4.592206282196E-1,
-3.961407284167E0));
#1740=CARTESIAN_POINT('',(1.438406395631E0,8.279591011217E-1,
-4.024156686616E0));
#1741=CARTESIAN_POINT('',(1.435465169487E0,1.281000738820E0,-4.109947812699E0));
#1742=CARTESIAN_POINT('',(1.438398507868E0,1.819886442433E0,-4.210157174041E0));
#1743=CARTESIAN_POINT('',(1.444842672381E0,2.338815541350E0,-4.293741164374E0));
#1744=CARTESIAN_POINT('',(1.450877945928E0,2.804010591517E0,-4.352167993114E0));
#1745=CARTESIAN_POINT('',(1.454500871221E0,3.111324525227E0,-4.382045373154E0));
#1746=CARTESIAN_POINT('',(1.456937162919E0,3.373294952971E0,-4.400659529606E0));
#1747=CARTESIAN_POINT('',(1.458384773675E0,3.570100922371E0,-4.411196930518E0));
#1748=CARTESIAN_POINT('',(1.459443949170E0,3.783765715360E0,-4.418465428979E0));
#1749=CARTESIAN_POINT('',(1.459838970129E0,3.999663807973E0,-4.421097347635E0));
#1750=CARTESIAN_POINT('',(1.459503905248E0,4.215815247761E0,-4.418854124385E0));
#1751=CARTESIAN_POINT('',(1.458582233618E0,4.419462458641E0,-4.412589565474E0));
#1752=CARTESIAN_POINT('',(1.457122137570E0,4.628043433613E0,-4.402051427854E0));
#1753=CARTESIAN_POINT('',(1.454713896347E0,4.890600442521E0,-4.383738764595E0));
#1754=CARTESIAN_POINT('',(1.451010705027E0,5.208614795472E0,-4.353283957685E0));
#1755=CARTESIAN_POINT('',(1.444943275771E0,5.675213575387E0,-4.295081302105E0));
#1756=CARTESIAN_POINT('',(1.438406832362E0,6.202345550940E0,-4.210174573500E0));
#1757=CARTESIAN_POINT('',(1.435457063989E0,6.741518158234E0,-4.109935304733E0));
#1758=CARTESIAN_POINT('',(1.438406387913E0,7.194314343598E0,-4.024142087986E0));
#1759=CARTESIAN_POINT('',(1.444840243596E0,7.499105405583E0,-3.972341285985E0));
#1760=CARTESIAN_POINT('',(1.450881547382E0,7.701074154182E0,-3.943993755305E0));
#1761=CARTESIAN_POINT('',(1.457224063673E0,7.884789297293E0,-3.923351249525E0));
#1762=CARTESIAN_POINT('',(1.460329481106E0,7.984735774878E0,-3.919426181147E0));
#1763=CARTESIAN_POINT('',(1.459560848520E0,8.032145112982E0,-3.920519071778E0));
#1764=CARTESIAN_POINT('',(1.457630375459E0,-9.735642609004E-3,
-3.905260829271E0));
#1765=CARTESIAN_POINT('',(1.458396163994E0,3.778661566370E-2,
-3.904174888927E0));
#1766=CARTESIAN_POINT('',(1.454386411319E0,1.670922091384E-1,
-3.909216110383E0));
#1767=CARTESIAN_POINT('',(1.444291076800E0,4.614150732202E-1,
-3.946298307362E0));
#1768=CARTESIAN_POINT('',(1.436558362199E0,8.306606001482E-1,
-4.009130426032E0));
#1769=CARTESIAN_POINT('',(1.433628695929E0,1.283870712916E0,-4.094952656439E0));
#1770=CARTESIAN_POINT('',(1.436550505463E0,1.822588229158E0,-4.195131004087E0));
#1771=CARTESIAN_POINT('',(1.442969332866E0,2.341097096111E0,-4.278646305282E0));
#1772=CARTESIAN_POINT('',(1.448980865637E0,2.805775353227E0,-4.337008214695E0));
#1773=CARTESIAN_POINT('',(1.452589534638E0,3.112690736829E0,-4.366846392635E0));
#1774=CARTESIAN_POINT('',(1.455016238795E0,3.374290618628E0,-4.385434083049E0));
#1775=CARTESIAN_POINT('',(1.456458153405E0,3.570804265636E0,-4.395955691606E0));
#1776=CARTESIAN_POINT('',(1.457513155543E0,3.784137928345E0,-4.403212728710E0));
#1777=CARTESIAN_POINT('',(1.457906625460E0,3.999682776959E0,-4.405840251496E0));
#1778=CARTESIAN_POINT('',(1.457572875541E0,4.215479818410E0,-4.403600773806E0));
#1779=CARTESIAN_POINT('',(1.456654835923E0,4.418808955880E0,-4.397346176903E0));
#1780=CARTESIAN_POINT('',(1.455200485603E0,4.627077783896E0,-4.386823967113E0));
#1781=CARTESIAN_POINT('',(1.452801721457E0,4.889261921772E0,-4.368537476168E0));
#1782=CARTESIAN_POINT('',(1.449113102381E0,5.206862040748E0,-4.338122745930E0));
#1783=CARTESIAN_POINT('',(1.443069540727E0,5.672938665561E0,-4.279985371531E0));
#1784=CARTESIAN_POINT('',(1.436558797234E0,6.199644243111E0,-4.195148315355E0));
#1785=CARTESIAN_POINT('',(1.433620622267E0,6.738647660271E0,-4.094940232983E0));
#1786=CARTESIAN_POINT('',(1.436558354609E0,7.191613037078E0,-4.009115832933E0));
#1787=CARTESIAN_POINT('',(1.442966913481E0,7.496823718379E0,-3.957246457051E0));
#1788=CARTESIAN_POINT('',(1.448984452889E0,7.699309571588E0,-3.928833937563E0));
#1789=CARTESIAN_POINT('',(1.455302012335E0,7.883724191846E0,-3.908122784773E0));
#1790=CARTESIAN_POINT('',(1.458395204048E0,7.984390915546E0,-3.904163751714E0));
#1791=CARTESIAN_POINT('',(1.457629597366E0,8.032382352598E0,-3.905265042113E0));
#1792=CARTESIAN_POINT('',(1.454909648097E0,-1.007169445187E-2,
-3.883578274298E0));
#1793=CARTESIAN_POINT('',(1.455671134391E0,3.827937060801E-2,
-3.882480380851E0));
#1794=CARTESIAN_POINT('',(1.451683909748E0,1.689004946073E-1,
-3.887584246462E0));
#1795=CARTESIAN_POINT('',(1.441645255224E0,4.645343131500E-1,
-3.924822029587E0));
#1796=CARTESIAN_POINT('',(1.433955927045E0,8.345005700955E-1,
-3.987771771103E0));
#1797=CARTESIAN_POINT('',(1.431042692218E0,1.287950153238E0,-4.073638231969E0));
#1798=CARTESIAN_POINT('',(1.433948114411E0,1.826428608112E0,-4.173772478034E0));
#1799=CARTESIAN_POINT('',(1.440330927066E0,2.344340154278E0,-4.257190102957E0));
#1800=CARTESIAN_POINT('',(1.446308714080E0,2.808283833384E0,-4.315459696699E0));
#1801=CARTESIAN_POINT('',(1.449897118784E0,3.114632709578E0,-4.345242128982E0));
#1802=CARTESIAN_POINT('',(1.452310194934E0,3.375705887280E0,-4.363792184498E0));
#1803=CARTESIAN_POINT('',(1.453744012883E0,3.571804017630E0,-4.374291336205E0));
#1804=CARTESIAN_POINT('',(1.454793082856E0,3.784667005389E0,-4.381532075169E0));
#1805=CARTESIAN_POINT('',(1.455184348102E0,3.999709740358E0,-4.384153346992E0));
#1806=CARTESIAN_POINT('',(1.454852467282E0,4.215003026385E0,-4.381919195520E0));
#1807=CARTESIAN_POINT('',(1.453939590342E0,4.417880048547E0,-4.375678764671E0));
#1808=CARTESIAN_POINT('',(1.452493407165E0,4.625705180840E0,-4.365179204378E0));
#1809=CARTESIAN_POINT('',(1.450108114007E0,4.887359309449E0,-4.346929930655E0));
#1810=CARTESIAN_POINT('',(1.446440208333E0,5.204370627525E0,-4.316572189721E0));
#1811=CARTESIAN_POINT('',(1.440430572713E0,5.669705052558E0,-4.258527645554E0));
#1812=CARTESIAN_POINT('',(1.433956359671E0,6.195804544862E0,-4.173789663895E0));
#1813=CARTESIAN_POINT('',(1.431034663807E0,6.734567475324E0,-4.073625928686E0));
#1814=CARTESIAN_POINT('',(1.433955919639E0,7.187773340759E0,-3.987757185870E0));
#1815=CARTESIAN_POINT('',(1.440328521039E0,7.493580471804E0,-3.935790297611E0));
#1816=CARTESIAN_POINT('',(1.446312281144E0,7.696801346022E0,-3.907285363649E0));
#1817=CARTESIAN_POINT('',(1.452594366230E0,7.882210218495E0,-3.886476594342E0));
#1818=CARTESIAN_POINT('',(1.455670179922E0,7.983900721843E0,-3.882469263222E0));
#1819=CARTESIAN_POINT('',(1.454908874356E0,8.032719572281E0,-3.883582498162E0));
#1820=CARTESIAN_POINT('',(1.451265010643E0,-1.051999159503E-2,
-3.854653487227E0));
#1821=CARTESIAN_POINT('',(1.452020757697E0,3.893671151638E-2,
-3.853539651209E0));
#1822=CARTESIAN_POINT('',(1.448063585708E0,1.713127690889E-1,
-3.858727069072E0));
#1823=CARTESIAN_POINT('',(1.438100543057E0,4.686954234273E-1,
-3.896172366862E0));
#1824=CARTESIAN_POINT('',(1.430469093028E0,8.396231503091E-1,
-3.959278989187E0));
#1825=CARTESIAN_POINT('',(1.427577778014E0,1.293392193040E0,-4.045204442950E0));
#1826=CARTESIAN_POINT('',(1.430461339228E0,1.831551733905E0,-4.145279868008E0));
#1827=CARTESIAN_POINT('',(1.436796107657E0,2.348666440950E0,-4.228567216093E0));
#1828=CARTESIAN_POINT('',(1.442728877363E0,2.811630179616E0,-4.286713682814E0));
#1829=CARTESIAN_POINT('',(1.446290249233E0,3.117223325749E0,-4.316421763749E0));
#1830=CARTESIAN_POINT('',(1.448685145449E0,3.377593873135E0,-4.334921623336E0));
#1831=CARTESIAN_POINT('',(1.450108162346E0,3.573137699723E0,-4.345390822992E0));
#1832=CARTESIAN_POINT('',(1.451149318757E0,3.785372799156E0,-4.352609824151E0));
#1833=CARTESIAN_POINT('',(1.451537642928E0,3.999745709666E0,-4.355222758691E0));
#1834=CARTESIAN_POINT('',(1.451208255527E0,4.214366981682E0,-4.352995711113E0));
#1835=CARTESIAN_POINT('',(1.450302265645E0,4.416640874171E0,-4.346774174379E0));
#1836=CARTESIAN_POINT('',(1.448866977541E0,4.623874111386E0,-4.336304823081E0));
#1837=CARTESIAN_POINT('',(1.446499654853E0,4.884821200678E0,-4.318105188207E0));
#1838=CARTESIAN_POINT('',(1.442859381124E0,5.201047048888E0,-4.287823457348E0));
#1839=CARTESIAN_POINT('',(1.436895003304E0,5.665391365940E0,-4.229902726502E0));
#1840=CARTESIAN_POINT('',(1.430469522439E0,6.190682327144E0,-4.145296886604E0));
#1841=CARTESIAN_POINT('',(1.427569809969E0,6.729124442174E0,-4.045192299950E0));
#1842=CARTESIAN_POINT('',(1.430469085867E0,7.182651125573E0,-3.959264414444E0));
#1843=CARTESIAN_POINT('',(1.436793719452E0,7.489253933885E0,-3.907167467945E0));
#1844=CARTESIAN_POINT('',(1.442732417495E0,7.693455339423E0,-3.878539275183E0));
#1845=CARTESIAN_POINT('',(1.448967179324E0,7.880190559927E0,-3.857600308831E0));
#1846=CARTESIAN_POINT('',(1.452019810534E0,7.983246797662E0,-3.853528559702E0));
#1847=CARTESIAN_POINT('',(1.451264242706E0,8.033169427337E0,-3.854657725790E0));
#1848=CARTESIAN_POINT('',(1.446589791987E0,-1.104650561181E-2,
-3.820681990543E0));
#1849=CARTESIAN_POINT('',(1.447338798469E0,3.970874152860E-2,
-3.819549508838E0));
#1850=CARTESIAN_POINT('',(1.443416922377E0,1.741459322313E-1,
-3.824834645434E0));
#1851=CARTESIAN_POINT('',(1.433542686323E0,4.735827336897E-1,
-3.862522645858E0));
#1852=CARTESIAN_POINT('',(1.425979216630E0,8.456398800120E-1,
-3.925812753547E0));
#1853=CARTESIAN_POINT('',(1.423113647818E0,1.299784205332E0,-4.011807205032E0));
#1854=CARTESIAN_POINT('',(1.425971531930E0,1.837569103373E0,-4.111813833396E0));
#1855=CARTESIAN_POINT('',(1.432249870401E0,2.353747783255E0,-4.194948811762E0));
#1856=CARTESIAN_POINT('',(1.438129766582E0,2.815560484410E0,-4.252951272459E0));
#1857=CARTESIAN_POINT('',(1.441659388483E0,3.120265979984E0,-4.282572394632E0));
#1858=CARTESIAN_POINT('',(1.444032932503E0,3.379811284322E0,-4.301013546988E0));
#1859=CARTESIAN_POINT('',(1.445443263579E0,3.574704104793E0,-4.311447715959E0));
#1860=CARTESIAN_POINT('',(1.446475126114E0,3.786201703246E0,-4.318641293541E0));
#1861=CARTESIAN_POINT('',(1.446859995650E0,3.999787949893E0,-4.321244477148E0));
#1862=CARTESIAN_POINT('',(1.446533537129E0,4.213620002152E0,-4.319025737983E0));
#1863=CARTESIAN_POINT('',(1.445635635526E0,4.415185468747E0,-4.312826298973E0));
#1864=CARTESIAN_POINT('',(1.444213143623E0,4.621723546880E0,-4.302392278854E0));
#1865=CARTESIAN_POINT('',(1.441866927126E0,4.881840218394E0,-4.284250699657E0));
#1866=CARTESIAN_POINT('',(1.438259107007E0,5.197143486760E0,-4.254057867536E0));
#1867=CARTESIAN_POINT('',(1.432347885138E0,5.660324824530E0,-4.196281945353E0));
#1868=CARTESIAN_POINT('',(1.425979642263E0,6.184666024434E0,-4.111830656362E0));
#1869=CARTESIAN_POINT('',(1.423105750680E0,6.722731262962E0,-4.011795249501E0));
#1870=CARTESIAN_POINT('',(1.425979209746E0,7.176634824690E0,-3.925798191061E0));
#1871=CARTESIAN_POINT('',(1.432247503145E0,7.484172298913E0,-3.873549130510E0));
#1872=CARTESIAN_POINT('',(1.438133275087E0,7.689525433684E0,-3.844776777602E0));
#1873=CARTESIAN_POINT('',(1.444312455802E0,7.877818516100E0,-3.823685537281E0));
#1874=CARTESIAN_POINT('',(1.447337859881E0,7.982478780516E0,-3.819538447875E0));
#1875=CARTESIAN_POINT('',(1.446589030868E0,8.033697771081E0,-3.820686246300E0));
#1876=CARTESIAN_POINT('',(1.441664889822E0,-1.155370149013E-2,
-3.787956884520E0));
#1877=CARTESIAN_POINT('',(1.442407403077E0,4.045244442161E-2,
-3.786806524997E0));
#1878=CARTESIAN_POINT('',(1.438519527626E0,1.768751510209E-1,
-3.792185355962E0));
#1879=CARTESIAN_POINT('',(1.428730842257E0,4.782909261796E-1,
-3.830106067376E0));
#1880=CARTESIAN_POINT('',(1.421232862783E0,8.514362625765E-1,
-3.893572109332E0));
#1881=CARTESIAN_POINT('',(1.418392097578E0,1.305942191975E0,-3.979632719615E0));
#1882=CARTESIAN_POINT('',(1.421225244652E0,1.843366101156E0,-4.079573381924E0));
#1883=CARTESIAN_POINT('',(1.427449220210E0,2.358642927486E0,-4.162562261199E0));
#1884=CARTESIAN_POINT('',(1.433278180909E0,2.819346693812E0,-4.220426643785E0));
#1885=CARTESIAN_POINT('',(1.436777217165E0,3.123197038877E0,-4.249964387392E0));
#1886=CARTESIAN_POINT('',(1.439130192084E0,3.381947356510E0,-4.268349249769E0));
#1887=CARTESIAN_POINT('',(1.440528302521E0,3.576213067451E0,-4.278749830520E0));
#1888=CARTESIAN_POINT('',(1.441551212616E0,3.787000158658E0,-4.285919031465E0));
#1889=CARTESIAN_POINT('',(1.441932753825E0,3.999828635128E0,-4.288512865669E0));
#1890=CARTESIAN_POINT('',(1.441609117173E0,4.212900471828E0,-4.286302092785E0));
#1891=CARTESIAN_POINT('',(1.440719006654E0,4.413783435907E0,-4.280123841519E0));
#1892=CARTESIAN_POINT('',(1.439308841671E0,4.619651868470E0,-4.269723697724E0));
#1893=CARTESIAN_POINT('',(1.436982957300E0,4.878968572183E0,-4.251637783764E0));
#1894=CARTESIAN_POINT('',(1.433406400654E0,5.193383041684E0,-4.221530190300E0));
#1895=CARTESIAN_POINT('',(1.427546386303E0,5.655443940743E0,-4.163893115785E0));
#1896=CARTESIAN_POINT('',(1.421233284774E0,6.178870054530E0,-4.079590017309E0));
#1897=CARTESIAN_POINT('',(1.418384268754E0,6.716572151941E0,-3.979620943841E0));
#1898=CARTESIAN_POINT('',(1.421232856155E0,7.170838855322E0,-3.893557558585E0));
#1899=CARTESIAN_POINT('',(1.427446873152E0,7.479276875331E0,-3.841162644088E0));
#1900=CARTESIAN_POINT('',(1.433281658949E0,7.685739608871E0,-3.812252065296E0));
#1901=CARTESIAN_POINT('',(1.439407296677E0,7.875533499505E0,-3.791014820291E0));
#1902=CARTESIAN_POINT('',(1.442406472742E0,7.981738943259E0,-3.786795493312E0));
#1903=CARTESIAN_POINT('',(1.441664135273E0,8.034206729551E0,-3.787961156764E0));
#1904=CARTESIAN_POINT('',(1.436522477849E0,-1.205298337551E-2,
-3.755742370486E0));
#1905=CARTESIAN_POINT('',(1.437258599212E0,4.118454241466E-2,
-3.754574470624E0));
#1906=CARTESIAN_POINT('',(1.433404193719E0,1.795617890014E-1,
-3.760045227227E0));
#1907=CARTESIAN_POINT('',(1.423699725869E0,4.829257950549E-1,
-3.798194259119E0));
#1908=CARTESIAN_POINT('',(1.416266217627E0,8.571424886181E-1,
-3.861832917905E0));
#1909=CARTESIAN_POINT('',(1.413449870439E0,1.312004443321E0,-3.947958439897E0));
#1910=CARTESIAN_POINT('',(1.416258665026E0,1.849072932066E0,-4.047834379598E0));
#1911=CARTESIAN_POINT('',(1.422429123539E0,2.363461858170E0,-4.130679914681E0));
#1912=CARTESIAN_POINT('',(1.428207942182E0,2.823073902264E0,-4.188408823851E0));
#1913=CARTESIAN_POINT('',(1.431676869611E0,3.126082392284E0,-4.217864762158E0));
#1914=CARTESIAN_POINT('',(1.434009596147E0,3.384050112104E0,-4.236194396833E0));
#1915=CARTESIAN_POINT('',(1.435395676442E0,3.577698506088E0,-4.246562023285E0));
#1916=CARTESIAN_POINT('',(1.436409774091E0,3.787786130517E0,-4.253707307710E0));
#1917=CARTESIAN_POINT('',(1.436788038597E0,3.999868681921E0,-4.256291968975E0));
#1918=CARTESIAN_POINT('',(1.436467180098E0,4.212192198024E0,-4.254089012014E0));
#1919=CARTESIAN_POINT('',(1.435584738794E0,4.412403260590E0,-4.247931548566E0));
#1920=CARTESIAN_POINT('',(1.434186708542E0,4.617612501713E0,-4.237564641725E0));
#1921=CARTESIAN_POINT('',(1.431880839281E0,4.876141706874E0,-4.219533342503E0));
#1922=CARTESIAN_POINT('',(1.428335058713E0,5.189681197549E0,-4.189509379322E0));
#1923=CARTESIAN_POINT('',(1.422525454190E0,5.650639049811E0,-4.132008533234E0));
#1924=CARTESIAN_POINT('',(1.416266636030E0,6.173164235642E0,-4.047850830939E0));
#1925=CARTESIAN_POINT('',(1.413442108868E0,6.710508793571E0,-3.947946840495E0));
#1926=CARTESIAN_POINT('',(1.416266211243E0,7.165133036107E0,-3.861818378667E0));
#1927=CARTESIAN_POINT('',(1.422426796376E0,7.474457671456E0,-3.809280360501E0));
#1928=CARTESIAN_POINT('',(1.428211390235E0,7.682012779130E0,-3.780234163309E0));
#1929=CARTESIAN_POINT('',(1.434284319605E0,7.873284133790E0,-3.758853668566E0));
#1930=CARTESIAN_POINT('',(1.437257676997E0,7.981010650587E0,-3.754563467659E0));
#1931=CARTESIAN_POINT('',(1.436521729768E0,8.034707746524E0,-3.755746658908E0));
#1932=CARTESIAN_POINT('',(1.429430770702E0,-1.271951528484E-2,
-3.712736576797E0));
#1933=CARTESIAN_POINT('',(1.430158359025E0,4.216187898848E-2,
-3.711545305982E0));
#1934=CARTESIAN_POINT('',(1.426348635174E0,1.831484034343E-1,
-3.717138545326E0));
#1935=CARTESIAN_POINT('',(1.416756597449E0,4.891133657284E-1,
-3.755591795921E0));
#1936=CARTESIAN_POINT('',(1.409409159305E0,8.647604138066E-1,
-3.819460454223E0));
#1937=CARTESIAN_POINT('',(1.406625410814E0,1.320097704474E0,-3.905672466717E0));
#1938=CARTESIAN_POINT('',(1.409401694189E0,1.856691664165E0,-4.005462167871E0));
#1939=CARTESIAN_POINT('',(1.415500706621E0,2.369895168803E0,-4.088116707154E0));
#1940=CARTESIAN_POINT('',(1.421212585530E0,2.828049714527E0,-4.145665108571E0));
#1941=CARTESIAN_POINT('',(1.424641317918E0,3.129934307105E0,-4.175012048023E0));
#1942=CARTESIAN_POINT('',(1.426947013067E0,3.386857261559E0,-4.193268096425E0));
#1943=CARTESIAN_POINT('',(1.428317033205E0,3.579681554823E0,-4.203591814090E0));
#1944=CARTESIAN_POINT('',(1.429319366639E0,3.788835368951E0,-4.210705231834E0));
#1945=CARTESIAN_POINT('',(1.429693256569E0,3.999922140852E0,-4.213277670948E0));
#1946=CARTESIAN_POINT('',(1.429376107095E0,4.211246688468E0,-4.211085128029E0));
#1947=CARTESIAN_POINT('',(1.428503903818E0,4.410560737921E0,-4.204955362540E0));
#1948=CARTESIAN_POINT('',(1.427122073321E0,4.614889975025E0,-4.194632741090E0));
#1949=CARTESIAN_POINT('',(1.424842924034E0,4.872367874455E0,-4.176674211412E0));
#1950=CARTESIAN_POINT('',(1.421338229277E0,5.184739247712E0,-4.146761678716E0));
#1951=CARTESIAN_POINT('',(1.415595921943E0,5.644224483385E0,-4.089442346354E0));
#1952=CARTESIAN_POINT('',(1.409409572918E0,6.165546854714E0,-4.005478373986E0));
#1953=CARTESIAN_POINT('',(1.406617739028E0,6.702414054414E0,-3.905661102320E0));
#1954=CARTESIAN_POINT('',(1.409409153241E0,7.157515654084E0,-3.819445930312E0));
#1955=CARTESIAN_POINT('',(1.415498406028E0,7.468023997506E0,-3.766717236825E0));
#1956=CARTESIAN_POINT('',(1.421215993554E0,7.677037472533E0,-3.737490338701E0));
#1957=CARTESIAN_POINT('',(1.427218557623E0,7.870281270478E0,-3.715918975420E0));
#1958=CARTESIAN_POINT('',(1.430157447646E0,7.980038394048E0,-3.711534341280E0));
#1959=CARTESIAN_POINT('',(1.429430031257E0,8.035376594742E0,-3.712740886775E0));
#1960=CARTESIAN_POINT('',(1.420184992471E0,-1.356423575774E-2,
-3.658233720386E0));
#1961=CARTESIAN_POINT('',(1.420901766574E0,4.340049316100E-2,
-3.657012882036E0));
#1962=CARTESIAN_POINT('',(1.417148669279E0,1.876938560105E-1,
-3.662761079181E0));
#1963=CARTESIAN_POINT('',(1.407699119905E0,4.969552253421E-1,
-3.701599211223E0));
#1964=CARTESIAN_POINT('',(1.400460764100E0,8.744151430316E-1,
-3.765758854434E0));
#1965=CARTESIAN_POINT('',(1.397718330395E0,1.330354900186E0,-3.852080291130E0));
#1966=CARTESIAN_POINT('',(1.400453409858E0,1.866347415360E0,-3.951760886838E0));
#1967=CARTESIAN_POINT('',(1.406461873949E0,2.378048487551E0,-4.034173786971E0));
#1968=CARTESIAN_POINT('',(1.412088916488E0,2.834355812375E0,-4.091493819154E0));
#1969=CARTESIAN_POINT('',(1.415466707847E0,3.134816006331E0,-4.120702859165E0));
#1970=CARTESIAN_POINT('',(1.417738144919E0,3.390414877398E0,-4.138865810331E0));
#1971=CARTESIAN_POINT('',(1.419087811264E0,3.582194764016E0,-4.149133977109E0));
#1972=CARTESIAN_POINT('',(1.420075235743E0,3.790165085664E0,-4.156207078994E0));
#1973=CARTESIAN_POINT('',(1.420443581339E0,3.999989888157E0,-4.158764055349E0));
#1974=CARTESIAN_POINT('',(1.420131132725E0,4.210048435108E0,-4.156584687672E0));
#1975=CARTESIAN_POINT('',(1.419271904215E0,4.408225624324E0,-4.150489964021E0));
#1976=CARTESIAN_POINT('',(1.417910604398E0,4.611439604582E0,-4.140223369905E0));
#1977=CARTESIAN_POINT('',(1.415665318526E0,4.867585134092E0,-4.122356904172E0));
#1978=CARTESIAN_POINT('',(1.412212693703E0,5.178476066721E0,-4.092585347277E0));
#1979=CARTESIAN_POINT('',(1.406555675740E0,5.636094921457E0,-4.035495656827E0));
#1980=CARTESIAN_POINT('',(1.400461171641E0,6.155892816069E0,-3.951776782702E0));
#1981=CARTESIAN_POINT('',(1.397710772402E0,6.692154985405E0,-3.852069224055E0));
#1982=CARTESIAN_POINT('',(1.400460758436E0,7.147861613300E0,-3.765744349905E0));
#1983=CARTESIAN_POINT('',(1.406459607041E0,7.459870219893E0,-3.712774422725E0));
#1984=CARTESIAN_POINT('',(1.412092273781E0,7.670732015641E0,-3.683318910969E0));
#1985=CARTESIAN_POINT('',(1.418005660586E0,7.866475628234E0,-3.661506071154E0));
#1986=CARTESIAN_POINT('',(1.420900868925E0,7.978806217993E0,-3.657001965735E0));
#1987=CARTESIAN_POINT('',(1.420184263971E0,8.036224250756E0,-3.658238057636E0));
#1988=CARTESIAN_POINT('',(1.408544775334E0,-1.458082168838E-2,
-3.592641745811E0));
#1989=CARTESIAN_POINT('',(1.409248535008E0,4.489111274017E-2,
-3.591385426219E0));
#1990=CARTESIAN_POINT('',(1.405563585142E0,1.931641265869E-1,
-3.597319573654E0));
#1991=CARTESIAN_POINT('',(1.396285517564E0,5.063928216837E-1,
-3.636619570190E0));
#1992=CARTESIAN_POINT('',(1.389178442843E0,8.860347081152E-1,
-3.701128403697E0));
#1993=CARTESIAN_POINT('',(1.386485732260E0,1.342699619324E0,-3.787581153318E0));
#1994=CARTESIAN_POINT('',(1.389171222035E0,1.877968209033E0,-3.887130818602E0));
#1995=CARTESIAN_POINT('',(1.395070710815E0,2.387860959352E0,-3.969253744842E0));
#1996=CARTESIAN_POINT('',(1.400595653974E0,2.841945072742E0,-4.026299729241E0));
#1997=CARTESIAN_POINT('',(1.403912139189E0,3.140690978863E0,-4.055343287817E0));
#1998=CARTESIAN_POINT('',(1.406142347689E0,3.394696343439E0,-4.073394521130E0));
#1999=CARTESIAN_POINT('',(1.407467518765E0,3.585219343235E0,-4.083596026254E0));
#2000=CARTESIAN_POINT('',(1.408437001470E0,3.791765300937E0,-4.090620748765E0));
#2001=CARTESIAN_POINT('',(1.408798674150E0,4.000071412918E0,-4.093159169662E0));
#2002=CARTESIAN_POINT('',(1.408491883375E0,4.208606438300E0,-4.090995612400E0));
#2003=CARTESIAN_POINT('',(1.407648268930E0,4.405415379181E0,-4.084942939254E0));
#2004=CARTESIAN_POINT('',(1.406311677201E0,4.607287203601E0,-4.074743578512E0));
#2005=CARTESIAN_POINT('',(1.404107144947E0,4.861829258716E0,-4.056987590650E0));
#2006=CARTESIAN_POINT('',(1.400717184862E0,5.170938458498E0,-4.027385206850E0));
#2007=CARTESIAN_POINT('',(1.395162811412E0,5.626311043173E0,-3.970571091375E0));
#2008=CARTESIAN_POINT('',(1.389178843072E0,6.144274083695E0,-3.887146342156E0));
#2009=CARTESIAN_POINT('',(1.386478311222E0,6.679808011500E0,-3.787570443042E0));
#2010=CARTESIAN_POINT('',(1.389178437645E0,7.136242876861E0,-3.701113922411E0));
#2011=CARTESIAN_POINT('',(1.395068484467E0,7.450057199008E0,-3.647854507897E0));
#2012=CARTESIAN_POINT('',(1.400598950219E0,7.663143526852E0,-3.618124655078E0));
#2013=CARTESIAN_POINT('',(1.406405014460E0,7.861895690603E0,-3.596022039716E0));
#2014=CARTESIAN_POINT('',(1.409247653874E0,7.977323346425E0,-3.591374567993E0));
#2015=CARTESIAN_POINT('',(1.408544060009E0,8.037244369486E0,-3.592646115792E0));
#2016=CARTESIAN_POINT('',(1.396421819294E0,-1.559077013155E-2,
-3.527477973736E0));
#2017=CARTESIAN_POINT('',(1.397112649548E0,4.637199865871E-2,
-3.526186515654E0));
#2018=CARTESIAN_POINT('',(1.393495401865E0,1.985986889630E-1,
-3.532304816949E0));
#2019=CARTESIAN_POINT('',(1.384387699706E0,5.157690644644E-1,
-3.572062220853E0));
#2020=CARTESIAN_POINT('',(1.377411054382E0,8.975789513826E-1,
-3.636916878471E0));
#2021=CARTESIAN_POINT('',(1.374767744988E0,1.354964402484E0,-3.723499675949E0));
#2022=CARTESIAN_POINT('',(1.377403966142E0,1.889513671445E0,-3.822919672174E0));
#2023=CARTESIAN_POINT('',(1.383195186613E0,2.397609681504E0,-3.904755419933E0));
#2024=CARTESIAN_POINT('',(1.388618694470E0,2.849484927292E0,-3.961530000429E0));
#2025=CARTESIAN_POINT('',(1.391874273021E0,3.146527647740E0,-3.990409674858E0));
#2026=CARTESIAN_POINT('',(1.394063521700E0,3.398949880485E0,-4.008350268937E0));
#2027=CARTESIAN_POINT('',(1.395364357086E0,3.588224214182E0,-4.018485756132E0));
#2028=CARTESIAN_POINT('',(1.396316015742E0,3.793355020800E0,-4.025462566544E0));
#2029=CARTESIAN_POINT('',(1.396671058485E0,4.000152398530E0,-4.027982611182E0));
#2030=CARTESIAN_POINT('',(1.396369889206E0,4.207173912344E0,-4.025834711643E0));
#2031=CARTESIAN_POINT('',(1.395541786310E0,4.402623446626E0,-4.019823682857E0));
#2032=CARTESIAN_POINT('',(1.394229741635E0,4.603161888587E0,-4.009690906220E0));
#2033=CARTESIAN_POINT('',(1.392065697355E0,4.856110914050E0,-3.992044329561E0));
#2034=CARTESIAN_POINT('',(1.388737993661E0,5.163449922644E0,-3.962609485916E0));
#2035=CARTESIAN_POINT('',(1.383285597049E0,5.616590731300E0,-3.906068286747E0));
#2036=CARTESIAN_POINT('',(1.377411447345E0,6.132730669470E0,-3.822934827004E0));
#2037=CARTESIAN_POINT('',(1.374760460022E0,6.667540987932E0,-3.723489319038E0));
#2038=CARTESIAN_POINT('',(1.377411049633E0,7.124699456975E0,-3.636902420185E0));
#2039=CARTESIAN_POINT('',(1.383193000583E0,7.440307934778E0,-3.583356309061E0));
#2040=CARTESIAN_POINT('',(1.388621930070E0,7.655604439074E0,-3.553354761893E0));
#2041=CARTESIAN_POINT('',(1.394321370910E0,7.857345650194E0,-3.530965167986E0));
#2042=CARTESIAN_POINT('',(1.397111784813E0,7.975850157935E0,-3.526175714930E0));
#2043=CARTESIAN_POINT('',(1.396421117060E0,8.038257827658E0,-3.527482376132E0));
#2044=CARTESIAN_POINT('',(1.379606694674E0,-1.693281200292E-2,
-3.440886833253E0));
#2045=CARTESIAN_POINT('',(1.380280344076E0,4.833983127426E-2,
-3.439548822710E0));
#2046=CARTESIAN_POINT('',(1.376753060176E0,2.058202663126E-1,
-3.445911096068E0));
#2047=CARTESIAN_POINT('',(1.367871747483E0,5.282287601241E-1,
-3.486274491902E0));
#2048=CARTESIAN_POINT('',(1.361068426545E0,9.129198856439E-1,
-3.551587315966E0));
#2049=CARTESIAN_POINT('',(1.358490765978E0,1.371262958365E0,-3.638342408859E0));
#2050=CARTESIAN_POINT('',(1.361061514468E0,1.904856223934E0,-3.737590611500E0));
#2051=CARTESIAN_POINT('',(1.366708859904E0,2.410564401126E0,-3.819045889804E0));
#2052=CARTESIAN_POINT('',(1.371997575067E0,2.859504237472E0,-3.875460902380E0));
#2053=CARTESIAN_POINT('',(1.375172218478E0,3.154283612397E0,-3.904123456846E0));
#2054=CARTESIAN_POINT('',(1.377307038286E0,3.404602107019E0,-3.921917472199E0));
#2055=CARTESIAN_POINT('',(1.378575535420E0,3.592217203555E0,-3.931965496684E0));
#2056=CARTESIAN_POINT('',(1.379503509817E0,3.795467416036E0,-3.938878831698E0));
#2057=CARTESIAN_POINT('',(1.379849741810E0,4.000260005340E0,-3.941374530890E0));
#2058=CARTESIAN_POINT('',(1.379556043255E0,4.205270410569E0,-3.939247375192E0));
#2059=CARTESIAN_POINT('',(1.378748551727E0,4.398913419234E0,-3.933291518114E0));
#2060=CARTESIAN_POINT('',(1.377469126087E0,4.597680045904E0,-3.923246954248E0));
#2061=CARTESIAN_POINT('',(1.375358883688E0,4.848512187118E0,-3.905745329351E0));
#2062=CARTESIAN_POINT('',(1.372113908680E0,5.153498810687E0,-3.876532449262E0));
#2063=CARTESIAN_POINT('',(1.366797024323E0,5.603673768251E0,-3.820352821640E0));
#2064=CARTESIAN_POINT('',(1.361068809847E0,6.117390839095E0,-3.737605277824E0));
#2065=CARTESIAN_POINT('',(1.358483661841E0,6.651239454489E0,-3.638332520113E0));
#2066=CARTESIAN_POINT('',(1.361068422374E0,7.109359617026E0,-3.551572888130E0));
#2067=CARTESIAN_POINT('',(1.366706727480E0,7.427352499150E0,-3.497646945956E0));
#2068=CARTESIAN_POINT('',(1.372000730083E0,7.645586148093E0,-3.467285446080E0));
#2069=CARTESIAN_POINT('',(1.377558485409E0,7.851299447988E0,-3.444515652033E0));
#2070=CARTESIAN_POINT('',(1.380279501121E0,7.973892553840E0,-3.439538098154E0));
#2071=CARTESIAN_POINT('',(1.379606009837E0,8.039604533333E0,-3.440891278599E0));
#2072=CARTESIAN_POINT('',(1.357358501847E0,-1.860911869221E-2,
-3.332728145104E0));
#2073=CARTESIAN_POINT('',(1.358010691212E0,5.079779306566E-2,
-3.331332234704E0));
#2074=CARTESIAN_POINT('',(1.354595777874E0,2.148405535172E-1,
-3.337997949251E0));
#2075=CARTESIAN_POINT('',(1.345997249150E0,5.437924083412E-1,
-3.379115060762E0));
#2076=CARTESIAN_POINT('',(1.339410435014E0,9.320830277562E-1,
-3.444997747410E0));
#2077=CARTESIAN_POINT('',(1.336914780603E0,1.391622507164E0,-3.531967141278E0));
#2078=CARTESIAN_POINT('',(1.339403742984E0,1.924021384156E0,-3.631001667079E0));
#2079=CARTESIAN_POINT('',(1.344871368099E0,2.426746484675E0,-3.711983721660E0));
#2080=CARTESIAN_POINT('',(1.349991711830E0,2.872019400686E0,-3.767951512092E0));
#2081=CARTESIAN_POINT('',(1.353065259655E0,3.163971492279E0,-3.796344019639E0));
#2082=CARTESIAN_POINT('',(1.355132092918E0,3.411662200809E0,-3.813955725645E0));
#2083=CARTESIAN_POINT('',(1.356360196461E0,3.597204822741E0,-3.823894967420E0));
#2084=CARTESIAN_POINT('',(1.357258588808E0,3.798105844038E0,-3.830729354418E0));
#2085=CARTESIAN_POINT('',(1.357593814231E0,4.000394398693E0,-3.833194773733E0));
#2086=CARTESIAN_POINT('',(1.357309448479E0,4.202892924398E0,-3.831093418377E0));
#2087=CARTESIAN_POINT('',(1.356527700759E0,4.394279248227E0,-3.825206181542E0));
#2088=CARTESIAN_POINT('',(1.355289019285E0,4.590832773029E0,-3.815271333230E0));
#2089=CARTESIAN_POINT('',(1.353245980287E0,4.839020718841E0,-3.797949994073E0));
#2090=CARTESIAN_POINT('',(1.350104341141E0,5.141068840418E0,-3.769013185167E0));
#2091=CARTESIAN_POINT('',(1.344956726917E0,5.587538853069E0,-3.713283271629E0));
#2092=CARTESIAN_POINT('',(1.339410806240E0,6.098229079759E0,-3.631015725801E0));
#2093=CARTESIAN_POINT('',(1.336907902357E0,6.630876185694E0,-3.531957834846E0));
#2094=CARTESIAN_POINT('',(1.339410431533E0,7.090197842116E0,-3.444983357405E0));
#2095=CARTESIAN_POINT('',(1.344869302688E0,7.411169528878E0,-3.390584985552E0));
#2096=CARTESIAN_POINT('',(1.349994766202E0,7.633072258449E0,-3.359775784949E0));
#2097=CARTESIAN_POINT('',(1.355375542653E0,7.843747293614E0,-3.336533109995E0));
#2098=CARTESIAN_POINT('',(1.358009875441E0,7.971447368218E0,-3.331321604857E0));
#2099=CARTESIAN_POINT('',(1.357357838745E0,8.041286665440E0,-3.332732643874E0));
#2100=CARTESIAN_POINT('',(1.328803968168E0,-2.061571176527E-2,
-3.203258505985E0));
#2101=CARTESIAN_POINT('',(1.329430469305E0,5.374004862248E-2,
-3.201793669869E0));
#2102=CARTESIAN_POINT('',(1.326150066121E0,2.256381561227E-1,
-3.208820609400E0));
#2103=CARTESIAN_POINT('',(1.317890050136E0,5.624235128406E-1,
-3.250834982288E0));
#2104=CARTESIAN_POINT('',(1.311562420444E0,9.550237998166E-1,
-3.317396074787E0));
#2105=CARTESIAN_POINT('',(1.309164939394E0,1.415995831243E0,-3.404620590848E0));
#2106=CARTESIAN_POINT('',(1.311555991830E0,1.946964567060E0,-3.503400737417E0));
#2107=CARTESIAN_POINT('',(1.316808470386E0,2.446118053555E0,-3.583819432327E0));
#2108=CARTESIAN_POINT('',(1.321727259327E0,2.887000956173E0,-3.639254824191E0));
#2109=CARTESIAN_POINT('',(1.324679789723E0,3.175568386282E0,-3.667325855384E0));
#2110=CARTESIAN_POINT('',(1.326665239395E0,3.420113448214E0,-3.684720532860E0));
#2111=CARTESIAN_POINT('',(1.327844989288E0,3.603175300414E0,-3.694530275642E0));
#2112=CARTESIAN_POINT('',(1.328707972965E0,3.801263964555E0,-3.701270680305E0));
#2113=CARTESIAN_POINT('',(1.329030021141E0,4.000555248261E0,-3.703700053385E0));
#2114=CARTESIAN_POINT('',(1.328756829113E0,4.200047188840E0,-3.701629411659E0));
#2115=CARTESIAN_POINT('',(1.328005895596E0,4.388731872284E0,-3.695823862641E0));
#2116=CARTESIAN_POINT('',(1.326815987200E0,4.582636277949E0,-3.686019623734E0));
#2117=CARTESIAN_POINT('',(1.324853394367E0,4.827658951898E0,-3.668912904049E0));
#2118=CARTESIAN_POINT('',(1.321835454341E0,5.126189276706E0,-3.640304742992E0));
#2119=CARTESIAN_POINT('',(1.316890470555E0,5.568223758128E0,-3.585110194377E0));
#2120=CARTESIAN_POINT('',(1.311562777204E0,6.075289969017E0,-3.503414072798E0));
#2121=CARTESIAN_POINT('',(1.309158331584E0,6.606498407412E0,-3.404611977666E0));
#2122=CARTESIAN_POINT('',(1.311562417738E0,7.067258707145E0,-3.317381729758E0));
#2123=CARTESIAN_POINT('',(1.316806485273E0,7.391796910328E0,-3.262420943520E0));
#2124=CARTESIAN_POINT('',(1.321730193237E0,7.618092228266E0,-3.231078774632E0));
#2125=CARTESIAN_POINT('',(1.326899114890E0,7.834707100770E0,-3.207273160283E0));
#2126=CARTESIAN_POINT('',(1.329429686045E0,7.968520406165E0,-3.201783152731E0));
#2127=CARTESIAN_POINT('',(1.328803331092E0,8.043300231715E0,-3.203263068361E0));
#2128=CARTESIAN_POINT('',(1.298443573135E0,-2.261454122401E-2,-3.074289585E0));
#2129=CARTESIAN_POINT('',(1.299044485559E0,5.667091661264E-2,
-3.072756470854E0));
#2130=CARTESIAN_POINT('',(1.295898071078E0,2.363940105686E-1,
-3.080141240543E0));
#2131=CARTESIAN_POINT('',(1.287975269294E0,5.809834461056E-1,
-3.123044459189E0));
#2132=CARTESIAN_POINT('',(1.281905840019E0,9.778776806182E-1,
-3.190277607168E0));
#2133=CARTESIAN_POINT('',(1.279606161814E0,1.440277134764E0,-3.277754860030E0));
#2134=CARTESIAN_POINT('',(1.281899673814E0,1.969820844494E0,-3.376283005747E0));
#2135=CARTESIAN_POINT('',(1.286937822726E0,2.465415763097E0,-3.456143614698E0));
#2136=CARTESIAN_POINT('',(1.291655827968E0,2.901925047778E0,-3.511051598833E0));
#2137=CARTESIAN_POINT('',(1.294487806409E0,3.187120600559E0,-3.538804170070E0));
#2138=CARTESIAN_POINT('',(1.296392185866E0,3.428532084854E0,-3.555983856346E0));
#2139=CARTESIAN_POINT('',(1.297523767973E0,3.609122814477E0,-3.565665316202E0));
#2140=CARTESIAN_POINT('',(1.298351481965E0,3.804409703934E0,-3.572312621402E0));
#2141=CARTESIAN_POINT('',(1.298660401859E0,4.000715451969E0,-3.574706286802E0));
#2142=CARTESIAN_POINT('',(1.298398342374E0,4.197212654871E0,-3.572666070227E0));
#2143=CARTESIAN_POINT('',(1.297678101881E0,4.383205835786E0,-3.566941441656E0));
#2144=CARTESIAN_POINT('',(1.296536778854E0,4.574471406825E0,-3.557266585579E0));
#2145=CARTESIAN_POINT('',(1.294654322461E0,4.816340970958E0,-3.540372470578E0));
#2146=CARTESIAN_POINT('',(1.291759605712E0,5.111366795299E0,-3.512089873615E0));
#2147=CARTESIAN_POINT('',(1.287016476988E0,5.548982315873E0,-3.457425671082E0));
#2148=CARTESIAN_POINT('',(1.281906182356E0,6.052437749176E0,-3.376295624553E0));
#2149=CARTESIAN_POINT('',(1.279599823431E0,6.582212665678E0,-3.277746933629E0));
#2150=CARTESIAN_POINT('',(1.281905838035E0,7.044406457602E0,-3.190263306629E0));
#2151=CARTESIAN_POINT('',(1.286935917684E0,7.372498166907E0,-3.134745370870E0));
#2152=CARTESIAN_POINT('',(1.291658641894E0,7.603169656861E0,-3.102875229893E0));
#2153=CARTESIAN_POINT('',(1.296616523055E0,7.825701864049E0,-3.078511958115E0));
#2154=CARTESIAN_POINT('',(1.299043734654E0,7.965604772525E0,-3.072746065329E0));
#2155=CARTESIAN_POINT('',(1.298442961990E0,8.045306007387E0,-3.074294210393E0));
#2156=CARTESIAN_POINT('',(1.255535700266E0,-2.527111279844E-2,
-2.902881404421E0));
#2157=CARTESIAN_POINT('',(1.256102603829E0,6.056622161530E-2,
-2.901258052806E0));
#2158=CARTESIAN_POINT('',(1.253134267498E0,2.506892635337E-1,
-2.909115736646E0));
#2159=CARTESIAN_POINT('',(1.245659659777E0,6.056519976107E-1,
-2.953193691002E0));
#2160=CARTESIAN_POINT('',(1.239933420336E0,1.008254435038E0,-3.021315072441E0));
#2161=CARTESIAN_POINT('',(1.237763740775E0,1.472551576327E0,-3.109126362828E0));
#2162=CARTESIAN_POINT('',(1.239927602904E0,2.000200777676E0,-3.207321443623E0));
#2163=CARTESIAN_POINT('',(1.244680873402E0,2.491065102125E0,-3.286444449198E0));
#2164=CARTESIAN_POINT('',(1.249132012669E0,2.921760783305E0,-3.340655385680E0));
#2165=CARTESIAN_POINT('',(1.251803766223E0,3.202474481164E0,-3.367987068533E0));
#2166=CARTESIAN_POINT('',(1.253600396198E0,3.439721105616E0,-3.384882615828E0));
#2167=CARTESIAN_POINT('',(1.254667958629E0,3.617027621331E0,-3.394394533572E0));
#2168=CARTESIAN_POINT('',(1.255448799617E0,3.808590375367E0,-3.400918796496E0));
#2169=CARTESIAN_POINT('',(1.255740268494E0,4.000928341506E0,-3.403265269764E0));
#2170=CARTESIAN_POINT('',(1.255493007604E0,4.193445634049E0,-3.401265263793E0));
#2171=CARTESIAN_POINT('',(1.254813557482E0,4.375861216573E0,-3.395647581452E0));
#2172=CARTESIAN_POINT('',(1.253736808833E0,4.563619655040E0,-3.386143721042E0));
#2173=CARTESIAN_POINT('',(1.251960860903E0,4.801298422708E0,-3.369530590833E0));
#2174=CARTESIAN_POINT('',(1.249229919409E0,5.091666123584E0,-3.341678271250E0));
#2175=CARTESIAN_POINT('',(1.244755080399E0,5.523407775457E0,-3.287714999583E0));
#2176=CARTESIAN_POINT('',(1.239933743488E0,6.022063210378E0,-3.207333115349E0));
#2177=CARTESIAN_POINT('',(1.237757760526E0,6.549932323789E0,-3.109119344154E0));
#2178=CARTESIAN_POINT('',(1.239933419244E0,7.014031871901E0,-3.021300830619E0));
#2179=CARTESIAN_POINT('',(1.244679074888E0,7.346847469438E0,-2.965046529143E0));
#2180=CARTESIAN_POINT('',(1.249134667146E0,7.583335942841E0,-2.932478594645E0));
#2181=CARTESIAN_POINT('',(1.253812054896E0,7.813733303437E0,-2.907378302222E0));
#2182=CARTESIAN_POINT('',(1.256101895887E0,7.961729714969E0,-2.901247794742E0));
#2183=CARTESIAN_POINT('',(1.255535123596E0,8.047971810906E0,-2.902886113111E0));
#2184=CARTESIAN_POINT('',(1.197020076739E0,-2.857243177980E-2,
-2.689872060339E0));
#2185=CARTESIAN_POINT('',(1.197544717865E0,6.540690308866E-2,
-2.688137603390E0));
#2186=CARTESIAN_POINT('',(1.194797676309E0,2.684540376599E-1,
-2.696577563910E0));
#2187=CARTESIAN_POINT('',(1.187880069244E0,6.363100591455E-1,
-2.742101960818E0));
#2188=CARTESIAN_POINT('',(1.182580362360E0,1.046008661485E0,-2.811317051312E0));
#2189=CARTESIAN_POINT('',(1.180572257256E0,1.512665177056E0,-2.899539659833E0));
#2190=CARTESIAN_POINT('',(1.182574978381E0,2.037958941132E0,-2.997324619935E0));
#2191=CARTESIAN_POINT('',(1.186974188737E0,2.522942466561E0,-3.075539392590E0));
#2192=CARTESIAN_POINT('',(1.191093670231E0,2.946411989749E0,-3.128892052695E0));
#2193=CARTESIAN_POINT('',(1.193566305022E0,3.221555247054E0,-3.155705502381E0));
#2194=CARTESIAN_POINT('',(1.195229030747E0,3.453625928443E0,-3.172251196502E0));
#2195=CARTESIAN_POINT('',(1.196217032685E0,3.626851287253E0,-3.181554362439E0));
#2196=CARTESIAN_POINT('',(1.196939630024E0,3.813785252169E0,-3.187927128217E0));
#2197=CARTESIAN_POINT('',(1.197209407065E0,4.001192835373E0,-3.190215495479E0));
#2198=CARTESIAN_POINT('',(1.196980541935E0,4.188764879307E0,-3.188264999381E0));
#2199=CARTESIAN_POINT('',(1.196351776664E0,4.366733730099E0,-3.182778995772E0));
#2200=CARTESIAN_POINT('',(1.195355277233E0,4.550133952912E0,-3.173485676665E0));
#2201=CARTESIAN_POINT('',(1.193711691402E0,4.782604592595E0,-3.157218515753E0));
#2202=CARTESIAN_POINT('',(1.191184280732E0,5.067182796137E0,-3.129895989675E0));
#2203=CARTESIAN_POINT('',(1.187042868437E0,5.491623395296E0,-3.076795775265E0));
#2204=CARTESIAN_POINT('',(1.182580661638E0,5.984311753734E0,-2.997335125477E0));
#2205=CARTESIAN_POINT('',(1.180566722159E0,6.509811387361E0,-2.899533758927E0));
#2206=CARTESIAN_POINT('',(1.182580362241E0,6.976280341881E0,-2.811302881616E0));
#2207=CARTESIAN_POINT('',(1.186972522829E0,7.314968448656E0,-2.754141871188E0));
#2208=CARTESIAN_POINT('',(1.191096126598E0,7.558687250682E0,-2.720714741966E0));
#2209=CARTESIAN_POINT('',(1.195424930894E0,7.798859927954E0,-2.694706967563E0));
#2210=CARTESIAN_POINT('',(1.197544063230E0,7.956914195028E0,-2.688127526787E0));
#2211=CARTESIAN_POINT('',(1.197019542930E0,8.051284602388E0,-2.689876871614E0));
#2212=CARTESIAN_POINT('',(1.118558675615E0,-3.249648893187E-2,
-2.436681133592E0));
#2213=CARTESIAN_POINT('',(1.119033082793E0,7.116067973640E-2,
-2.434816384212E0));
#2214=CARTESIAN_POINT('',(1.116549074782E0,2.895699686430E-1,
-2.443939174306E0));
#2215=CARTESIAN_POINT('',(1.110293589157E0,6.727554933525E-1,
-2.491159879089E0));
#2216=CARTESIAN_POINT('',(1.105500960257E0,1.090893268420E0,-2.561657670656E0));
#2217=CARTESIAN_POINT('',(1.103684951238E0,1.560356135709E0,-2.650362685722E0));
#2218=CARTESIAN_POINT('',(1.105496091550E0,2.082848205028E0,-2.747666643368E0));
#2219=CARTESIAN_POINT('',(1.109474382250E0,2.560838026390E0,-2.824816242421E0));
#2220=CARTESIAN_POINT('',(1.113199603714E0,2.975715557410E0,-2.877162350873E0));
#2221=CARTESIAN_POINT('',(1.115435546569E0,3.244236157539E0,-2.903368051031E0));
#2222=CARTESIAN_POINT('',(1.116939102281E0,3.470154068679E0,-2.919503465085E0));
#2223=CARTESIAN_POINT('',(1.117832530320E0,3.638528656561E0,-2.928561825397E0));
#2224=CARTESIAN_POINT('',(1.118485906569E0,3.819959300933E0,-2.934756930291E0));
#2225=CARTESIAN_POINT('',(1.118729890588E0,4.001507112202E0,-2.936977156266E0));
#2226=CARTESIAN_POINT('',(1.118522900801E0,4.183202068270E0,-2.935084720674E0));
#2227=CARTESIAN_POINT('',(1.117954372127E0,4.355883922433E0,-2.929753136899E0));
#2228=CARTESIAN_POINT('',(1.117053264208E0,4.534103988045E0,-2.920706721600E0));
#2229=CARTESIAN_POINT('',(1.115567015441E0,4.760383681146E0,-2.904845285708E0));
#2230=CARTESIAN_POINT('',(1.113281541067E0,5.038078835603E0,-2.878144066032E0));
#2231=CARTESIAN_POINT('',(1.109536490841E0,5.453838414727E0,-2.826056009183E0));
#2232=CARTESIAN_POINT('',(1.105501231101E0,5.939430467295E0,-2.747675781183E0));
#2233=CARTESIAN_POINT('',(1.103679945432E0,6.462111703474E0,-2.650358095838E0));
#2234=CARTESIAN_POINT('',(1.105500961062E0,6.931398942347E0,-2.561643585250E0));
#2235=CARTESIAN_POINT('',(1.109472874346E0,7.277070974559E0,-2.503419188527E0));
#2236=CARTESIAN_POINT('',(1.113201824661E0,7.529386675290E0,-2.468984430721E0));
#2237=CARTESIAN_POINT('',(1.117116266145E0,7.781180843966E0,-2.441912421246E0));
#2238=CARTESIAN_POINT('',(1.119032491381E0,7.951190326298E0,-2.434806520234E0));
#2239=CARTESIAN_POINT('',(1.118558192785E0,8.055222296088E0,-2.436686065209E0));
#2240=CARTESIAN_POINT('',(1.032817587533E0,-3.638376169317E-2,
-2.185862771973E0));
#2241=CARTESIAN_POINT('',(1.033242232186E0,7.686050407505E-2,
-2.183870545117E0));
#2242=CARTESIAN_POINT('',(1.031018787746E0,3.104880758946E-1,
-2.193661410385E0));
#2243=CARTESIAN_POINT('',(1.025419263572E0,7.088631061885E-1,
-2.242541842923E0));
#2244=CARTESIAN_POINT('',(1.021129037780E0,1.135364936014E0,-2.314294728993E0));
#2245=CARTESIAN_POINT('',(1.019503363112E0,1.607609576814E0,-2.403471779985E0));
#2246=CARTESIAN_POINT('',(1.021124679564E0,2.127324465504E0,-2.500305075331E0));
#2247=CARTESIAN_POINT('',(1.024685931522E0,2.598382910704E0,-2.576412426785E0));
#2248=CARTESIAN_POINT('',(1.028020552237E0,3.004746524900E0,-2.627773677967E0));
#2249=CARTESIAN_POINT('',(1.030022010428E0,3.266705247182E0,-2.653384739628E0));
#2250=CARTESIAN_POINT('',(1.031367881915E0,3.486527639167E0,-2.669118728778E0));
#2251=CARTESIAN_POINT('',(1.032167617505E0,3.650097132228E0,-2.677937568933E0));
#2252=CARTESIAN_POINT('',(1.032752429862E0,3.826074795308E0,-2.683958850136E0));
#2253=CARTESIAN_POINT('',(1.032970854199E0,4.001818344587E0,-2.686112406290E0));
#2254=CARTESIAN_POINT('',(1.032785543273E0,4.177692203494E0,-2.684276777390E0));
#2255=CARTESIAN_POINT('',(1.032276678347E0,4.345135304483E0,-2.679096278251E0));
#2256=CARTESIAN_POINT('',(1.031470071902E0,4.518223918151E0,-2.670291435644E0));
#2257=CARTESIAN_POINT('',(1.030139691686E0,4.738370345376E0,-2.654826967605E0));
#2258=CARTESIAN_POINT('',(1.028093897207E0,5.009245658624E0,-2.628733650543E0));
#2259=CARTESIAN_POINT('',(1.024741529541E0,5.416403122646E0,-2.577635935213E0));
#2260=CARTESIAN_POINT('',(1.021129280406E0,5.894962114459E0,-2.500312874831E0));
#2261=CARTESIAN_POINT('',(1.019498881790E0,6.414849613725E0,-2.403468472998E0));
#2262=CARTESIAN_POINT('',(1.021129039290E0,6.886930454193E0,-2.314280725789E0));
#2263=CARTESIAN_POINT('',(1.024684580485E0,7.239524242976E0,-2.255015830309E0));
#2264=CARTESIAN_POINT('',(1.028022540024E0,7.500358675356E0,-2.219595161578E0));
#2265=CARTESIAN_POINT('',(1.031526480501E0,7.763667397720E0,-2.191481875565E0));
#2266=CARTESIAN_POINT('',(1.033241703280E0,7.945520129595E0,-2.183860889012E0));
#2267=CARTESIAN_POINT('',(1.032817155234E0,8.059123077524E0,-2.185867821372E0));
#2268=CARTESIAN_POINT('',(9.403529751792E-1,-4.023371116252E-2,
-1.937451805696E0));
#2269=CARTESIAN_POINT('',(9.407283355935E-1,8.250558701175E-2,
-1.935334825777E0));
#2270=CARTESIAN_POINT('',(9.387629489161E-1,3.312054514442E-1,
-1.945779486454E0));
#2271=CARTESIAN_POINT('',(9.338131320940E-1,7.446276325275E-1,
-1.996284240741E0));
#2272=CARTESIAN_POINT('',(9.300205595531E-1,1.179416968572E0,
-2.069265498883E0));
#2273=CARTESIAN_POINT('',(9.285834284683E-1,1.654418301642E0,
-2.158904546888E0));
#2274=CARTESIAN_POINT('',(9.300167069742E-1,2.171381027615E0,
-2.255277189367E0));
#2275=CARTESIAN_POINT('',(9.331648633181E-1,2.635571604914E0,
-2.330364484949E0));
#2276=CARTESIAN_POINT('',(9.361125991956E-1,3.033500725427E0,
-2.380761877330E0));
#2277=CARTESIAN_POINT('',(9.378818132848E-1,3.288959347287E0,
-2.405790990513E0));
#2278=CARTESIAN_POINT('',(9.390715086195E-1,3.502744345133E0,
-2.421132125423E0));
#2279=CARTESIAN_POINT('',(9.397784465448E-1,3.661555071727E0,
-2.429716561011E0));
#2280=CARTESIAN_POINT('',(9.402953611493E-1,3.832130933557E0,
-2.435567732338E0));
#2281=CARTESIAN_POINT('',(9.404884632595E-1,4.002126496062E0,
-2.437656042832E0));
#2282=CARTESIAN_POINT('',(9.403246311245E-1,4.172235994496E0,
-2.435876007118E0));
#2283=CARTESIAN_POINT('',(9.398748493836E-1,4.334489401472E0,
-2.430843364655E0));
#2284=CARTESIAN_POINT('',(9.391618409889E-1,4.502495969916E0,
-2.422274934981E0));
#2285=CARTESIAN_POINT('',(9.379858387710E-1,4.716567686255E0,
-2.407198958992E0));
#2286=CARTESIAN_POINT('',(9.361774337759E-1,4.980687400869E0,
-2.381700571177E0));
#2287=CARTESIAN_POINT('',(9.332140122754E-1,5.379323015083E0,
-2.331572081171E0));
#2288=CARTESIAN_POINT('',(9.300207741845E-1,5.850913388738E0,
-2.255283679025E0));
#2289=CARTESIAN_POINT('',(9.285794667372E-1,6.368032318396E0,
-2.158902495572E0));
#2290=CARTESIAN_POINT('',(9.300205615643E-1,6.842881572530E0,
-2.069251575870E0));
#2291=CARTESIAN_POINT('',(9.331636679657E-1,7.202333765422E0,
-2.008968336126E0));
#2292=CARTESIAN_POINT('',(9.361143561127E-1,7.471607417031E0,
-1.972582777462E0));
#2293=CARTESIAN_POINT('',(9.392117158197E-1,7.746322023071E0,
-1.943450436231E0));
#2294=CARTESIAN_POINT('',(9.407278684743E-1,7.939904389899E0,
-1.935325372951E0));
#2295=CARTESIAN_POINT('',(9.403525929550E-1,8.062986405925E0,
-1.937456970396E0));
#2296=CARTESIAN_POINT('',(8.408655744300E-1,-4.404173263486E-2,
-1.691745300743E0));
#2297=CARTESIAN_POINT('',(8.411921878650E-1,8.808917596662E-2,
-1.689506522872E0));
#2298=CARTESIAN_POINT('',(8.394820442762E-1,3.516973224799E-1,
-1.700589490068E0));
#2299=CARTESIAN_POINT('',(8.351749060193E-1,7.800064918307E-1,
-1.752680159932E0));
#2300=CARTESIAN_POINT('',(8.318746456724E-1,1.222997077443E0,
-1.826860801724E0));
#2301=CARTESIAN_POINT('',(8.306240438898E-1,1.700726812820E0,
-1.916950956197E0));
#2302=CARTESIAN_POINT('',(8.318712932733E-1,2.214965596250E0,
-2.012873804382E0));
#2303=CARTESIAN_POINT('',(8.346107878977E-1,2.672359862926E0,
-2.086965117586E0));
#2304=CARTESIAN_POINT('',(8.371758157125E-1,3.061943874785E0,
-2.136421429306E0));
#2305=CARTESIAN_POINT('',(8.387153034463E-1,3.310971881473E0,
-2.160882359178E0));
#2306=CARTESIAN_POINT('',(8.397505171758E-1,3.518784809428E0,
-2.175839936524E0));
#2307=CARTESIAN_POINT('',(8.403656629496E-1,3.672888800060E0,
-2.184195516421E0));
#2308=CARTESIAN_POINT('',(8.408154275739E-1,3.838120437589E0,
-2.189880606198E0));
#2309=CARTESIAN_POINT('',(8.409834747689E-1,4.002431193035E0,
-2.191905215812E0));
#2310=CARTESIAN_POINT('',(8.408408961035E-1,4.166840008047E0,
-2.190179457003E0));
#2311=CARTESIAN_POINT('',(8.404495458995E-1,4.323958919912E0,
-2.185291169888E0));
#2312=CARTESIAN_POINT('',(8.398291203982E-1,4.486938935668E0,
-2.176953556373E0));
#2313=CARTESIAN_POINT('',(8.388058213079E-1,4.695001743641E0,
-2.162256878662E0));
#2314=CARTESIAN_POINT('',(8.372322320478E-1,4.952438114976E0,
-2.137339347583E0));
#2315=CARTESIAN_POINT('',(8.346535569645E-1,5.342642210794E0,
-2.088157177082E0));
#2316=CARTESIAN_POINT('',(8.318748325631E-1,5.807336576125E0,
-2.012879015083E0));
#2317=CARTESIAN_POINT('',(8.306205962447E-1,6.321715324845E0,
-1.916950131016E0));
#2318=CARTESIAN_POINT('',(8.318746479688E-1,6.799304582346E0,
-1.826846956729E0));
#2319=CARTESIAN_POINT('',(8.346097468802E-1,7.165543792632E0,
-1.765569405820E0));
#2320=CARTESIAN_POINT('',(8.371773443287E-1,7.443167181174E0,
-1.728241759800E0));
#2321=CARTESIAN_POINT('',(8.398725286422E-1,7.729165461369E0,
-1.698114467352E0));
#2322=CARTESIAN_POINT('',(8.411917817344E-1,7.934349824700E0,
-1.689497268348E0));
#2323=CARTESIAN_POINT('',(8.408652417647E-1,8.066807660582E0,
-1.691750578052E0));
#2324=CARTESIAN_POINT('',(7.321204383134E-1,-4.778902653813E-2,
-1.449955975408E0));
#2325=CARTESIAN_POINT('',(7.323990828634E-1,9.358370024361E-2,
-1.447599497998E0));
#2326=CARTESIAN_POINT('',(7.309401061400E-1,3.718625643306E-1,
-1.459299290442E0));
#2327=CARTESIAN_POINT('',(7.272654607774E-1,8.148263240133E-1,
-1.512922607101E0));
#2328=CARTESIAN_POINT('',(7.244497678056E-1,1.265892771883E0,
-1.588262423113E0));
#2329=CARTESIAN_POINT('',(7.233827734408E-1,1.746309737903E0,
-1.678788577298E0));
#2330=CARTESIAN_POINT('',(7.244469076771E-1,2.257865651699E0,
-1.774276693610E0));
#2331=CARTESIAN_POINT('',(7.267841699258E-1,2.708567618182E0,
-1.847405416377E0));
#2332=CARTESIAN_POINT('',(7.289725433908E-1,3.089936265905E0,
-1.895952240993E0));
#2333=CARTESIAN_POINT('',(7.302859527279E-1,3.332634446745E0,
-1.919864079352E0));
#2334=CARTESIAN_POINT('',(7.311691399113E-1,3.534569967487E0,
-1.934450993074E0));
#2335=CARTESIAN_POINT('',(7.316939504776E-1,3.684042558640E0,
-1.942585413146E0));
#2336=CARTESIAN_POINT('',(7.320776472309E-1,3.844013507472E0,
-1.948110008278E0));
#2337=CARTESIAN_POINT('',(7.322210276408E-1,4.002730897803E0,
-1.950073059488E0));
#2338=CARTESIAN_POINT('',(7.320993751168E-1,4.161531155359E0,
-1.948399752016E0));
#2339=CARTESIAN_POINT('',(7.317655135508E-1,4.313595671157E0,
-1.943650964241E0));
#2340=CARTESIAN_POINT('',(7.312362001367E-1,4.471629491707E0,
-1.935536404605E0));
#2341=CARTESIAN_POINT('',(7.303631776024E-1,4.673778738536E0,
-1.921206273972E0));
#2342=CARTESIAN_POINT('',(7.290206750024E-1,4.924636569485E0,
-1.896850081573E0));
#2343=CARTESIAN_POINT('',(7.268206594081E-1,5.306540262707E0,
-1.848582459971E0));
#2344=CARTESIAN_POINT('',(7.244499273293E-1,5.764444159726E0,
-1.774280668198E0));
#2345=CARTESIAN_POINT('',(7.233798318902E-1,6.276124045624E0,
-1.678788937274E0));
#2346=CARTESIAN_POINT('',(7.244497700988E-1,6.756411959706E0,
-1.588248653137E0));
#2347=CARTESIAN_POINT('',(7.267832812485E-1,7.129334416315E0,
-1.526010126976E0));
#2348=CARTESIAN_POINT('',(7.289738474205E-1,7.415177661606E0,
-1.487772021042E0));
#2349=CARTESIAN_POINT('',(7.312732395506E-1,7.712282382048E0,
-1.456683208793E0));
#2350=CARTESIAN_POINT('',(7.323987365789E-1,7.928883861432E0,
-1.447590434880E0));
#2351=CARTESIAN_POINT('',(7.321201544572E-1,8.070567976579E0,
-1.449961361593E0));
#2352=CARTESIAN_POINT('',(6.124140023275E-1,-5.145513685113E-2,
-1.213403480379E0));
#2353=CARTESIAN_POINT('',(6.126457180940E-1,9.895916131860E-2,
-1.210934501077E0));
#2354=CARTESIAN_POINT('',(6.114324596968E-1,3.915911313607E-1,
-1.223223876171E0));
#2355=CARTESIAN_POINT('',(6.083766822654E-1,8.488981468870E-1,
-1.278312277665E0));
#2356=CARTESIAN_POINT('',(6.060351891564E-1,1.307872128520E0,
-1.354760264678E0));
#2357=CARTESIAN_POINT('',(6.051478892087E-1,1.790920979718E0,
-1.445703255538E0));
#2358=CARTESIAN_POINT('',(6.060328107163E-1,2.299849240931E0,
-1.540775746800E0));
#2359=CARTESIAN_POINT('',(6.079764470935E-1,2.743998523916E0,
-1.612984234681E0));
#2360=CARTESIAN_POINT('',(6.097962655591E-1,3.117325691755E0,
-1.660661643987E0));
#2361=CARTESIAN_POINT('',(6.108884752983E-1,3.353829016681E0,
-1.684048604928E0));
#2362=CARTESIAN_POINT('',(6.116229190883E-1,3.550013755014E0,
-1.698281208024E0));
#2363=CARTESIAN_POINT('',(6.120593430602E-1,3.694955624066E0,
-1.706204228552E0));
#2364=CARTESIAN_POINT('',(6.123784170913E-1,3.849777779216E0,
-1.711575414509E0));
#2365=CARTESIAN_POINT('',(6.124976510786E-1,4.003023946114E0,
-1.713479624489E0));
#2366=CARTESIAN_POINT('',(6.123964855932E-1,4.156338646118E0,
-1.711856453100E0));
#2367=CARTESIAN_POINT('',(6.121188535964E-1,4.303456078701E0,
-1.707241006135E0));
#2368=CARTESIAN_POINT('',(6.116786852884E-1,4.456651104079E0,
-1.699339655899E0));
#2369=CARTESIAN_POINT('',(6.109526942245E-1,4.653014317029E0,
-1.685359900405E0));
#2370=CARTESIAN_POINT('',(6.098362910397E-1,4.897433945248E0,
-1.661540291992E0));
#2371=CARTESIAN_POINT('',(6.080067912726E-1,5.271212954201E0,
-1.614146923012E0));
#2372=CARTESIAN_POINT('',(6.060353218219E-1,5.722468052297E0,
-1.540778539621E0));
#2373=CARTESIAN_POINT('',(6.051454430425E-1,6.231504622020E0,
-1.445704748689E0));
#2374=CARTESIAN_POINT('',(6.060351910979E-1,6.714435611817E0,
-1.354746565939E0));
#2375=CARTESIAN_POINT('',(6.079757080286E-1,7.093902006144E0,
-1.291589349012E0));
#2376=CARTESIAN_POINT('',(6.097973499580E-1,7.387791050638E0,
-1.252480897931E0));
#2377=CARTESIAN_POINT('',(6.117094872583E-1,7.695764922777E0,
-1.220472966910E0));
#2378=CARTESIAN_POINT('',(6.126454301506E-1,7.923536342732E0,
-1.210925620633E0));
#2379=CARTESIAN_POINT('',(6.124137662729E-1,8.074246826796E0,
-1.213408970698E0));
#2380=CARTESIAN_POINT('',(4.834710605444E-1,-5.504479221666E-2,
-9.817829069132E-1));
#2381=CARTESIAN_POINT('',(4.836568269756E-1,1.042224963494E-1,
-9.792061046378E-1));
#2382=CARTESIAN_POINT('',(4.826841563026E-1,4.109084421958E-1,
-9.920605387567E-1));
#2383=CARTESIAN_POINT('',(4.802344091015E-1,8.822650113760E-1,
-1.048553201064E0));
#2384=CARTESIAN_POINT('',(4.783573415715E-1,1.348987461808E0,
-1.126063438572E0));
#2385=CARTESIAN_POINT('',(4.776460456736E-1,1.834615842083E0,
-1.217406011925E0));
#2386=CARTESIAN_POINT('',(4.783554348470E-1,2.340968688648E0,
-1.312080081725E0));
#2387=CARTESIAN_POINT('',(4.799135593453E-1,2.778697210669E0,
-1.383406469262E0));
#2388=CARTESIAN_POINT('',(4.813724553573E-1,3.144146989072E0,
-1.430250539507E0));
#2389=CARTESIAN_POINT('',(4.822480616833E-1,3.374582742977E0,
-1.453134421894E0));
#2390=CARTESIAN_POINT('',(4.828368548528E-1,3.565136005938E0,
-1.467027435942E0));
#2391=CARTESIAN_POINT('',(4.831867280344E-1,3.705641938451E0,
-1.474747843372E0));
#2392=CARTESIAN_POINT('',(4.834425391905E-1,3.855420846785E0,
-1.479971998568E0));
#2393=CARTESIAN_POINT('',(4.835381179531E-1,4.003310739017E0,
-1.481819813364E0));
#2394=CARTESIAN_POINT('',(4.834570248168E-1,4.151255595312E0,
-1.480244693830E0));
#2395=CARTESIAN_POINT('',(4.832344377663E-1,4.293527185488E0,
-1.475757043699E0));
#2396=CARTESIAN_POINT('',(4.828815615874E-1,4.441984540272E0,
-1.468060040644E0));
#2397=CARTESIAN_POINT('',(4.822995450586E-1,4.632681866554E0,
-1.454416101731E0));
#2398=CARTESIAN_POINT('',(4.814045429700E-1,4.870795633688E0,
-1.431110791785E0));
#2399=CARTESIAN_POINT('',(4.799378848248E-1,5.236615776740E0,
-1.384555397133E0));
#2400=CARTESIAN_POINT('',(4.783574478645E-1,5.681355937621E0,
-1.312081741710E0));
#2401=CARTESIAN_POINT('',(4.776440847845E-1,6.187801740882E0,
-1.217408591441E0));
#2402=CARTESIAN_POINT('',(4.783573428614E-1,6.673323227611E0,
-1.126049807685E0));
#2403=CARTESIAN_POINT('',(4.799129672773E-1,7.059201918138E0,
-1.062011970549E0));
#2404=CARTESIAN_POINT('',(4.813733247853E-1,7.360972514382E0,
-1.022069289255E0));
#2405=CARTESIAN_POINT('',(4.829062503845E-1,7.679591799371E0,
-9.891804112290E-1));
#2406=CARTESIAN_POINT('',(4.836565959729E-1,7.918300367465E0,
-9.791973990212E-1));
#2407=CARTESIAN_POINT('',(4.834708713383E-1,8.077848956318E0,
-9.817884970972E-1));
#2408=CARTESIAN_POINT('',(3.697526151869E-1,-5.797969140975E-2,
-7.924092270136E-1));
#2409=CARTESIAN_POINT('',(3.699008140255E-1,1.085257780666E-1,
-7.897459179429E-1));
#2410=CARTESIAN_POINT('',(3.691248432428E-1,4.267023818500E-1,
-8.030536989187E-1));
#2411=CARTESIAN_POINT('',(3.671706342652E-1,9.095496855920E-1,
-8.606730834760E-1));
#2412=CARTESIAN_POINT('',(3.656733619434E-1,1.382611408243E0,
-9.390356900486E-1));
#2413=CARTESIAN_POINT('',(3.651060071564E-1,1.870350598354E0,
-1.030698909174E0));
#2414=CARTESIAN_POINT('',(3.656718409447E-1,2.374595977901E0,
-1.125053264553E0));
#2415=CARTESIAN_POINT('',(3.669147041769E-1,2.807071546875E0,
-1.195671840041E0));
#2416=CARTESIAN_POINT('',(3.680784724805E-1,3.166078225681E0,
-1.241847259530E0));
#2417=CARTESIAN_POINT('',(3.687769721441E-1,3.391551791299E0,
-1.264327497901E0));
#2418=CARTESIAN_POINT('',(3.692466749863E-1,3.577500324503E0,
-1.277948048148E0));
#2419=CARTESIAN_POINT('',(3.695257790442E-1,3.714379650824E0,
-1.285505894252E0));
#2420=CARTESIAN_POINT('',(3.697298751322E-1,3.860033911977E0,
-1.290612084774E0));
#2421=CARTESIAN_POINT('',(3.698061046623E-1,4.003545118830E0,
-1.292414652670E0));
#2422=CARTESIAN_POINT('',(3.697414315396E-1,4.147100525256E0,
-1.290878085986E0));
#2423=CARTESIAN_POINT('',(3.695638407193E-1,4.285408795595E0,
-1.286492968933E0));
#2424=CARTESIAN_POINT('',(3.692823388246E-1,4.429992786097E0,
-1.278959918103E0));
#2425=CARTESIAN_POINT('',(3.688180423529E-1,4.616057322222E0,
-1.265585415852E0));
#2426=CARTESIAN_POINT('',(3.681040695433E-1,4.849014062496E0,
-1.242692751858E0));
#2427=CARTESIAN_POINT('',(3.669341076744E-1,5.208324485725E0,
-1.196809726232E0));
#2428=CARTESIAN_POINT('',(3.656734466218E-1,5.647734648994E0,
-1.125054015503E0));
#2429=CARTESIAN_POINT('',(3.651044431877E-1,6.152060423086E0,
-1.030702360516E0));
#2430=CARTESIAN_POINT('',(3.656733624834E-1,6.639701694520E0,
-9.390221132949E-1));
#2431=CARTESIAN_POINT('',(3.669142326501E-1,7.030826487035E0,
-8.742776517950E-1));
#2432=CARTESIAN_POINT('',(3.680791662048E-1,7.339043538666E0,
-8.336656047800E-1));
#2433=CARTESIAN_POINT('',(3.693020253909E-1,7.666368577052E0,
-8.000699004459E-1));
#2434=CARTESIAN_POINT('',(3.699006294476E-1,7.914019455147E0,
-7.897373524094E-1));
#2435=CARTESIAN_POINT('',(3.697524643150E-1,8.080794054326E0,
-7.924148973640E-1));
#2436=CARTESIAN_POINT('',(2.763129406379E-1,-6.030366559746E-2,
-6.424549733618E-1));
#2437=CARTESIAN_POINT('',(2.764313921308E-1,1.119332871841E-1,
-6.397238391864E-1));
#2438=CARTESIAN_POINT('',(2.758111746194E-1,4.392087246187E-1,
-6.533870629692E-1));
#2439=CARTESIAN_POINT('',(2.742493730427E-1,9.311564328493E-1,
-7.118898796002E-1));
#2440=CARTESIAN_POINT('',(2.730528714574E-1,1.409239542134E0,
-7.909208313073E-1));
#2441=CARTESIAN_POINT('',(2.725995116799E-1,1.898650890251E0,
-8.828354753820E-1));
#2442=CARTESIAN_POINT('',(2.730516559134E-1,2.401226750128E0,
-9.769391359713E-1));
#2443=CARTESIAN_POINT('',(2.740448548399E-1,2.829541446417E0,
-1.047002714439E0));
#2444=CARTESIAN_POINT('',(2.749749133888E-1,3.183445169232E0,
-1.092653857715E0));
#2445=CARTESIAN_POINT('',(2.755331678296E-1,3.404988918482E0,
-1.114817612334E0));
#2446=CARTESIAN_POINT('',(2.759085673809E-1,3.587291056739E0,
-1.128224534822E0));
#2447=CARTESIAN_POINT('',(2.761316313730E-1,3.721298773371E0,
-1.135654924065E0));
#2448=CARTESIAN_POINT('',(2.762947808575E-1,3.863686440028E0,
-1.140668624582E0));
#2449=CARTESIAN_POINT('',(2.763556852923E-1,4.003730668783E0,
-1.142435716589E0));
#2450=CARTESIAN_POINT('',(2.763040178446E-1,4.143810708132E0,
-1.140929377300E0));
#2451=CARTESIAN_POINT('',(2.761620534296E-1,4.278980100851E0,
-1.136624651146E0));
#2452=CARTESIAN_POINT('',(2.759370704001E-1,4.420497063654E0,
-1.129220147552E0));
#2453=CARTESIAN_POINT('',(2.755659922224E-1,4.602893015820E0,
-1.116056899452E0));
#2454=CARTESIAN_POINT('',(2.749953707392E-1,4.831765653269E0,
-1.093487777188E0));
#2455=CARTESIAN_POINT('',(2.740603604599E-1,5.185920365763E0,
-1.048131942802E0));
#2456=CARTESIAN_POINT('',(2.730529389991E-1,5.621108630412E0,
-9.769391741322E-1));
#2457=CARTESIAN_POINT('',(2.725982620739E-1,6.123754933302E0,
-8.828396103690E-1));
#2458=CARTESIAN_POINT('',(2.730528713149E-1,6.613075472506E0,
-7.909072968693E-1));
#2459=CARTESIAN_POINT('',(2.740444789086E-1,7.008355741273E0,
-7.256087696187E-1));
#2460=CARTESIAN_POINT('',(2.749754680066E-1,7.321678386794E0,
-6.844718858303E-1));
#2461=CARTESIAN_POINT('',(2.759527943143E-1,7.655897847492E0,
-6.503219825228E-1));
#2462=CARTESIAN_POINT('',(2.764312442608E-1,7.910629659075E0,
-6.397153834086E-1));
#2463=CARTESIAN_POINT('',(2.763128201334E-1,8.083126104338E0,
-6.424607065847E-1));
#2464=CARTESIAN_POINT('',(2.065602527925E-1,-6.205018615854E-2,
-5.297609206767E-1));
#2465=CARTESIAN_POINT('',(2.066563484335E-1,1.144941103397E-1,
-5.269787210345E-1));
#2466=CARTESIAN_POINT('',(2.061531833725E-1,4.486075246467E-1,
-5.409095575498E-1));
#2467=CARTESIAN_POINT('',(2.048862823286E-1,9.473941813332E-1,
-6.000775049182E-1));
#2468=CARTESIAN_POINT('',(2.039158123375E-1,1.429250745509E0,
-6.796116460731E-1));
#2469=CARTESIAN_POINT('',(2.035481201732E-1,1.919918657953E0,
-7.717155843436E-1));
#2470=CARTESIAN_POINT('',(2.039148263469E-1,2.421239937469E0,
-8.656305004819E-1));
#2471=CARTESIAN_POINT('',(2.047204005469E-1,2.846427830580E0,
-9.352762279350E-1));
#2472=CARTESIAN_POINT('',(2.054748229286E-1,3.196496707938E0,
-9.805326475405E-1));
#2473=CARTESIAN_POINT('',(2.059276805014E-1,3.415087185189E0,
-1.002458123085E0));
#2474=CARTESIAN_POINT('',(2.062322093080E-1,3.594648997894E0,
-1.015704205999E0));
#2475=CARTESIAN_POINT('',(2.064131581877E-1,3.726498621186E0,
-1.023038633309E0));
#2476=CARTESIAN_POINT('',(2.065455348620E-1,3.866431439395E0,
-1.027982698252E0));
#2477=CARTESIAN_POINT('',(2.065949226265E-1,4.003870119642E0,
-1.029723080538E0));
#2478=CARTESIAN_POINT('',(2.065530287432E-1,4.141338287324E0,
-1.028239499391E0));
#2479=CARTESIAN_POINT('',(2.064378388783E-1,4.274148817772E0,
-1.023995299413E0));
#2480=CARTESIAN_POINT('',(2.062553308442E-1,4.413360829493E0,
-1.016687578715E0));
#2481=CARTESIAN_POINT('',(2.059543080054E-1,4.592999776346E0,
-1.003683383131E0));
#2482=CARTESIAN_POINT('',(2.054914176973E-1,4.818803192667E0,
-9.813578538765E-1));
#2483=CARTESIAN_POINT('',(2.047329768836E-1,5.169083413580E0,
-9.363989379182E-1));
#2484=CARTESIAN_POINT('',(2.039158670035E-1,5.601099015254E0,
-8.656300019939E-1));
#2485=CARTESIAN_POINT('',(2.035471068091E-1,6.102483259573E0,
-7.717202340330E-1));
#2486=CARTESIAN_POINT('',(2.039158116944E-1,6.593065705827E0,
-6.795981435122E-1));
#2487=CARTESIAN_POINT('',(2.047200964376E-1,6.991468718284E0,
-6.138824663881E-1));
#2488=CARTESIAN_POINT('',(2.054752730015E-1,7.308628194382E0,
-5.723504368836E-1));
#2489=CARTESIAN_POINT('',(2.062680769658E-1,7.648028856224E0,
-5.377832798906E-1));
#2490=CARTESIAN_POINT('',(2.066562281578E-1,7.908082147680E0,
-5.269703479022E-1));
#2491=CARTESIAN_POINT('',(2.065601551080E-1,8.084878694071E0,
-5.297667012336E-1));
#2492=CARTESIAN_POINT('',(1.392797179907E-1,-6.381961356575E-2,
-4.155891715584E-1));
#2493=CARTESIAN_POINT('',(1.393531643444E-1,1.170885272532E-1,
-4.127545632832E-1));
#2494=CARTESIAN_POINT('',(1.389685887679E-1,4.581295464727E-1,
-4.269600524327E-1));
#2495=CARTESIAN_POINT('',(1.380004363139E-1,9.638432847782E-1,
-4.868105925180E-1));
#2496=CARTESIAN_POINT('',(1.372589293047E-1,1.449521108686E0,
-5.668611075333E-1));
#2497=CARTESIAN_POINT('',(1.369780118691E-1,1.941461335664E0,
-6.591592941516E-1));
#2498=CARTESIAN_POINT('',(1.372581758572E-1,2.441512319265E0,
-7.528805262086E-1));
#2499=CARTESIAN_POINT('',(1.378736918909E-1,2.863533764550E0,
-8.220974537141E-1));
#2500=CARTESIAN_POINT('',(1.384501899546E-1,3.209718542076E0,
-8.669487922833E-1));
#2501=CARTESIAN_POINT('',(1.387962731624E-1,3.425317563250E0,
-8.886297306179E-1));
#2502=CARTESIAN_POINT('',(1.390290043599E-1,3.602103288872E0,
-9.017107476898E-1));
#2503=CARTESIAN_POINT('',(1.391672879100E-1,3.731766427438E0,
-9.089466906911E-1));
#2504=CARTESIAN_POINT('',(1.392684846534E-1,3.869212728042E0,
-9.138192890015E-1));
#2505=CARTESIAN_POINT('',(1.393062082675E-1,4.004011441075E0,
-9.155322593711E-1));
#2506=CARTESIAN_POINT('',(1.392742125106E-1,4.138833100886E0,
-9.140720346930E-1));
#2507=CARTESIAN_POINT('',(1.391861518221E-1,4.269254387552E0,
-9.098899524068E-1));
#2508=CARTESIAN_POINT('',(1.390466741116E-1,4.406131155398E0,
-9.026815587261E-1));
#2509=CARTESIAN_POINT('',(1.388166227422E-1,4.582977086325E0,
-8.898405951190E-1));
#2510=CARTESIAN_POINT('',(1.384628717081E-1,4.805671581918E0,
-8.677650567161E-1));
#2511=CARTESIAN_POINT('',(1.378833009732E-1,5.152027538986E0,
-8.232134745411E-1));
#2512=CARTESIAN_POINT('',(1.372589709475E-1,5.580830250396E0,
-7.528794770221E-1));
#2513=CARTESIAN_POINT('',(1.369772377807E-1,6.080936626801E0,
-6.591644719850E-1));
#2514=CARTESIAN_POINT('',(1.372589282430E-1,6.572796797300E0,
-5.668476378161E-1));
#2515=CARTESIAN_POINT('',(1.378734604E-1,6.974362116378E0,-5.007038802568E-1));
#2516=CARTESIAN_POINT('',(1.384505340885E-1,7.295407722785E0,
-4.587663365653E-1));
#2517=CARTESIAN_POINT('',(1.390564050613E-1,7.640056694466E0,
-4.237709673232E-1));
#2518=CARTESIAN_POINT('',(1.393530720779E-1,7.905501217087E0,
-4.127462750464E-1));
#2519=CARTESIAN_POINT('',(1.392796434128E-1,8.086654270270E0,
-4.155950006757E-1));
#2520=CARTESIAN_POINT('',(8.734046332473E-2,-6.533140690218E-2,
-3.180417783039E-1));
#2521=CARTESIAN_POINT('',(8.739455783268E-2,1.193052001547E-1,
-3.151612897890E-1));
#2522=CARTESIAN_POINT('',(8.711130770827E-2,4.662650506595E-1,
-3.296072203847E-1));
#2523=CARTESIAN_POINT('',(8.639837276274E-2,9.778947049556E-1,
-3.900552714962E-1));
#2524=CARTESIAN_POINT('',(8.585243670800E-2,1.466834640096E0,
-4.705577549127E-1));
#2525=CARTESIAN_POINT('',(8.564563236118E-2,1.959860732736E0,
-5.630259528062E-1));
#2526=CARTESIAN_POINT('',(8.585188191019E-2,2.458827589506E0,
-6.565776676652E-1));
#2527=CARTESIAN_POINT('',(8.630505767350E-2,2.878145867155E0,
-7.254192770445E-1));
#2528=CARTESIAN_POINT('',(8.672956302625E-2,3.221013788160E0,
-7.699160347353E-1));
#2529=CARTESIAN_POINT('',(8.698442649648E-2,3.434057819153E0,
-7.913829121526E-1));
#2530=CARTESIAN_POINT('',(8.715581838463E-2,3.608471958813E0,
-8.043194320590E-1));
#2531=CARTESIAN_POINT('',(8.725765233189E-2,3.736266829982E0,
-8.114691613994E-1));
#2532=CARTESIAN_POINT('',(8.733220328565E-2,3.871589521849E0,
-8.162791963636E-1));
#2533=CARTESIAN_POINT('',(8.735996692877E-2,4.004132253740E0,
-8.179681699995E-1));
#2534=CARTESIAN_POINT('',(8.733642216582E-2,4.136692123792E0,
-8.165283918941E-1));
#2535=CARTESIAN_POINT('',(8.727154622524E-2,4.265072959194E0,
-8.124006886804E-1));
#2536=CARTESIAN_POINT('',(8.716883060759E-2,4.399954400783E0,
-8.052792466413E-1));
#2537=CARTESIAN_POINT('',(8.699941263208E-2,4.574414232163E0,
-7.925811750953E-1));
#2538=CARTESIAN_POINT('',(8.673890188318E-2,4.794453384706E0,
-7.707244718008E-1));
#2539=CARTESIAN_POINT('',(8.631213227693E-2,5.137458172679E0,
-7.265294430549E-1));
#2540=CARTESIAN_POINT('',(8.585246725901E-2,5.563518067020E0,
-6.565761364856E-1));
#2541=CARTESIAN_POINT('',(8.564506260349E-2,6.062533854134E0,
-5.630315928381E-1));
#2542=CARTESIAN_POINT('',(8.585243543383E-2,6.555484507283E0,
-4.705443141546E-1));
#2543=CARTESIAN_POINT('',(8.630488798898E-2,6.959749409154E0,
-4.040258682393E-1));
#2544=CARTESIAN_POINT('',(8.672981660850E-2,7.284113638546E0,
-3.617333644687E-1));
#2545=CARTESIAN_POINT('',(8.717598814843E-2,7.633245364330E0,
-3.263631506348E-1));
#2546=CARTESIAN_POINT('',(8.739448958394E-2,7.903296066803E0,
-3.151530759952E-1));
#2547=CARTESIAN_POINT('',(8.734040846837E-2,8.088171317144E0,
-3.180476499027E-1));
#2548=CARTESIAN_POINT('',(5.066810879623E-2,-6.657848380582E-2,
-2.375756910295E-1));
#2549=CARTESIAN_POINT('',(5.070623957908E-2,1.211337438690E-1,
-2.346561287706E-1));
#2550=CARTESIAN_POINT('',(5.050657602116E-2,4.729759291647E-1,
-2.493068321064E-1));
#2551=CARTESIAN_POINT('',(5.000413372916E-2,9.894827660284E-1,
-3.102636937124E-1));
#2552=CARTESIAN_POINT('',(4.961946351371E-2,1.481110539962E0,
-3.911510050667E-1));
#2553=CARTESIAN_POINT('',(4.947376496038E-2,1.975031030914E0,
-4.837639488836E-1));
#2554=CARTESIAN_POINT('',(4.961907254359E-2,2.473104939460E0,
-5.771713387068E-1));
#2555=CARTESIAN_POINT('',(4.993838388523E-2,2.890195865215E0,
-6.456933829983E-1));
#2556=CARTESIAN_POINT('',(5.023753873241E-2,3.230329613855E0,
-6.898882070004E-1));
#2557=CARTESIAN_POINT('',(5.041716397801E-2,3.441267038430E0,
-7.111727964834E-1));
#2558=CARTESIAN_POINT('',(5.053796196637E-2,3.613725186656E0,
-7.239862633839E-1));
#2559=CARTESIAN_POINT('',(5.060973259248E-2,3.739978768218E0,
-7.310625721412E-1));
#2560=CARTESIAN_POINT('',(5.066229705628E-2,3.873550659261E0,
-7.358193262234E-1));
#2561=CARTESIAN_POINT('',(5.068185123290E-2,4.004231987762E0,
-7.374878637327E-1));
#2562=CARTESIAN_POINT('',(5.066527108067E-2,4.134925417680E0,
-7.360654983923E-1));
#2563=CARTESIAN_POINT('',(5.061952652059E-2,4.261624101113E0,
-7.319841060577E-1));
#2564=CARTESIAN_POINT('',(5.054713270931E-2,4.394859487444E0,
-7.249367133674E-1));
#2565=CARTESIAN_POINT('',(5.042772625298E-2,4.567351299897E0,
-7.123603281952E-1));
#2566=CARTESIAN_POINT('',(5.024412045072E-2,4.785201074573E0,
-6.906899786424E-1));
#2567=CARTESIAN_POINT('',(4.994336861675E-2,5.125443389593E0,
-6.467985639593E-1));
#2568=CARTESIAN_POINT('',(4.961948495412E-2,5.549243259595E0,
-5.771693971551E-1));
#2569=CARTESIAN_POINT('',(4.947336363713E-2,6.047360775436E0,
-4.837699823756E-1));
#2570=CARTESIAN_POINT('',(4.961946222584E-2,6.541209629820E0,
-3.911375891961E-1));
#2571=CARTESIAN_POINT('',(4.993826491935E-2,6.947698874569E0,
-3.243001144100E-1));
#2572=CARTESIAN_POINT('',(5.023771757686E-2,7.274798768687E0,
-2.817053539990E-1));
#2573=CARTESIAN_POINT('',(5.055217050284E-2,7.627626771684E0,
-2.460159338675E-1));
#2574=CARTESIAN_POINT('',(5.070619123922E-2,7.901477028026E0,
-2.346479785095E-1));
#2575=CARTESIAN_POINT('',(5.066807018506E-2,8.089422727720E0,
-2.375815987747E-1));
#2576=CARTESIAN_POINT('',(2.730722050128E-2,-6.753784435793E-2,
-1.756746670077E-1));
#2577=CARTESIAN_POINT('',(2.733307027271E-2,1.225404291952E-1,
-1.727240813930E-1));
#2578=CARTESIAN_POINT('',(2.719771139784E-2,4.781384517405E-1,
-1.875373692553E-1));
#2579=CARTESIAN_POINT('',(2.685717013754E-2,9.983950031805E-1,
-2.488981669206E-1));
#2580=CARTESIAN_POINT('',(2.659651218834E-2,1.492088082073E0,
-3.300909518553E-1));
#2581=CARTESIAN_POINT('',(2.649779795695E-2,1.986695576170E0,
-4.228187863305E-1));
#2582=CARTESIAN_POINT('',(2.659624721871E-2,2.484083609465E0,
-5.161116197498E-1));
#2583=CARTESIAN_POINT('',(2.681261757443E-2,2.899463017174E0,
-5.843799949204E-1));
#2584=CARTESIAN_POINT('',(2.701536397065E-2,3.237494894214E0,
-6.283351262096E-1));
#2585=CARTESIAN_POINT('',(2.713711635385E-2,3.446812520922E0,
-6.494749970552E-1));
#2586=CARTESIAN_POINT('',(2.721899689526E-2,3.617766207031E0,
-6.621907693423E-1));
#2587=CARTESIAN_POINT('',(2.726764326938E-2,3.742833970071E0,
-6.692087866709E-1));
#2588=CARTESIAN_POINT('',(2.730328877130E-2,3.875059748135E0,
-6.739232381035E-1));
#2589=CARTESIAN_POINT('',(2.731653262032E-2,4.004308771433E0,
-6.755755504162E-1));
#2590=CARTESIAN_POINT('',(2.730530506365E-2,4.133565828728E0,
-6.741670099078E-1));
#2591=CARTESIAN_POINT('',(2.727428298756E-2,4.258971251012E0,
-6.701223863338E-1));
#2592=CARTESIAN_POINT('',(2.722521283765E-2,4.390940259353E0,
-6.631337844960E-1));
#2593=CARTESIAN_POINT('',(2.714427575397E-2,4.561918313673E0,
-6.506540091389E-1));
#2594=CARTESIAN_POINT('',(2.701982498203E-2,4.778084622943E0,
-6.291316062624E-1));
#2595=CARTESIAN_POINT('',(2.681599523611E-2,5.116203298082E0,
-5.854812188066E-1));
#2596=CARTESIAN_POINT('',(2.659652665077E-2,5.538266542521E0,
-5.161093524632E-1));
#2597=CARTESIAN_POINT('',(2.649752611565E-2,6.035694094308E0,
-4.228251320888E-1));
#2598=CARTESIAN_POINT('',(2.659651101691E-2,6.530232872958E0,
-3.300775559156E-1));
#2599=CARTESIAN_POINT('',(2.681253741715E-2,6.938431280180E0,
-2.629868376537E-1));
#2600=CARTESIAN_POINT('',(2.701548528738E-2,7.267634221622E0,
-2.201521281107E-1));
#2601=CARTESIAN_POINT('',(2.722862233733E-2,7.623304511941E0,
-1.842092898581E-1));
#2602=CARTESIAN_POINT('',(2.733303732444E-2,7.900077654681E0,
-1.727159816765E-1));
#2603=CARTESIAN_POINT('',(2.730719436921E-2,8.090385422137E0,
-1.756806034274E-1));
#2604=CARTESIAN_POINT('',(1.211976608935E-2,-6.836927194887E-2,
-1.220288341695E-1));
#2605=CARTESIAN_POINT('',(1.213497221835E-2,1.237595398569E-1,
-1.190503565611E-1));
#2606=CARTESIAN_POINT('',(1.205534554871E-2,4.826124651353E-1,
-1.340098196344E-1));
#2607=CARTESIAN_POINT('',(1.185508591459E-2,1.006116361607E0,
-1.957337374750E-1));
#2608=CARTESIAN_POINT('',(1.170185336252E-2,1.501596813333E0,
-2.772010941022E-1));
#2609=CARTESIAN_POINT('',(1.164383337983E-2,1.996798606144E0,
-3.700321891598E-1));
#2610=CARTESIAN_POINT('',(1.170169755954E-2,2.493593331102E0,
-4.632220625964E-1));
#2611=CARTESIAN_POINT('',(1.182889525475E-2,2.907491495050E0,
-5.312624292470E-1));
#2612=CARTESIAN_POINT('',(1.194811255114E-2,3.243703346575E0,
-5.750020950919E-1));
#2613=CARTESIAN_POINT('',(1.201971680633E-2,3.451618000848E0,
-5.960118670942E-1));
#2614=CARTESIAN_POINT('',(1.206787359833E-2,3.621268116831E0,
-6.086398113987E-1));
#2615=CARTESIAN_POINT('',(1.209648260739E-2,3.745308063866E0,
-6.156054232695E-1));
#2616=CARTESIAN_POINT('',(1.211746008296E-2,3.876368024632E0,
-6.202818426435E-1));
#2617=CARTESIAN_POINT('',(1.212524043146E-2,4.004375377915E0,
-6.219195679268E-1));
#2618=CARTESIAN_POINT('',(1.211864627547E-2,4.132387039215E0,
-6.205234564581E-1));
#2619=CARTESIAN_POINT('',(1.210038857178E-2,4.256672491006E0,
-6.165118897012E-1));
#2620=CARTESIAN_POINT('',(1.207152918853E-2,4.387543903612E0,
-6.095761425406E-1));
#2621=CARTESIAN_POINT('',(1.202392747306E-2,4.557210286158E0,
-5.971832201312E-1));
#2622=CARTESIAN_POINT('',(1.195073599574E-2,4.771918453484E0,
-5.757938182239E-1));
#2623=CARTESIAN_POINT('',(1.183088082285E-2,5.108198240810E0,
-5.323600963793E-1));
#2624=CARTESIAN_POINT('',(1.170186180949E-2,5.528758510254E0,
-4.632195025421E-1));
#2625=CARTESIAN_POINT('',(1.164367365726E-2,6.025589216568E0,
-3.700388155351E-1));
#2626=CARTESIAN_POINT('',(1.170185242440E-2,6.520724820903E0,
-2.771877162545E-1));
#2627=CARTESIAN_POINT('',(1.182884851332E-2,6.930402387915E0,
-2.098693720591E-1));
#2628=CARTESIAN_POINT('',(1.194818397728E-2,7.261426402664E0,
-1.668189665293E-1));
#2629=CARTESIAN_POINT('',(1.207353003492E-2,7.619558690648E0,
-1.306483112021E-1));
#2630=CARTESIAN_POINT('',(1.213495268837E-2,7.898864880883E0,
-1.190423023900E-1));
#2631=CARTESIAN_POINT('',(1.211975075336E-2,8.091219739042E0,
-1.220347963443E-1));
#2632=CARTESIAN_POINT('',(7.325696878131E-3,-6.916252153741E-2,
-7.084738954521E-2));
#2633=CARTESIAN_POINT('',(7.330747468745E-3,1.249226899994E-1,
-6.784037294176E-2));
#2634=CARTESIAN_POINT('',(7.304299036684E-3,4.868808946788E-1,
-8.294940432414E-2));
#2635=CARTESIAN_POINT('',(7.237822892341E-3,1.013478544022E0,
-1.450447835811E-1));
#2636=CARTESIAN_POINT('',(7.186987940059E-3,1.510659466449E0,
-2.267929540703E-1));
#2637=CARTESIAN_POINT('',(7.167746418362E-3,2.006426177345E0,
-3.197296430832E-1));
#2638=CARTESIAN_POINT('',(7.186936230819E-3,2.502656953824E0,
-4.128142302911E-1));
#2639=CARTESIAN_POINT('',(7.229134361575E-3,2.915145799915E0,
-4.806214035033E-1));
#2640=CARTESIAN_POINT('',(7.268702301847E-3,3.249624182830E0,
-5.241406681563E-1));
#2641=CARTESIAN_POINT('',(7.292475065847E-3,3.456201862167E0,
-5.450173466039E-1));
#2642=CARTESIAN_POINT('',(7.308464257634E-3,3.624608780778E0,
-5.575554362588E-1));
#2643=CARTESIAN_POINT('',(7.317962150760E-3,3.747667860145E0,
-5.644674312692E-1));
#2644=CARTESIAN_POINT('',(7.324935076743E-3,3.877617047569E0,
-5.691049377469E-1));
#2645=CARTESIAN_POINT('',(7.327513018527E-3,4.004439044943E0,
-5.707277384926E-1));
#2646=CARTESIAN_POINT('',(7.325329126207E-3,4.131261410228E0,
-5.693443436849E-1));
#2647=CARTESIAN_POINT('',(7.319259575062E-3,4.254479912473E0,
-5.653665993229E-1));
#2648=CARTESIAN_POINT('',(7.309677866298E-3,4.384303952687E0,
-5.584849290417E-1));
#2649=CARTESIAN_POINT('',(7.293873091350E-3,4.552719321442E0,
-5.461808641257E-1));
#2650=CARTESIAN_POINT('',(7.269573207977E-3,4.766037892611E0,
-5.249275250549E-1));
#2651=CARTESIAN_POINT('',(7.229793042986E-3,5.100566221166E0,
-4.817154330603E-1));
#2652=CARTESIAN_POINT('',(7.186990709153E-3,5.519696493323E0,
-4.128113708422E-1));
#2653=CARTESIAN_POINT('',(7.167693481208E-3,6.015959888737E0,
-3.197365563440E-1));
#2654=CARTESIAN_POINT('',(7.186987478357E-3,6.511662813259E0,
-2.267795950532E-1));
#2655=CARTESIAN_POINT('',(7.229119084610E-3,6.922747628347E0,
-1.592284487038E-1));
#2656=CARTESIAN_POINT('',(7.268726062574E-3,7.255506166693E0,
-1.159574060820E-1));
#2657=CARTESIAN_POINT('',(7.310339542265E-3,7.615984977819E0,
-7.955368997282E-2));
#2658=CARTESIAN_POINT('',(7.330740892704E-3,7.897707776530E0,
-6.783236556237E-2));
#2659=CARTESIAN_POINT('',(7.325691806223E-3,8.092015745323E0,
-7.085337802616E-2));
#2660=CARTESIAN_POINT('',(1.075021698790E-2,-6.963100042145E-2,
-4.062122731839E-2));
#2661=CARTESIAN_POINT('',(1.074926948976E-2,1.256096379577E-1,
-3.759611231656E-2));
#2662=CARTESIAN_POINT('',(1.075423050542E-2,4.894016596022E-1,
-5.279999590696E-2));
#2663=CARTESIAN_POINT('',(1.076672795739E-2,1.017823533973E0,
-1.151308932645E-1));
#2664=CARTESIAN_POINT('',(1.077630590317E-2,1.516005608400E0,
-1.970570693562E-1));
#2665=CARTESIAN_POINT('',(1.077993581022E-2,2.012104600449E0,
-2.900606849795E-1));
#2666=CARTESIAN_POINT('',(1.077631563101E-2,2.508003684348E0,
-3.830785408189E-1));
#2667=CARTESIAN_POINT('',(1.076836514422E-2,2.919662734984E0,
-4.507378938264E-1));
#2668=CARTESIAN_POINT('',(1.076092213265E-2,3.253119287806E0,
-4.941174255151E-1));
#2669=CARTESIAN_POINT('',(1.075645545257E-2,3.458908390036E0,
-5.149097147702E-1));
#2670=CARTESIAN_POINT('',(1.075345194486E-2,3.626581430758E0,
-5.273908282631E-1));
#2671=CARTESIAN_POINT('',(1.075166713310E-2,3.749061067674E0,
-5.342688239446E-1));
#2672=CARTESIAN_POINT('',(1.075036273517E-2,3.878355227464E0,
-5.388816541005E-1));
#2673=CARTESIAN_POINT('',(1.074987482171E-2,4.004476722333E0,
-5.404949907631E-1));
#2674=CARTESIAN_POINT('',(1.075028885587E-2,4.130596009619E0,
-5.391196599861E-1));
#2675=CARTESIAN_POINT('',(1.075142379654E-2,4.253185418816E0,
-5.351633638237E-1));
#2676=CARTESIAN_POINT('',(1.075322388130E-2,4.382390785780E0,
-5.283159848272E-1));
#2677=CARTESIAN_POINT('',(1.075619282841E-2,4.550067604413E0,
-5.160682640113E-1));
#2678=CARTESIAN_POINT('',(1.076075844043E-2,4.762566530999E0,
-4.949011970455E-1));
#2679=CARTESIAN_POINT('',(1.076824101867E-2,5.096062408672E0,
-4.518296175775E-1));
#2680=CARTESIAN_POINT('',(1.077630535859E-2,5.514350707275E0,
-3.830754916035E-1));
#2681=CARTESIAN_POINT('',(1.077994581925E-2,6.010280432258E0,
-2.900677800277E-1));
#2682=CARTESIAN_POINT('',(1.077630588659E-2,6.506317050870E0,
-1.970437224730E-1));
#2683=CARTESIAN_POINT('',(1.076836818058E-2,6.918230386451E0,
-1.293450039507E-1));
#2684=CARTESIAN_POINT('',(1.076091770062E-2,7.252011413630E0,
-8.593407875955E-2));
#2685=CARTESIAN_POINT('',(1.075309776399E-2,7.613874475645E0,
-4.938258853150E-2));
#2686=CARTESIAN_POINT('',(1.074927066203E-2,7.897024399046E0,
-3.758813472487E-2));
#2687=CARTESIAN_POINT('',(1.075021795440E-2,8.092485852293E0,
-4.062723245388E-2));
#2688=CARTESIAN_POINT('',(2.698157679350E-2,-6.984859534834E-2,
-2.658362627722E-2));
#2689=CARTESIAN_POINT('',(2.697784239390E-2,1.259287346890E-1,
-2.354719420695E-2));
#2690=CARTESIAN_POINT('',(2.699740001056E-2,4.905722657214E-1,
-3.881039265968E-2));
#2691=CARTESIAN_POINT('',(2.704649295699E-2,1.019834677425E0,
-1.012884538704E-1));
#2692=CARTESIAN_POINT('',(2.708398754522E-2,1.518474467210E0,
-1.833257717454E-1));
#2693=CARTESIAN_POINT('',(2.709816935405E-2,2.014724636514E0,
-2.763711558944E-1));
#2694=CARTESIAN_POINT('',(2.708402571801E-2,2.510472853840E0,
-3.693473654965E-1));
#2695=CARTESIAN_POINT('',(2.705290104431E-2,2.921752391306E0,
-4.369144219099E-1));
#2696=CARTESIAN_POINT('',(2.702368954782E-2,3.254738839094E0,
-4.802066592266E-1));
#2697=CARTESIAN_POINT('',(2.700612745583E-2,3.460164048150E0,
-5.009462096187E-1));
#2698=CARTESIAN_POINT('',(2.699431386502E-2,3.627497000832E0,
-5.133917094406E-1));
#2699=CARTESIAN_POINT('',(2.698729786548E-2,3.749707129651E0,
-5.202484506242E-1));
#2700=CARTESIAN_POINT('',(2.698213370099E-2,3.878699329945E0,
-5.248458522938E-1));
#2701=CARTESIAN_POINT('',(2.698023721434E-2,4.004494402116E0,
-5.264532721227E-1));
#2702=CARTESIAN_POINT('',(2.698184224031E-2,4.130285488790E0,
-5.250829829403E-1));
#2703=CARTESIAN_POINT('',(2.698633841209E-2,4.252585108500E0,
-5.211400968902E-1));
#2704=CARTESIAN_POINT('',(2.699341739858E-2,4.381502852728E0,
-5.143141554510E-1));
#2705=CARTESIAN_POINT('',(2.700509455032E-2,4.548837282154E0,
-5.021016537236E-1));
#2706=CARTESIAN_POINT('',(2.702304629566E-2,4.760957908241E0,
-4.809885028056E-1));
#2707=CARTESIAN_POINT('',(2.705241526612E-2,5.093978756897E0,
-4.380047060300E-1));
#2708=CARTESIAN_POINT('',(2.708398555417E-2,5.511881967397E0,
-3.693441978342E-1));
#2709=CARTESIAN_POINT('',(2.709820832046E-2,6.007659925719E0,
-2.763783642997E-1));
#2710=CARTESIAN_POINT('',(2.708398811862E-2,6.503848364512E0,
-1.833124328682E-1));
#2711=CARTESIAN_POINT('',(2.705291195704E-2,6.916140498011E0,
-1.155215726159E-1));
#2712=CARTESIAN_POINT('',(2.702367192180E-2,7.250392019704E0,
-7.202325949068E-2));
#2713=CARTESIAN_POINT('',(2.699293262110E-2,7.612894367637E0,
-3.537941857778E-2));
#2714=CARTESIAN_POINT('',(2.697784739427E-2,7.896706960556E0,
-2.353923549046E-2));
#2715=CARTESIAN_POINT('',(2.698158050994E-2,8.092704203498E0,
-2.658964176617E-2));
#2716=B_SPLINE_SURFACE_WITH_KNOTS('',3,3,((#1596,#1597,#1598,#1599,#1600,#1601,
#1602,#1603,#1604,#1605,#1606,#1607,#1608,#1609,#1610,#1611,#1612,#1613,#1614,
#1615,#1616,#1617,#1618,#1619,#1620,#1621,#1622,#1623),(#1624,#1625,#1626,#1627,
#1628,#1629,#1630,#1631,#1632,#1633,#1634,#1635,#1636,#1637,#1638,#1639,#1640,
#1641,#1642,#1643,#1644,#1645,#1646,#1647,#1648,#1649,#1650,#1651),(#1652,#1653,
#1654,#1655,#1656,#1657,#1658,#1659,#1660,#1661,#1662,#1663,#1664,#1665,#1666,
#1667,#1668,#1669,#1670,#1671,#1672,#1673,#1674,#1675,#1676,#1677,#1678,#1679),(
#1680,#1681,#1682,#1683,#1684,#1685,#1686,#1687,#1688,#1689,#1690,#1691,#1692,
#1693,#1694,#1695,#1696,#1697,#1698,#1699,#1700,#1701,#1702,#1703,#1704,#1705,
#1706,#1707),(#1708,#1709,#1710,#1711,#1712,#1713,#1714,#1715,#1716,#1717,#1718,
#1719,#1720,#1721,#1722,#1723,#1724,#1725,#1726,#1727,#1728,#1729,#1730,#1731,
#1732,#1733,#1734,#1735),(#1736,#1737,#1738,#1739,#1740,#1741,#1742,#1743,#1744,
#1745,#1746,#1747,#1748,#1749,#1750,#1751,#1752,#1753,#1754,#1755,#1756,#1757,
#1758,#1759,#1760,#1761,#1762,#1763),(#1764,#1765,#1766,#1767,#1768,#1769,#1770,
#1771,#1772,#1773,#1774,#1775,#1776,#1777,#1778,#1779,#1780,#1781,#1782,#1783,
#1784,#1785,#1786,#1787,#1788,#1789,#1790,#1791),(#1792,#1793,#1794,#1795,#1796,
#1797,#1798,#1799,#1800,#1801,#1802,#1803,#1804,#1805,#1806,#1807,#1808,#1809,
#1810,#1811,#1812,#1813,#1814,#1815,#1816,#1817,#1818,#1819),(#1820,#1821,#1822,
#1823,#1824,#1825,#1826,#1827,#1828,#1829,#1830,#1831,#1832,#1833,#1834,#1835,
#1836,#1837,#1838,#1839,#1840,#1841,#1842,#1843,#1844,#1845,#1846,#1847),(#1848,
#1849,#1850,#1851,#1852,#1853,#1854,#1855,#1856,#1857,#1858,#1859,#1860,#1861,
#1862,#1863,#1864,#1865,#1866,#1867,#1868,#1869,#1870,#1871,#1872,#1873,#1874,
#1875),(#1876,#1877,#1878,#1879,#1880,#1881,#1882,#1883,#1884,#1885,#1886,#1887,
#1888,#1889,#1890,#1891,#1892,#1893,#1894,#1895,#1896,#1897,#1898,#1899,#1900,
#1901,#1902,#1903),(#1904,#1905,#1906,#1907,#1908,#1909,#1910,#1911,#1912,#1913,
#1914,#1915,#1916,#1917,#1918,#1919,#1920,#1921,#1922,#1923,#1924,#1925,#1926,
#1927,#1928,#1929,#1930,#1931),(#1932,#1933,#1934,#1935,#1936,#1937,#1938,#1939,
#1940,#1941,#1942,#1943,#1944,#1945,#1946,#1947,#1948,#1949,#1950,#1951,#1952,
#1953,#1954,#1955,#1956,#1957,#1958,#1959),(#1960,#1961,#1962,#1963,#1964,#1965,
#1966,#1967,#1968,#1969,#1970,#1971,#1972,#1973,#1974,#1975,#1976,#1977,#1978,
#1979,#1980,#1981,#1982,#1983,#1984,#1985,#1986,#1987),(#1988,#1989,#1990,#1991,
#1992,#1993,#1994,#1995,#1996,#1997,#1998,#1999,#2000,#2001,#2002,#2003,#2004,
#2005,#2006,#2007,#2008,#2009,#2010,#2011,#2012,#2013,#2014,#2015),(#2016,#2017,
#2018,#2019,#2020,#2021,#2022,#2023,#2024,#2025,#2026,#2027,#2028,#2029,#2030,
#2031,#2032,#2033,#2034,#2035,#2036,#2037,#2038,#2039,#2040,#2041,#2042,#2043),(
#2044,#2045,#2046,#2047,#2048,#2049,#2050,#2051,#2052,#2053,#2054,#2055,#2056,
#2057,#2058,#2059,#2060,#2061,#2062,#2063,#2064,#2065,#2066,#2067,#2068,#2069,
#2070,#2071),(#2072,#2073,#2074,#2075,#2076,#2077,#2078,#2079,#2080,#2081,#2082,
#2083,#2084,#2085,#2086,#2087,#2088,#2089,#2090,#2091,#2092,#2093,#2094,#2095,
#2096,#2097,#2098,#2099),(#2100,#2101,#2102,#2103,#2104,#2105,#2106,#2107,#2108,
#2109,#2110,#2111,#2112,#2113,#2114,#2115,#2116,#2117,#2118,#2119,#2120,#2121,
#2122,#2123,#2124,#2125,#2126,#2127),(#2128,#2129,#2130,#2131,#2132,#2133,#2134,
#2135,#2136,#2137,#2138,#2139,#2140,#2141,#2142,#2143,#2144,#2145,#2146,#2147,
#2148,#2149,#2150,#2151,#2152,#2153,#2154,#2155),(#2156,#2157,#2158,#2159,#2160,
#2161,#2162,#2163,#2164,#2165,#2166,#2167,#2168,#2169,#2170,#2171,#2172,#2173,
#2174,#2175,#2176,#2177,#2178,#2179,#2180,#2181,#2182,#2183),(#2184,#2185,#2186,
#2187,#2188,#2189,#2190,#2191,#2192,#2193,#2194,#2195,#2196,#2197,#2198,#2199,
#2200,#2201,#2202,#2203,#2204,#2205,#2206,#2207,#2208,#2209,#2210,#2211),(#2212,
#2213,#2214,#2215,#2216,#2217,#2218,#2219,#2220,#2221,#2222,#2223,#2224,#2225,
#2226,#2227,#2228,#2229,#2230,#2231,#2232,#2233,#2234,#2235,#2236,#2237,#2238,
#2239),(#2240,#2241,#2242,#2243,#2244,#2245,#2246,#2247,#2248,#2249,#2250,#2251,
#2252,#2253,#2254,#2255,#2256,#2257,#2258,#2259,#2260,#2261,#2262,#2263,#2264,
#2265,#2266,#2267),(#2268,#2269,#2270,#2271,#2272,#2273,#2274,#2275,#2276,#2277,
#2278,#2279,#2280,#2281,#2282,#2283,#2284,#2285,#2286,#2287,#2288,#2289,#2290,
#2291,#2292,#2293,#2294,#2295),(#2296,#2297,#2298,#2299,#2300,#2301,#2302,#2303,
#2304,#2305,#2306,#2307,#2308,#2309,#2310,#2311,#2312,#2313,#2314,#2315,#2316,
#2317,#2318,#2319,#2320,#2321,#2322,#2323),(#2324,#2325,#2326,#2327,#2328,#2329,
#2330,#2331,#2332,#2333,#2334,#2335,#2336,#2337,#2338,#2339,#2340,#2341,#2342,
#2343,#2344,#2345,#2346,#2347,#2348,#2349,#2350,#2351),(#2352,#2353,#2354,#2355,
#2356,#2357,#2358,#2359,#2360,#2361,#2362,#2363,#2364,#2365,#2366,#2367,#2368,
#2369,#2370,#2371,#2372,#2373,#2374,#2375,#2376,#2377,#2378,#2379),(#2380,#2381,
#2382,#2383,#2384,#2385,#2386,#2387,#2388,#2389,#2390,#2391,#2392,#2393,#2394,
#2395,#2396,#2397,#2398,#2399,#2400,#2401,#2402,#2403,#2404,#2405,#2406,#2407),(
#2408,#2409,#2410,#2411,#2412,#2413,#2414,#2415,#2416,#2417,#2418,#2419,#2420,
#2421,#2422,#2423,#2424,#2425,#2426,#2427,#2428,#2429,#2430,#2431,#2432,#2433,
#2434,#2435),(#2436,#2437,#2438,#2439,#2440,#2441,#2442,#2443,#2444,#2445,#2446,
#2447,#2448,#2449,#2450,#2451,#2452,#2453,#2454,#2455,#2456,#2457,#2458,#2459,
#2460,#2461,#2462,#2463),(#2464,#2465,#2466,#2467,#2468,#2469,#2470,#2471,#2472,
#2473,#2474,#2475,#2476,#2477,#2478,#2479,#2480,#2481,#2482,#2483,#2484,#2485,
#2486,#2487,#2488,#2489,#2490,#2491),(#2492,#2493,#2494,#2495,#2496,#2497,#2498,
#2499,#2500,#2501,#2502,#2503,#2504,#2505,#2506,#2507,#2508,#2509,#2510,#2511,
#2512,#2513,#2514,#2515,#2516,#2517,#2518,#2519),(#2520,#2521,#2522,#2523,#2524,
#2525,#2526,#2527,#2528,#2529,#2530,#2531,#2532,#2533,#2534,#2535,#2536,#2537,
#2538,#2539,#2540,#2541,#2542,#2543,#2544,#2545,#2546,#2547),(#2548,#2549,#2550,
#2551,#2552,#2553,#2554,#2555,#2556,#2557,#2558,#2559,#2560,#2561,#2562,#2563,
#2564,#2565,#2566,#2567,#2568,#2569,#2570,#2571,#2572,#2573,#2574,#2575),(#2576,
#2577,#2578,#2579,#2580,#2581,#2582,#2583,#2584,#2585,#2586,#2587,#2588,#2589,
#2590,#2591,#2592,#2593,#2594,#2595,#2596,#2597,#2598,#2599,#2600,#2601,#2602,
#2603),(#2604,#2605,#2606,#2607,#2608,#2609,#2610,#2611,#2612,#2613,#2614,#2615,
#2616,#2617,#2618,#2619,#2620,#2621,#2622,#2623,#2624,#2625,#2626,#2627,#2628,
#2629,#2630,#2631),(#2632,#2633,#2634,#2635,#2636,#2637,#2638,#2639,#2640,#2641,
#2642,#2643,#2644,#2645,#2646,#2647,#2648,#2649,#2650,#2651,#2652,#2653,#2654,
#2655,#2656,#2657,#2658,#2659),(#2660,#2661,#2662,#2663,#2664,#2665,#2666,#2667,
#2668,#2669,#2670,#2671,#2672,#2673,#2674,#2675,#2676,#2677,#2678,#2679,#2680,
#2681,#2682,#2683,#2684,#2685,#2686,#2687),(#2688,#2689,#2690,#2691,#2692,#2693,
#2694,#2695,#2696,#2697,#2698,#2699,#2700,#2701,#2702,#2703,#2704,#2705,#2706,
#2707,#2708,#2709,#2710,#2711,#2712,#2713,#2714,#2715)),.UNSPECIFIED.,.F.,.F.,
.F.,(4,1,1,1,1,1,1,1,1,1,1,1,1,1,1,1,1,1,1,1,1,1,1,1,1,1,1,1,1,1,1,1,1,1,1,1,1,
4),(4,1,1,1,1,1,1,1,1,1,1,1,1,1,1,1,1,1,1,1,1,1,1,1,1,4),(-2.036140295746E-4,
3.90625E-3,7.8125E-3,1.171875E-2,1.5625E-2,1.953125E-2,2.34375E-2,3.125E-2,
3.90625E-2,4.6875E-2,5.46875E-2,6.25E-2,7.8125E-2,9.375E-2,1.09375E-1,1.25E-1,
1.5625E-1,1.875E-1,2.1875E-1,2.5E-1,3.125E-1,3.75E-1,4.375E-1,5.E-1,5.625E-1,
6.25E-1,6.875E-1,7.5E-1,8.125E-1,8.4375E-1,8.75E-1,9.0625E-1,9.375E-1,
9.53125E-1,9.6875E-1,9.84375E-1,9.921875E-1,1.005198341595E0),(
-1.000084232664E-2,6.248886511223E-2,1.249777302482E-1,1.874665953842E-1,
2.499554605202E-1,3.124443256562E-1,3.749331907922E-1,4.049278460575E-1,
4.374220559282E-1,4.518194904555E-1,4.674167111935E-1,4.830139319314E-1,
4.999109210642E-1,5.143134865375E-1,5.299162658003E-1,5.455190450631E-1,
5.624220559312E-1,5.924274006673E-1,6.249331907981E-1,6.874443256651E-1,
7.499554605321E-1,8.124665953991E-1,8.749777302660E-1,9.049830750022E-1,
9.374888651330E-1,1.010062117516E0),.UNSPECIFIED.);
#2717=ORIENTED_EDGE('',*,*,#1022,.F.);
#2718=ORIENTED_EDGE('',*,*,#1284,.F.);
#2719=ORIENTED_EDGE('',*,*,#1301,.F.);
#2720=ORIENTED_EDGE('',*,*,#1589,.T.);
#2721=EDGE_LOOP('',(#2717,#2718,#2719,#2720));
#2722=FACE_OUTER_BOUND('',#2721,.F.);
#2723=ADVANCED_FACE('',(#2722),#2716,.T.);
#2724=CARTESIAN_POINT('',(1.581256084086E0,5.102409299897E-1,
-4.304475557326E0));
#2725=CARTESIAN_POINT('',(1.581092128418E0,5.121733044843E-1,
-4.304553226230E0));
#2726=CARTESIAN_POINT('',(1.580163543070E0,5.241497451487E-1,
-4.305202797190E0));
#2727=CARTESIAN_POINT('',(1.579472736320E0,5.458149008077E-1,
-4.308255434237E0));
#2728=CARTESIAN_POINT('',(1.580772301719E0,5.741823035173E-1,
-4.316437395980E0));
#2729=CARTESIAN_POINT('',(1.584162305332E0,6.005224864597E-1,
-4.328181361757E0));
#2730=CARTESIAN_POINT('',(1.589517656726E0,6.244907842462E-1,
-4.343179069342E0));
#2731=CARTESIAN_POINT('',(1.596687357175E0,6.456449808711E-1,
-4.361052474162E0));
#2732=CARTESIAN_POINT('',(1.605510667745E0,6.635926389046E-1,
-4.381414297026E0));
#2733=CARTESIAN_POINT('',(1.615805817473E0,6.779623670972E-1,
-4.403841173208E0));
#2734=CARTESIAN_POINT('',(1.627349948031E0,6.884079681973E-1,-4.427836665E0));
#2735=CARTESIAN_POINT('',(1.639870246457E0,6.946495412347E-1,
-4.452822995976E0));
#2736=CARTESIAN_POINT('',(1.653051252E0,6.965165129987E-1,-4.478163844995E0));
#2737=CARTESIAN_POINT('',(1.666549760815E0,6.939749588371E-1,
-4.503198359732E0));
#2738=CARTESIAN_POINT('',(1.680012404823E0,6.871370860885E-1,
-4.527276624965E0));
#2739=CARTESIAN_POINT('',(1.693100413890E0,6.762500730358E-1,
-4.549804533526E0));
#2740=CARTESIAN_POINT('',(1.705508582363E0,6.616644167036E-1,
-4.570273482900E0));
#2741=CARTESIAN_POINT('',(1.716982564831E0,6.437809632969E-1,
-4.588282474016E0));
#2742=CARTESIAN_POINT('',(1.727302930283E0,6.230277862013E-1,
-4.603503407951E0));
#2743=CARTESIAN_POINT('',(1.736356918690E0,5.996471082518E-1,
-4.615772862121E0));
#2744=CARTESIAN_POINT('',(1.744005527565E0,5.737788286335E-1,
-4.624857881829E0));
#2745=CARTESIAN_POINT('',(1.750000282698E0,5.457074305176E-1,
-4.630350783706E0));
#2746=CARTESIAN_POINT('',(1.752930211972E0,5.241774216842E-1,
-4.631409283937E0));
#2747=CARTESIAN_POINT('',(1.754004330759E0,5.123413216009E-1,
-4.630979016891E0));
#2748=CARTESIAN_POINT('',(1.754163999239E0,5.104251665503E-1,
-4.630882851976E0));
#2749=CARTESIAN_POINT('',(1.604488627327E0,5.120491793317E-1,
-4.332504387876E0));
#2750=CARTESIAN_POINT('',(1.604333627360E0,5.136103501156E-1,
-4.332598656961E0));
#2751=CARTESIAN_POINT('',(1.603443206394E0,5.232829130186E-1,
-4.333319470973E0));
#2752=CARTESIAN_POINT('',(1.602627896091E0,5.407434960614E-1,
-4.336144740840E0));
#2753=CARTESIAN_POINT('',(1.603323731383E0,5.635228210259E-1,
-4.343217405771E0));
#2754=CARTESIAN_POINT('',(1.605707703847E0,5.845977786915E-1,
-4.353111328540E0));
#2755=CARTESIAN_POINT('',(1.609676972667E0,6.037062060008E-1,
-4.365559593564E0));
#2756=CARTESIAN_POINT('',(1.615111499581E0,6.205120939179E-1,
-4.380241733571E0));
#2757=CARTESIAN_POINT('',(1.621885587247E0,6.347221215508E-1,
-4.396835666029E0));
#2758=CARTESIAN_POINT('',(1.629859510225E0,6.460612946981E-1,
-4.414996160536E0));
#2759=CARTESIAN_POINT('',(1.638863752620E0,6.542747031777E-1,
-4.434325655205E0));
#2760=CARTESIAN_POINT('',(1.648691384973E0,6.591581207070E-1,
-4.454368166539E0));
#2761=CARTESIAN_POINT('',(1.659102744988E0,6.605898199412E-1,
-4.474627141695E0));
#2762=CARTESIAN_POINT('',(1.669835842194E0,6.585502882063E-1,
-4.494591111541E0));
#2763=CARTESIAN_POINT('',(1.680618779984E0,6.531287246714E-1,
-4.513759637203E0));
#2764=CARTESIAN_POINT('',(1.691188106628E0,6.445143773633E-1,
-4.531676418700E0));
#2765=CARTESIAN_POINT('',(1.701303149548E0,6.329727817245E-1,
-4.547950552399E0));
#2766=CARTESIAN_POINT('',(1.710759902587E0,6.188057614698E-1,
-4.562272481123E0));
#2767=CARTESIAN_POINT('',(1.719378504320E0,6.023350723105E-1,
-4.574385657881E0));
#2768=CARTESIAN_POINT('',(1.727064661051E0,5.837346940238E-1,
-4.584159562887E0));
#2769=CARTESIAN_POINT('',(1.733703064140E0,5.630965720894E-1,
-4.591403697269E0));
#2770=CARTESIAN_POINT('',(1.739085539944E0,5.406271469556E-1,
-4.595783146678E0));
#2771=CARTESIAN_POINT('',(1.741889628348E0,5.233310737567E-1,
-4.596615072684E0));
#2772=CARTESIAN_POINT('',(1.743002482003E0,5.138009114968E-1,
-4.596257139953E0));
#2773=CARTESIAN_POINT('',(1.743171222998E0,5.122574995453E-1,
-4.596177839620E0));
#2774=CARTESIAN_POINT('',(1.596096852550E0,5.104862678423E-1,
-4.367941210885E0));
#2775=CARTESIAN_POINT('',(1.595934401332E0,5.117611600264E-1,
-4.368021181136E0));
#2776=CARTESIAN_POINT('',(1.594984393929E0,5.196628157557E-1,
-4.368628287245E0));
#2777=CARTESIAN_POINT('',(1.593907515164E0,5.339584575830E-1,
-4.370971057862E0));
#2778=CARTESIAN_POINT('',(1.593927398312E0,5.526803467026E-1,
-4.376813646525E0));
#2779=CARTESIAN_POINT('',(1.595362746972E0,5.700678276109E-1,
-4.384989099421E0));
#2780=CARTESIAN_POINT('',(1.598143276940E0,5.858927572986E-1,
-4.395288225154E0));
#2781=CARTESIAN_POINT('',(1.602184980262E0,5.998624051943E-1,
-4.407453731683E0));
#2782=CARTESIAN_POINT('',(1.607396198228E0,6.117167687817E-1,
-4.421222578479E0));
#2783=CARTESIAN_POINT('',(1.613670999040E0,6.212096700470E-1,
-4.436307783857E0));
#2784=CARTESIAN_POINT('',(1.620875891241E0,6.281115652400E-1,
-4.452374009207E0));
#2785=CARTESIAN_POINT('',(1.628842714208E0,6.322367820443E-1,
-4.469032777105E0));
#2786=CARTESIAN_POINT('',(1.637372004290E0,6.334720453208E-1,
-4.485858359764E0));
#2787=CARTESIAN_POINT('',(1.646241807040E0,6.317946104016E-1,
-4.502410901640E0));
#2788=CARTESIAN_POINT('',(1.655218810072E0,6.272785733272E-1,
-4.518260242412E0));
#2789=CARTESIAN_POINT('',(1.664074822353E0,6.200874910324E-1,
-4.533015628999E0));
#2790=CARTESIAN_POINT('',(1.672600130939E0,6.104534154924E-1,
-4.546344998293E0));
#2791=CARTESIAN_POINT('',(1.680616427911E0,5.986418184134E-1,
-4.557988819545E0));
#2792=CARTESIAN_POINT('',(1.687967169203E0,5.849362296195E-1,
-4.567736723835E0));
#2793=CARTESIAN_POINT('',(1.694570781635E0,5.694974542166E-1,
-4.575484819546E0));
#2794=CARTESIAN_POINT('',(1.700331483838E0,5.524187597585E-1,
-4.581081817017E0));
#2795=CARTESIAN_POINT('',(1.705077532972E0,5.338889100440E-1,
-4.584263447471E0));
#2796=CARTESIAN_POINT('',(1.707627568819E0,5.196798900697E-1,
-4.584615326953E0));
#2797=CARTESIAN_POINT('',(1.708678426434E0,5.118694913692E-1,
-4.584139110430E0));
#2798=CARTESIAN_POINT('',(1.708839248135E0,5.106050861565E-1,
-4.584044477820E0));
#2799=CARTESIAN_POINT('',(1.562815888712E0,5.068065678930E-1,
-4.382344894514E0));
#2800=CARTESIAN_POINT('',(1.562635559567E0,5.081098700579E-1,
-4.382391142973E0));
#2801=CARTESIAN_POINT('',(1.561576038206E0,5.161948961956E-1,
-4.382790850704E0));
#2802=CARTESIAN_POINT('',(1.560310457505E0,5.309053687378E-1,
-4.384783237604E0));
#2803=CARTESIAN_POINT('',(1.560124676842E0,5.503569089889E-1,
-4.390262213708E0));
#2804=CARTESIAN_POINT('',(1.561430162134E0,5.685941823978E-1,
-4.398229991366E0));
#2805=CARTESIAN_POINT('',(1.564173363267E0,5.853472796743E-1,
-4.408505152238E0));
#2806=CARTESIAN_POINT('',(1.568282454985E0,6.002690854747E-1,
-4.420848473820E0));
#2807=CARTESIAN_POINT('',(1.573671495288E0,6.130403766027E-1,
-4.435002416596E0));
#2808=CARTESIAN_POINT('',(1.580232971802E0,6.233530828754E-1,
-4.450671612324E0));
#2809=CARTESIAN_POINT('',(1.587823186768E0,6.309167475697E-1,
-4.467496353542E0));
#2810=CARTESIAN_POINT('',(1.596254518373E0,6.354922404425E-1,
-4.485047202549E0));
#2811=CARTESIAN_POINT('',(1.605299838893E0,6.369275612705E-1,
-4.502843470103E0));
#2812=CARTESIAN_POINT('',(1.614703920162E0,6.351816833756E-1,
-4.520381668512E0));
#2813=CARTESIAN_POINT('',(1.624198179571E0,6.303336262845E-1,
-4.537166313565E0));
#2814=CARTESIAN_POINT('',(1.633521329305E0,6.225741143398E-1,
-4.552747331709E0));
#2815=CARTESIAN_POINT('',(1.642436194814E0,6.121800675583E-1,
-4.566745417361E0));
#2816=CARTESIAN_POINT('',(1.650744900327E0,5.994724517668E-1,
-4.578869500180E0));
#2817=CARTESIAN_POINT('',(1.658279252706E0,5.847953422873E-1,
-4.588892953535E0));
#2818=CARTESIAN_POINT('',(1.664954444146E0,5.683620117610E-1,
-4.596710867932E0));
#2819=CARTESIAN_POINT('',(1.670674381646E0,5.503152645154E-1,
-4.602176447504E0));
#2820=CARTESIAN_POINT('',(1.675270644511E0,5.309007408212E-1,
-4.605037246382E0));
#2821=CARTESIAN_POINT('',(1.677642315381E0,5.161542630171E-1,
-4.605040886120E0));
#2822=CARTESIAN_POINT('',(1.678580203259E0,5.080971938153E-1,
-4.604350700725E0));
#2823=CARTESIAN_POINT('',(1.678722469782E0,5.067941318124E-1,
-4.604220844466E0));
#2824=(BOUNDED_SURFACE()B_SPLINE_SURFACE(3,3,((#2724,#2725,#2726,#2727,#2728,
#2729,#2730,#2731,#2732,#2733,#2734,#2735,#2736,#2737,#2738,#2739,#2740,#2741,
#2742,#2743,#2744,#2745,#2746,#2747,#2748),(#2749,#2750,#2751,#2752,#2753,#2754,
#2755,#2756,#2757,#2758,#2759,#2760,#2761,#2762,#2763,#2764,#2765,#2766,#2767,
#2768,#2769,#2770,#2771,#2772,#2773),(#2774,#2775,#2776,#2777,#2778,#2779,#2780,
#2781,#2782,#2783,#2784,#2785,#2786,#2787,#2788,#2789,#2790,#2791,#2792,#2793,
#2794,#2795,#2796,#2797,#2798),(#2799,#2800,#2801,#2802,#2803,#2804,#2805,#2806,
#2807,#2808,#2809,#2810,#2811,#2812,#2813,#2814,#2815,#2816,#2817,#2818,#2819,
#2820,#2821,#2822,#2823)),.UNSPECIFIED.,.F.,.F.,.F.)B_SPLINE_SURFACE_WITH_KNOTS(
(4,4),(4,1,1,1,1,1,1,1,1,1,1,1,1,1,1,1,1,1,1,1,1,1,4),(0.E0,1.E0),(
-9.993264833801E-3,0.E0,5.194318599134E-2,1.024444282585E-1,1.525867899206E-1,
2.024535613784E-1,2.521787815298E-1,3.019617719553E-1,3.519505597810E-1,
4.021604115499E-1,4.525293357860E-1,5.029503630904E-1,5.532779706633E-1,
6.033695224459E-1,6.530847903318E-1,7.023548816977E-1,7.511843603029E-1,
7.997180905993E-1,8.480063822259E-1,8.974134031990E-1,9.483156299189E-1,1.E0,
1.009983203004E0),.UNSPECIFIED.)GEOMETRIC_REPRESENTATION_ITEM()RATIONAL_B_SPLINE_SURFACE(((1.251011346516E0,1.251011346516E0,1.251011346516E0,1.251011346516E0,
1.251011346516E0,1.251011346516E0,1.251011346516E0,1.251011346516E0,
1.251011346516E0,1.251011346516E0,1.251011346516E0,1.251011346516E0,
1.251011346516E0,1.251011346516E0,1.251011346516E0,1.251011346516E0,
1.251011346516E0,1.251011346516E0,1.251011346516E0,1.251011346516E0,
1.251011346516E0,1.251011346516E0,1.251011346516E0,1.251011346516E0,
1.251011346516E0),(9.163295511612E-1,9.163295511612E-1,9.163295511612E-1,
9.163295511612E-1,9.163295511612E-1,9.163295511612E-1,9.163295511612E-1,
9.163295511612E-1,9.163295511612E-1,9.163295511612E-1,9.163295511612E-1,
9.163295511612E-1,9.163295511612E-1,9.163295511612E-1,9.163295511612E-1,
9.163295511612E-1,9.163295511612E-1,9.163295511612E-1,9.163295511612E-1,
9.163295511612E-1,9.163295511612E-1,9.163295511612E-1,9.163295511612E-1,
9.163295511612E-1,9.163295511612E-1),(9.163295511612E-1,9.163295511612E-1,
9.163295511612E-1,9.163295511612E-1,9.163295511612E-1,9.163295511612E-1,
9.163295511612E-1,9.163295511612E-1,9.163295511612E-1,9.163295511612E-1,
9.163295511612E-1,9.163295511612E-1,9.163295511612E-1,9.163295511612E-1,
9.163295511612E-1,9.163295511612E-1,9.163295511612E-1,9.163295511612E-1,
9.163295511612E-1,9.163295511612E-1,9.163295511612E-1,9.163295511612E-1,
9.163295511612E-1,9.163295511612E-1,9.163295511612E-1),(1.251011346516E0,
1.251011346516E0,1.251011346516E0,1.251011346516E0,1.251011346516E0,
1.251011346516E0,1.251011346516E0,1.251011346516E0,1.251011346516E0,
1.251011346516E0,1.251011346516E0,1.251011346516E0,1.251011346516E0,
1.251011346516E0,1.251011346516E0,1.251011346516E0,1.251011346516E0,
1.251011346516E0,1.251011346516E0,1.251011346516E0,1.251011346516E0,
1.251011346516E0,1.251011346516E0,1.251011346516E0,1.251011346516E0)))REPRESENTATION_ITEM('')SURFACE());
#2825=ORIENTED_EDGE('',*,*,#1454,.F.);
#2827=ORIENTED_EDGE('',*,*,#2826,.T.);
#2829=ORIENTED_EDGE('',*,*,#2828,.T.);
#2831=ORIENTED_EDGE('',*,*,#2830,.F.);
#2832=EDGE_LOOP('',(#2825,#2827,#2829,#2831));
#2833=FACE_OUTER_BOUND('',#2832,.F.);
#2834=ADVANCED_FACE('',(#2833),#2824,.F.);
#2835=CARTESIAN_POINT('',(1.751553829654E0,5.218454857708E-1,
-4.627077782199E0));
#2836=CARTESIAN_POINT('',(1.751768949888E0,5.199790300584E-1,
-4.627086796740E0));
#2837=CARTESIAN_POINT('',(1.752612463772E0,5.121608506740E-1,
-4.627016514268E0));
#2838=CARTESIAN_POINT('',(1.753668822506E0,4.985108238058E-1,
-4.626108150512E0));
#2839=CARTESIAN_POINT('',(1.754212351333E0,4.810792479230E-1,
-4.623430133966E0));
#2840=CARTESIAN_POINT('',(1.753952350359E0,4.641240630986E-1,
-4.619341526524E0));
#2841=CARTESIAN_POINT('',(1.752898708227E0,4.475978328063E-1,
-4.613853206539E0));
#2842=CARTESIAN_POINT('',(1.751055387356E0,4.316463673453E-1,
-4.607005849230E0));
#2843=CARTESIAN_POINT('',(1.748448471133E0,4.164882028786E-1,
-4.598896809394E0));
#2844=CARTESIAN_POINT('',(1.745076023848E0,4.020871105557E-1,
-4.589516306912E0));
#2845=CARTESIAN_POINT('',(1.740759468738E0,3.879921248795E-1,
-4.578435083651E0));
#2846=CARTESIAN_POINT('',(1.735105123469E0,3.738260844264E-1,
-4.564836742221E0));
#2847=CARTESIAN_POINT('',(1.727672070832E0,3.598847006986E-1,
-4.547958867749E0));
#2848=CARTESIAN_POINT('',(1.718195875401E0,3.472125049633E-1,
-4.527525514791E0));
#2849=CARTESIAN_POINT('',(1.706679006482E0,3.372050314840E-1,
-4.503828741068E0));
#2850=CARTESIAN_POINT('',(1.693436473687E0,3.312238775988E-1,
-4.477731011307E0));
#2851=CARTESIAN_POINT('',(1.679081578577E0,3.302187507415E-1,
-4.450562159965E0));
#2852=CARTESIAN_POINT('',(1.664321151869E0,3.344933945311E-1,
-4.423694377255E0));
#2853=CARTESIAN_POINT('',(1.649717307064E0,3.438946974675E-1,
-4.398140804198E0));
#2854=CARTESIAN_POINT('',(1.635677396699E0,3.581343729721E-1,
-4.374604458450E0));
#2855=CARTESIAN_POINT('',(1.622572432880E0,3.768507210547E-1,
-4.353712960652E0));
#2856=CARTESIAN_POINT('',(1.610787517197E0,3.995237324689E-1,
-4.336094945761E0));
#2857=CARTESIAN_POINT('',(1.600645372393E0,4.255707332461E-1,
-4.322253106540E0));
#2858=CARTESIAN_POINT('',(1.592448103057E0,4.543235075452E-1,
-4.312635400897E0));
#2859=CARTESIAN_POINT('',(1.586497837500E0,4.848674064326E-1,
-4.307639069822E0));
#2860=CARTESIAN_POINT('',(1.583951930799E0,5.076416491060E-1,
-4.307500296432E0));
#2861=CARTESIAN_POINT('',(1.583164690798E0,5.198705326109E-1,
-4.308527811577E0));
#2862=CARTESIAN_POINT('',(1.583057354591E0,5.217510250814E-1,
-4.308712240646E0));
#2863=CARTESIAN_POINT('',(1.738465793575E0,5.211521280217E-1,
-4.595514181375E0));
#2864=CARTESIAN_POINT('',(1.738677374510E0,5.196403073910E-1,
-4.595516842838E0));
#2865=CARTESIAN_POINT('',(1.739517258153E0,5.133057758479E-1,
-4.595440465876E0));
#2866=CARTESIAN_POINT('',(1.740648430340E0,5.022325850170E-1,
-4.594669832334E0));
#2867=CARTESIAN_POINT('',(1.741442436908E0,4.880654956477E-1,
-4.592450904310E0));
#2868=CARTESIAN_POINT('',(1.741575774749E0,4.742606207838E-1,
-4.589082479638E0));
#2869=CARTESIAN_POINT('',(1.741055562090E0,4.607810924981E-1,
-4.584570390849E0));
#2870=CARTESIAN_POINT('',(1.739880360450E0,4.477477657054E-1,
-4.578945474210E0));
#2871=CARTESIAN_POINT('',(1.738065497866E0,4.353418866521E-1,
-4.572285475277E0));
#2872=CARTESIAN_POINT('',(1.735609019318E0,4.235370064042E-1,
-4.564580667936E0));
#2873=CARTESIAN_POINT('',(1.732373540132E0,4.119655402516E-1,
-4.555477258344E0));
#2874=CARTESIAN_POINT('',(1.728044352093E0,4.003177966105E-1,
-4.544303497317E0));
#2875=CARTESIAN_POINT('',(1.722254356016E0,3.888362140131E-1,
-4.530432337225E0));
#2876=CARTESIAN_POINT('',(1.714766522941E0,3.783823194941E-1,
-4.513638472353E0));
#2877=CARTESIAN_POINT('',(1.705557675215E0,3.701116594103E-1,
-4.494167643285E0));
#2878=CARTESIAN_POINT('',(1.694864563878E0,3.651551410321E-1,
-4.472739657407E0));
#2879=CARTESIAN_POINT('',(1.683178749472E0,3.643033219318E-1,
-4.450461808838E0));
#2880=CARTESIAN_POINT('',(1.671080942118E0,3.678092588596E-1,
-4.428475326414E0));
#2881=CARTESIAN_POINT('',(1.659040497946E0,3.755433770586E-1,
-4.407623200452E0));
#2882=CARTESIAN_POINT('',(1.647400765085E0,3.872598651135E-1,
-4.388490822470E0));
#2883=CARTESIAN_POINT('',(1.636474264784E0,4.026486781529E-1,
-4.371598168716E0));
#2884=CARTESIAN_POINT('',(1.626584487141E0,4.212668006122E-1,
-4.357460377120E0));
#2885=CARTESIAN_POINT('',(1.618001964239E0,4.426184790085E-1,
-4.346483841006E0));
#2886=CARTESIAN_POINT('',(1.610978590901E0,4.661379335179E-1,
-4.339023798394E0));
#2887=CARTESIAN_POINT('',(1.605766300192E0,4.910601827807E-1,
-4.335384797220E0));
#2888=CARTESIAN_POINT('',(1.603416125507E0,5.095909859263E-1,
-4.335606776612E0));
#2889=CARTESIAN_POINT('',(1.602623132497E0,5.195238405393E-1,
-4.336624333918E0));
#2890=CARTESIAN_POINT('',(1.602512241364E0,5.210508448765E-1,
-4.336802349924E0));
#2891=CARTESIAN_POINT('',(1.705892298882E0,5.179639831795E-1,
-4.585673442485E0));
#2892=CARTESIAN_POINT('',(1.706088408049E0,5.167000556155E-1,
-4.585646853869E0));
#2893=CARTESIAN_POINT('',(1.706871185552E0,5.114063430837E-1,
-4.585462104763E0));
#2894=CARTESIAN_POINT('',(1.707958009498E0,5.021683214701E-1,
-4.584606302384E0));
#2895=CARTESIAN_POINT('',(1.708804752782E0,4.903796743974E-1,
-4.582484493135E0));
#2896=CARTESIAN_POINT('',(1.709098746489E0,4.789214240904E-1,
-4.579416203124E0));
#2897=CARTESIAN_POINT('',(1.708848227446E0,4.677609350678E-1,
-4.575409100124E0));
#2898=CARTESIAN_POINT('',(1.708052132436E0,4.569960415927E-1,
-4.570494302862E0));
#2899=CARTESIAN_POINT('',(1.706722243615E0,4.467733377129E-1,
-4.564742354576E0));
#2900=CARTESIAN_POINT('',(1.704858584998E0,4.370673358789E-1,
-4.558146568097E0));
#2901=CARTESIAN_POINT('',(1.702354246101E0,4.275734102201E-1,
-4.550409314368E0));
#2902=CARTESIAN_POINT('',(1.698956339977E0,4.180375354333E-1,
-4.540972966953E0));
#2903=CARTESIAN_POINT('',(1.694362249098E0,4.086590018342E-1,
-4.529328352866E0));
#2904=CARTESIAN_POINT('',(1.688367479449E0,4.001400524715E-1,
-4.515307170131E0));
#2905=CARTESIAN_POINT('',(1.680936948752E0,3.934174246819E-1,
-4.499128746810E0));
#2906=CARTESIAN_POINT('',(1.672245626195E0,3.894039356510E-1,
-4.481394366391E0));
#2907=CARTESIAN_POINT('',(1.662678617613E0,3.887356926371E-1,
-4.463012056796E0));
#2908=CARTESIAN_POINT('',(1.652700002777E0,3.916160705144E-1,
-4.444907714240E0));
#2909=CARTESIAN_POINT('',(1.642688352464E0,3.979432150959E-1,
-4.427758666795E0));
#2910=CARTESIAN_POINT('',(1.632921528568E0,4.075259563132E-1,
-4.412032226199E0));
#2911=CARTESIAN_POINT('',(1.623654388134E0,4.201249809187E-1,
-4.398145452695E0));
#2912=CARTESIAN_POINT('',(1.615155203923E0,4.353953334408E-1,
-4.386515923912E0));
#2913=CARTESIAN_POINT('',(1.607652527498E0,4.529502752438E-1,
-4.377477211427E0));
#2914=CARTESIAN_POINT('',(1.601364216638E0,4.723453834442E-1,
-4.371326633187E0));
#2915=CARTESIAN_POINT('',(1.596516364068E0,4.929692210039E-1,
-4.368325841217E0));
#2916=CARTESIAN_POINT('',(1.594157812639E0,5.083639006956E-1,
-4.368519607272E0));
#2917=CARTESIAN_POINT('',(1.593276863894E0,5.166359993921E-1,
-4.369372057309E0));
#2918=CARTESIAN_POINT('',(1.593150532076E0,5.179081759876E-1,
-4.369521086628E0));
#2919=CARTESIAN_POINT('',(1.677754881410E0,5.146223818815E-1,
-4.604782471644E0));
#2920=CARTESIAN_POINT('',(1.677934948597E0,5.133175560395E-1,
-4.604725216812E0));
#2921=CARTESIAN_POINT('',(1.678649082041E0,5.078574702236E-1,
-4.604409404952E0));
#2922=CARTESIAN_POINT('',(1.679604964804E0,4.983652274483E-1,
-4.603308081531E0));
#2923=CARTESIAN_POINT('',(1.680267974644E0,4.863222824632E-1,
-4.600850098590E0));
#2924=CARTESIAN_POINT('',(1.680371957764E0,4.746836418371E-1,
-4.597441480278E0));
#2925=CARTESIAN_POINT('',(1.679929337121E0,4.634114581299E-1,
-4.593097262896E0));
#2926=CARTESIAN_POINT('',(1.678944925336E0,4.525993857423E-1,
-4.587858761613E0));
#2927=CARTESIAN_POINT('',(1.677436772201E0,4.423874523497E-1,
-4.581807013551E0));
#2928=CARTESIAN_POINT('',(1.675407425736E0,4.327416072268E-1,
-4.574939123670E0));
#2929=CARTESIAN_POINT('',(1.672747351911E0,4.233535252714E-1,
-4.566953081528E0));
#2930=CARTESIAN_POINT('',(1.669202931489E0,4.139721633354E-1,
-4.557291047778E0));
#2931=CARTESIAN_POINT('',(1.664479337774E0,4.047954757400E-1,
-4.545457665918E0));
#2932=CARTESIAN_POINT('',(1.658385846951E0,3.965071178086E-1,
-4.531306138948E0));
#2933=CARTESIAN_POINT('',(1.650897957039E0,3.900068871424E-1,
-4.515068684027E0));
#2934=CARTESIAN_POINT('',(1.642190703862E0,3.861622732463E-1,
-4.497339236535E0));
#2935=CARTESIAN_POINT('',(1.632636203760E0,3.855730588426E-1,
-4.478996170752E0));
#2936=CARTESIAN_POINT('',(1.622677048162E0,3.884304276229E-1,
-4.460923816409E0));
#2937=CARTESIAN_POINT('',(1.612669666045E0,3.946440721835E-1,
-4.443759987909E0));
#2938=CARTESIAN_POINT('',(1.602873043454E0,4.040495021178E-1,
-4.427940179772E0));
#2939=CARTESIAN_POINT('',(1.593527547696E0,4.164452679545E-1,
-4.413858844748E0));
#2940=CARTESIAN_POINT('',(1.584893179221E0,4.315335267145E-1,
-4.401923583864E0));
#2941=CARTESIAN_POINT('',(1.577197549136E0,4.489785899351E-1,
-4.392472103954E0));
#2942=CARTESIAN_POINT('',(1.570665647250E0,4.683871896941E-1,
-4.385821138427E0));
#2943=CARTESIAN_POINT('',(1.565541057648E0,4.891925491401E-1,
-4.382270742720E0));
#2944=CARTESIAN_POINT('',(1.562976172483E0,5.048615482821E-1,
-4.382068048812E0));
#2945=CARTESIAN_POINT('',(1.561989658783E0,5.133278008171E-1,
-4.382721494708E0));
#2946=CARTESIAN_POINT('',(1.561847339953E0,5.146309521245E-1,
-4.382840251147E0));
#2947=(BOUNDED_SURFACE()B_SPLINE_SURFACE(3,3,((#2835,#2836,#2837,#2838,#2839,
#2840,#2841,#2842,#2843,#2844,#2845,#2846,#2847,#2848,#2849,#2850,#2851,#2852,
#2853,#2854,#2855,#2856,#2857,#2858,#2859,#2860,#2861,#2862),(#2863,#2864,#2865,
#2866,#2867,#2868,#2869,#2870,#2871,#2872,#2873,#2874,#2875,#2876,#2877,#2878,
#2879,#2880,#2881,#2882,#2883,#2884,#2885,#2886,#2887,#2888,#2889,#2890),(#2891,
#2892,#2893,#2894,#2895,#2896,#2897,#2898,#2899,#2900,#2901,#2902,#2903,#2904,
#2905,#2906,#2907,#2908,#2909,#2910,#2911,#2912,#2913,#2914,#2915,#2916,#2917,
#2918),(#2919,#2920,#2921,#2922,#2923,#2924,#2925,#2926,#2927,#2928,#2929,#2930,
#2931,#2932,#2933,#2934,#2935,#2936,#2937,#2938,#2939,#2940,#2941,#2942,#2943,
#2944,#2945,#2946)),.UNSPECIFIED.,.F.,.F.,.F.)B_SPLINE_SURFACE_WITH_KNOTS((4,4),
(4,1,1,1,1,1,1,1,1,1,1,1,1,1,1,1,1,1,1,1,1,1,1,1,1,4),(0.E0,1.E0),(
-9.987130792189E-3,0.E0,3.178088823494E-2,6.262304790619E-2,9.314127616381E-2,
1.235935973596E-1,1.541923963525E-1,1.845111110388E-1,2.143574600101E-1,
2.453899156311E-1,2.802887918918E-1,3.201752195335E-1,3.647302163905E-1,
4.132836271800E-1,4.648156297509E-1,5.177122576366E-1,5.705805673215E-1,
6.231776944264E-1,6.759223409573E-1,7.289471653940E-1,7.822534174265E-1,
8.358220202165E-1,8.901585120457E-1,9.451618602750E-1,1.E0,1.009985139039E0),
.UNSPECIFIED.)GEOMETRIC_REPRESENTATION_ITEM()RATIONAL_B_SPLINE_SURFACE(((
1.224884708617E0,1.224884708617E0,1.224884708617E0,1.224884708617E0,
1.224884708617E0,1.224884708617E0,1.224884708617E0,1.224884708617E0,
1.224884708617E0,1.224884708617E0,1.224884708617E0,1.224884708617E0,
1.224884708617E0,1.224884708617E0,1.224884708617E0,1.224884708617E0,
1.224884708617E0,1.224884708617E0,1.224884708617E0,1.224884708617E0,
1.224884708617E0,1.224884708617E0,1.224884708617E0,1.224884708617E0,
1.224884708617E0,1.224884708617E0,1.224884708617E0,1.224884708617E0),(
9.250384304609E-1,9.250384304609E-1,9.250384304609E-1,9.250384304609E-1,
9.250384304609E-1,9.250384304609E-1,9.250384304609E-1,9.250384304609E-1,
9.250384304609E-1,9.250384304609E-1,9.250384304609E-1,9.250384304609E-1,
9.250384304609E-1,9.250384304609E-1,9.250384304609E-1,9.250384304609E-1,
9.250384304609E-1,9.250384304609E-1,9.250384304609E-1,9.250384304609E-1,
9.250384304609E-1,9.250384304609E-1,9.250384304609E-1,9.250384304609E-1,
9.250384304609E-1,9.250384304609E-1,9.250384304609E-1,9.250384304609E-1),(
9.250384304609E-1,9.250384304609E-1,9.250384304609E-1,9.250384304609E-1,
9.250384304609E-1,9.250384304609E-1,9.250384304609E-1,9.250384304609E-1,
9.250384304609E-1,9.250384304609E-1,9.250384304609E-1,9.250384304609E-1,
9.250384304609E-1,9.250384304609E-1,9.250384304609E-1,9.250384304609E-1,
9.250384304609E-1,9.250384304609E-1,9.250384304609E-1,9.250384304609E-1,
9.250384304609E-1,9.250384304609E-1,9.250384304609E-1,9.250384304609E-1,
9.250384304609E-1,9.250384304609E-1,9.250384304609E-1,9.250384304609E-1),(
1.224884708617E0,1.224884708617E0,1.224884708617E0,1.224884708617E0,
1.224884708617E0,1.224884708617E0,1.224884708617E0,1.224884708617E0,
1.224884708617E0,1.224884708617E0,1.224884708617E0,1.224884708617E0,
1.224884708617E0,1.224884708617E0,1.224884708617E0,1.224884708617E0,
1.224884708617E0,1.224884708617E0,1.224884708617E0,1.224884708617E0,
1.224884708617E0,1.224884708617E0,1.224884708617E0,1.224884708617E0,
1.224884708617E0,1.224884708617E0,1.224884708617E0,1.224884708617E0)))REPRESENTATION_ITEM('')SURFACE());
#2948=ORIENTED_EDGE('',*,*,#1456,.F.);
#2949=ORIENTED_EDGE('',*,*,#2830,.T.);
#2951=ORIENTED_EDGE('',*,*,#2950,.T.);
#2952=ORIENTED_EDGE('',*,*,#2826,.F.);
#2953=EDGE_LOOP('',(#2948,#2949,#2951,#2952));
#2954=FACE_OUTER_BOUND('',#2953,.F.);
#2955=ADVANCED_FACE('',(#2954),#2947,.F.);
#2956=CARTESIAN_POINT('',(1.707011350604E0,5.111817583330E-1,
-4.446236463485E0));
#2957=DIRECTION('',(8.778723521735E-1,0.E0,4.788946995838E-1));
#2958=DIRECTION('',(4.788946995838E-1,0.E0,-8.778723521735E-1));
#2959=AXIS2_PLACEMENT_3D('',#2956,#2957,#2958);
#2960=CYLINDRICAL_SURFACE('',#2959,1.25E-1);
#2962=ORIENTED_EDGE('',*,*,#2961,.T.);
#2964=ORIENTED_EDGE('',*,*,#2963,.F.);
#2965=ORIENTED_EDGE('',*,*,#2950,.F.);
#2967=ORIENTED_EDGE('',*,*,#2966,.T.);
#2968=EDGE_LOOP('',(#2962,#2964,#2965,#2967));
#2969=FACE_OUTER_BOUND('',#2968,.F.);
#2970=ADVANCED_FACE('',(#2969),#2960,.T.);
#2971=CARTESIAN_POINT('',(1.531436880169E0,5.111817583330E-1,
-4.542015403401E0));
#2972=DIRECTION('',(8.778723521735E-1,0.E0,4.788946995838E-1));
#2973=DIRECTION('',(4.777829690106E-1,6.809928663304E-2,-8.758344145348E-1));
#2974=AXIS2_PLACEMENT_3D('',#2971,#2972,#2973);
#2975=TOROIDAL_SURFACE('',#2974,7.5E-2,5.E-2);
#2977=ORIENTED_EDGE('',*,*,#2976,.T.);
#2979=ORIENTED_EDGE('',*,*,#2978,.T.);
#2980=ORIENTED_EDGE('',*,*,#2961,.F.);
#2982=ORIENTED_EDGE('',*,*,#2981,.F.);
#2983=EDGE_LOOP('',(#2977,#2979,#2980,#2982));
#2984=FACE_OUTER_BOUND('',#2983,.F.);
#2985=ADVANCED_FACE('',(#2984),#2975,.T.);
#2986=CARTESIAN_POINT('',(-7.731781785204E-1,0.E0,-4.217821994400E-1));
#2987=DIRECTION('',(8.778723521735E-1,0.E0,4.788946995838E-1));
#2988=DIRECTION('',(4.788946995838E-1,0.E0,-8.778723521735E-1));
#2989=AXIS2_PLACEMENT_3D('',#2986,#2987,#2988);
#2990=PLANE('',#2989);
#2992=ORIENTED_EDGE('',*,*,#2991,.F.);
#2994=ORIENTED_EDGE('',*,*,#2993,.F.);
#2995=EDGE_LOOP('',(#2992,#2994));
#2996=FACE_OUTER_BOUND('',#2995,.F.);
#2997=ADVANCED_FACE('',(#2996),#2990,.F.);
#2998=CARTESIAN_POINT('',(-7.731781785204E-1,0.E0,-4.217821994400E-1));
#2999=DIRECTION('',(8.778723521735E-1,0.E0,4.788946995838E-1));
#3000=DIRECTION('',(4.788946995838E-1,0.E0,-8.778723521735E-1));
#3001=AXIS2_PLACEMENT_3D('',#2998,#2999,#3000);
#3002=PLANE('',#3001);
#3003=ORIENTED_EDGE('',*,*,#2976,.F.);
#3005=ORIENTED_EDGE('',*,*,#3004,.F.);
#3006=EDGE_LOOP('',(#3003,#3005));
#3007=FACE_OUTER_BOUND('',#3006,.F.);
#3008=ADVANCED_FACE('',(#3007),#3002,.F.);
#3009=CARTESIAN_POINT('',(1.531436880169E0,7.511181758333E0,-4.542015403401E0));
#3010=DIRECTION('',(8.778723521735E-1,0.E0,4.788946995838E-1));
#3011=DIRECTION('',(4.777829690106E-1,6.809928663305E-2,-8.758344145348E-1));
#3012=AXIS2_PLACEMENT_3D('',#3009,#3010,#3011);
#3013=TOROIDAL_SURFACE('',#3012,7.5E-2,5.E-2);
#3014=ORIENTED_EDGE('',*,*,#2991,.T.);
#3016=ORIENTED_EDGE('',*,*,#3015,.T.);
#3018=ORIENTED_EDGE('',*,*,#3017,.F.);
#3020=ORIENTED_EDGE('',*,*,#3019,.F.);
#3021=EDGE_LOOP('',(#3014,#3016,#3018,#3020));
#3022=FACE_OUTER_BOUND('',#3021,.F.);
#3023=ADVANCED_FACE('',(#3022),#3013,.T.);
#3024=CARTESIAN_POINT('',(1.531436880169E0,7.511181758333E0,-4.542015403401E0));
#3025=DIRECTION('',(8.778723521735E-1,0.E0,4.788946995838E-1));
#3026=DIRECTION('',(-4.777829690106E-1,-6.809928663305E-2,8.758344145348E-1));
#3027=AXIS2_PLACEMENT_3D('',#3024,#3025,#3026);
#3028=TOROIDAL_SURFACE('',#3027,7.5E-2,5.E-2);
#3029=ORIENTED_EDGE('',*,*,#2993,.T.);
#3030=ORIENTED_EDGE('',*,*,#3019,.T.);
#3032=ORIENTED_EDGE('',*,*,#3031,.F.);
#3033=ORIENTED_EDGE('',*,*,#3015,.F.);
#3034=EDGE_LOOP('',(#3029,#3030,#3032,#3033));
#3035=FACE_OUTER_BOUND('',#3034,.F.);
#3036=ADVANCED_FACE('',(#3035),#3028,.T.);
#3037=CARTESIAN_POINT('',(1.707011350604E0,7.511181758333E0,-4.446236463484E0));
#3038=DIRECTION('',(8.778723521735E-1,0.E0,4.788946995838E-1));
#3039=DIRECTION('',(4.788946995838E-1,0.E0,-8.778723521735E-1));
#3040=AXIS2_PLACEMENT_3D('',#3037,#3038,#3039);
#3041=CYLINDRICAL_SURFACE('',#3040,1.25E-1);
#3042=ORIENTED_EDGE('',*,*,#3031,.T.);
#3044=ORIENTED_EDGE('',*,*,#3043,.F.);
#3046=ORIENTED_EDGE('',*,*,#3045,.F.);
#3048=ORIENTED_EDGE('',*,*,#3047,.T.);
#3049=EDGE_LOOP('',(#3042,#3044,#3046,#3048));
#3050=FACE_OUTER_BOUND('',#3049,.F.);
#3051=ADVANCED_FACE('',(#3050),#3041,.T.);
#3052=CARTESIAN_POINT('',(1.707011350604E0,7.511181758333E0,-4.446236463484E0));
#3053=DIRECTION('',(8.778723521735E-1,0.E0,4.788946995838E-1));
#3054=DIRECTION('',(4.788946995838E-1,0.E0,-8.778723521735E-1));
#3055=AXIS2_PLACEMENT_3D('',#3052,#3053,#3054);
#3056=CYLINDRICAL_SURFACE('',#3055,1.25E-1);
#3057=ORIENTED_EDGE('',*,*,#3017,.T.);
#3058=ORIENTED_EDGE('',*,*,#3047,.F.);
#3060=ORIENTED_EDGE('',*,*,#3059,.F.);
#3061=ORIENTED_EDGE('',*,*,#3043,.T.);
#3062=EDGE_LOOP('',(#3057,#3058,#3060,#3061));
#3063=FACE_OUTER_BOUND('',#3062,.F.);
#3064=ADVANCED_FACE('',(#3063),#3056,.T.);
#3065=CARTESIAN_POINT('',(1.754167241953E0,7.511945129488E0,-4.630881392922E0));
#3066=CARTESIAN_POINT('',(1.754007632541E0,7.510027884453E0,-4.630977606758E0));
#3067=CARTESIAN_POINT('',(1.752975121208E0,7.498640524154E0,-4.631391474602E0));
#3068=CARTESIAN_POINT('',(1.750210434962E0,7.478052660048E0,-4.630446497999E0));
#3069=CARTESIAN_POINT('',(1.744578613916E0,7.450952711647E0,-4.625435192001E0));
#3070=CARTESIAN_POINT('',(1.737264822293E0,7.425420703868E0,-4.616912458065E0));
#3071=CARTESIAN_POINT('',(1.728390878160E0,7.401822362158E0,-4.605028780263E0));
#3072=CARTESIAN_POINT('',(1.718158210067E0,7.380676996152E0,-4.590055646193E0));
#3073=CARTESIAN_POINT('',(1.706742255230E0,7.362383924223E0,-4.572242092055E0));
#3074=CARTESIAN_POINT('',(1.694346672225E0,7.347363934073E0,-4.551887604428E0));
#3075=CARTESIAN_POINT('',(1.681239453409E0,7.336052689898E0,-4.529411625002E0));
#3076=CARTESIAN_POINT('',(1.667752609948E0,7.328819488657E0,-4.505369552136E0));
#3077=CARTESIAN_POINT('',(1.654241190378E0,7.325896277448E0,-4.480389454544E0));
#3078=CARTESIAN_POINT('',(1.641053030835E0,7.327367562750E0,-4.455116493266E0));
#3079=CARTESIAN_POINT('',(1.628522485530E0,7.333179097233E0,-4.430198962098E0));
#3080=CARTESIAN_POINT('',(1.616950491907E0,7.343149552668E0,-4.406247915829E0));
#3081=CARTESIAN_POINT('',(1.606578680331E0,7.357023945823E0,-4.383777033650E0));
#3082=CARTESIAN_POINT('',(1.597595177169E0,7.374554586146E0,-4.363197017621E0));
#3083=CARTESIAN_POINT('',(1.590205736649E0,7.395446638193E0,-4.344961369088E0));
#3084=CARTESIAN_POINT('',(1.584576579780E0,7.419468414360E0,-4.329435579636E0));
#3085=CARTESIAN_POINT('',(1.580911412648E0,7.446334076021E0,-4.317066552184E0));
#3086=CARTESIAN_POINT('',(1.579453241966E0,7.475574390684E0,-4.308411910301E0));
#3087=CARTESIAN_POINT('',(1.580142363530E0,7.497949739077E0,-4.305216996117E0));
#3088=CARTESIAN_POINT('',(1.581090734287E0,7.510192658859E0,-4.304553643467E0));
#3089=CARTESIAN_POINT('',(1.581254452237E0,7.512123986243E0,-4.304476110710E0));
#3090=CARTESIAN_POINT('',(1.743174742152E0,7.510112701177E0,-4.596176064070E0));
#3091=CARTESIAN_POINT('',(1.743006053920E0,7.508568391231E0,-4.596255405476E0));
#3092=CARTESIAN_POINT('',(1.741936277584E0,7.499399425704E0,-4.596599694328E0));
#3093=CARTESIAN_POINT('',(1.739284732819E0,7.482858539797E0,-4.595858281910E0));
#3094=CARTESIAN_POINT('',(1.734212006820E0,7.461160825338E0,-4.591863507017E0));
#3095=CARTESIAN_POINT('',(1.727845731316E0,7.440783896298E0,-4.585067171342E0));
#3096=CARTESIAN_POINT('',(1.720296094466E0,7.422004530097E0,-4.575599359299E0));
#3097=CARTESIAN_POINT('',(1.711736971399E0,7.405218518198E0,-4.563682155105E0));
#3098=CARTESIAN_POINT('',(1.702316078517E0,7.390724594140E0,-4.549514823854E0));
#3099=CARTESIAN_POINT('',(1.692200965261E0,7.378838457249E0,-4.533331659975E0));
#3100=CARTESIAN_POINT('',(1.681607371664E0,7.369888968402E0,-4.515457206400E0));
#3101=CARTESIAN_POINT('',(1.670797611872E0,7.364155917213E0,-4.496319734424E0));
#3102=CARTESIAN_POINT('',(1.660047734898E0,7.361816006320E0,-4.476402766111E0));
#3103=CARTESIAN_POINT('',(1.649624779565E0,7.362936055591E0,-4.456203223388E0));
#3104=CARTESIAN_POINT('',(1.639783399060E0,7.367479933229E0,-4.436222799371E0));
#3105=CARTESIAN_POINT('',(1.630751546456E0,7.375316744768E0,-4.416937960953E0));
#3106=CARTESIAN_POINT('',(1.622711642468E0,7.386261199649E0,-4.398752878758E0));
#3107=CARTESIAN_POINT('',(1.615806592326E0,7.400135934540E0,-4.381994342785E0));
#3108=CARTESIAN_POINT('',(1.610195534919E0,7.416727337060E0,-4.367029344845E0));
#3109=CARTESIAN_POINT('',(1.606009972968E0,7.435871511421E0,-4.354158765874E0));
#3110=CARTESIAN_POINT('',(1.603413339031E0,7.457360323362E0,-4.343754765356E0));
#3111=CARTESIAN_POINT('',(1.602601057720E0,7.480836523397E0,-4.336286951533E0));
#3112=CARTESIAN_POINT('',(1.603423284914E0,7.498868793161E0,-4.333335169415E0));
#3113=CARTESIAN_POINT('',(1.604332680276E0,7.508756655705E0,-4.332599048439E0));
#3114=CARTESIAN_POINT('',(1.604487454761E0,7.510316992702E0,-4.332504936978E0));
#3115=CARTESIAN_POINT('',(1.708842452039E0,7.511762808926E0,-4.584042605456E0));
#3116=CARTESIAN_POINT('',(1.708681681427E0,7.510497688478E0,-4.584137263070E0));
#3117=CARTESIAN_POINT('',(1.707671501072E0,7.502983427778E0,-4.584595223391E0));
#3118=CARTESIAN_POINT('',(1.705257680006E0,7.489396300318E0,-4.584302983426E0));
#3119=CARTESIAN_POINT('',(1.700777869385E0,7.471508018274E0,-4.581424268330E0));
#3120=CARTESIAN_POINT('',(1.695245993674E0,7.454651707497E0,-4.576194188146E0));
#3121=CARTESIAN_POINT('',(1.688753513871E0,7.439069514744E0,-4.568705289113E0));
#3122=CARTESIAN_POINT('',(1.681448293154E0,7.425105147032E0,-4.559128114105E0));
#3123=CARTESIAN_POINT('',(1.673457524028E0,7.413023152185E0,-4.547620659598E0));
#3124=CARTESIAN_POINT('',(1.664927297171E0,7.403102259891E0,-4.534374392053E0));
#3125=CARTESIAN_POINT('',(1.656045907158E0,7.395630962166E0,-4.519660450642E0));
#3126=CARTESIAN_POINT('',(1.647041134607E0,7.390853756261E0,-4.503841582354E0));
#3127=CARTESIAN_POINT('',(1.638151338822E0,7.388924160701E0,-4.487331280140E0));
#3128=CARTESIAN_POINT('',(1.629605410451E0,7.389897995591E0,-4.470556981712E0));
#3129=CARTESIAN_POINT('',(1.621618945967E0,7.393739117755E0,-4.453950526139E0));
#3130=CARTESIAN_POINT('',(1.614381648756E0,7.400327178980E0,-4.437921051578E0));
#3131=CARTESIAN_POINT('',(1.608042144273E0,7.409493002314E0,-4.422814163727E0));
#3132=CARTESIAN_POINT('',(1.602714259515E0,7.421072128696E0,-4.408906895597E0));
#3133=CARTESIAN_POINT('',(1.598521778412E0,7.434868910630E0,-4.396505121665E0));
#3134=CARTESIAN_POINT('',(1.595564578379E0,7.450729422303E0,-4.385855127840E0));
#3135=CARTESIAN_POINT('',(1.593965380961E0,7.468464034112E0,-4.377257646549E0));
#3136=CARTESIAN_POINT('',(1.593867278385E0,7.487762165529E0,-4.371089117178E0));
#3137=CARTESIAN_POINT('',(1.594963087110E0,7.502526419730E0,-4.368641868746E0));
#3138=CARTESIAN_POINT('',(1.595933315122E0,7.510603866570E0,-4.368021874608E0));
#3139=CARTESIAN_POINT('',(1.596095525954E0,7.511878064353E0,-4.367942037962E0));
#3140=CARTESIAN_POINT('',(1.678725248653E0,7.515571086782E0,-4.604219253565E0));
#3141=CARTESIAN_POINT('',(1.678583037471E0,7.514267334532E0,-4.604349123333E0));
#3142=CARTESIAN_POINT('',(1.677681482726E0,7.506516033172E0,-4.605012773589E0));
#3143=CARTESIAN_POINT('',(1.675439172053E0,7.492418776720E0,-4.605054811398E0));
#3144=CARTESIAN_POINT('',(1.671110227038E0,7.473689699408E0,-4.602495942318E0));
#3145=CARTESIAN_POINT('',(1.665629950844E0,7.455893920659E0,-4.597414908189E0));
#3146=CARTESIAN_POINT('',(1.659079010350E0,7.439321068279E0,-4.589879706459E0));
#3147=CARTESIAN_POINT('',(1.651601675280E0,7.424376001209E0,-4.580048567449E0));
#3148=CARTESIAN_POINT('',(1.643328283508E0,7.411382917914E0,-4.568079843435E0));
#3149=CARTESIAN_POINT('',(1.634415339987E0,7.400681368777E0,-4.554178910546E0));
#3150=CARTESIAN_POINT('',(1.625070528248E0,7.392618311205E0,-4.538647860712E0));
#3151=CARTESIAN_POINT('',(1.615549975263E0,7.387485490486E0,-4.521898108759E0));
#3152=CARTESIAN_POINT('',(1.606125909964E0,7.385463908807E0,-4.504403840983E0));
#3153=CARTESIAN_POINT('',(1.597062341439E0,7.386613901696E0,-4.486657533370E0));
#3154=CARTESIAN_POINT('',(1.588607800433E0,7.390881196817E0,-4.469153981983E0));
#3155=CARTESIAN_POINT('',(1.580979174279E0,7.398107640346E0,-4.452356293019E0));
#3156=CARTESIAN_POINT('',(1.574343831421E0,7.408073657194E0,-4.436649454728E0));
#3157=CARTESIAN_POINT('',(1.568826001535E0,7.420559912736E0,-4.422334832844E0));
#3158=CARTESIAN_POINT('',(1.564553749634E0,7.435311047681E0,-4.409731629098E0));
#3159=CARTESIAN_POINT('',(1.561623803077E0,7.452117282511E0,-4.399085367610E0));
#3160=CARTESIAN_POINT('',(1.560150409316E0,7.470733440854E0,-4.390685997033E0));
#3161=CARTESIAN_POINT('',(1.560261579543E0,7.490792840883E0,-4.384886411092E0));
#3162=CARTESIAN_POINT('',(1.561551870907E0,7.505987031031E0,-4.382800162448E0));
#3163=CARTESIAN_POINT('',(1.562633915718E0,7.514251731798E0,-4.382391987651E0));
#3164=CARTESIAN_POINT('',(1.562813974346E0,7.515554295049E0,-4.382345822466E0));
#3165=(BOUNDED_SURFACE()B_SPLINE_SURFACE(3,3,((#3065,#3066,#3067,#3068,#3069,
#3070,#3071,#3072,#3073,#3074,#3075,#3076,#3077,#3078,#3079,#3080,#3081,#3082,
#3083,#3084,#3085,#3086,#3087,#3088,#3089),(#3090,#3091,#3092,#3093,#3094,#3095,
#3096,#3097,#3098,#3099,#3100,#3101,#3102,#3103,#3104,#3105,#3106,#3107,#3108,
#3109,#3110,#3111,#3112,#3113,#3114),(#3115,#3116,#3117,#3118,#3119,#3120,#3121,
#3122,#3123,#3124,#3125,#3126,#3127,#3128,#3129,#3130,#3131,#3132,#3133,#3134,
#3135,#3136,#3137,#3138,#3139),(#3140,#3141,#3142,#3143,#3144,#3145,#3146,#3147,
#3148,#3149,#3150,#3151,#3152,#3153,#3154,#3155,#3156,#3157,#3158,#3159,#3160,
#3161,#3162,#3163,#3164)),.UNSPECIFIED.,.F.,.F.,.F.)B_SPLINE_SURFACE_WITH_KNOTS(
(4,4),(4,1,1,1,1,1,1,1,1,1,1,1,1,1,1,1,1,1,1,1,1,1,4),(0.E0,1.E0),(
-9.988641352098E-3,0.E0,4.933997282779E-2,9.764472110323E-2,1.463086950688E-1,
1.949127189336E-1,2.435945981100E-1,2.925902816213E-1,3.421208725520E-1,
3.921184973188E-1,4.423534065689E-1,4.926616746948E-1,5.429353847305E-1,
5.930635244059E-1,6.429146644645E-1,6.925067274171E-1,7.421304060516E-1,
7.921868735144E-1,8.424043720867E-1,8.938611749240E-1,9.466755032939E-1,1.E0,
1.009987428158E0),.UNSPECIFIED.)GEOMETRIC_REPRESENTATION_ITEM()RATIONAL_B_SPLINE_SURFACE(((1.251013955024E0,1.251013955024E0,1.251013955024E0,1.251013955024E0,
1.251013955024E0,1.251013955024E0,1.251013955024E0,1.251013955024E0,
1.251013955024E0,1.251013955024E0,1.251013955024E0,1.251013955024E0,
1.251013955024E0,1.251013955024E0,1.251013955024E0,1.251013955024E0,
1.251013955024E0,1.251013955024E0,1.251013955024E0,1.251013955024E0,
1.251013955024E0,1.251013955024E0,1.251013955024E0,1.251013955024E0,
1.251013955024E0),(9.163286816587E-1,9.163286816587E-1,9.163286816587E-1,
9.163286816587E-1,9.163286816587E-1,9.163286816587E-1,9.163286816587E-1,
9.163286816587E-1,9.163286816587E-1,9.163286816587E-1,9.163286816587E-1,
9.163286816587E-1,9.163286816587E-1,9.163286816587E-1,9.163286816587E-1,
9.163286816587E-1,9.163286816587E-1,9.163286816587E-1,9.163286816587E-1,
9.163286816587E-1,9.163286816587E-1,9.163286816587E-1,9.163286816587E-1,
9.163286816587E-1,9.163286816587E-1),(9.163286816587E-1,9.163286816587E-1,
9.163286816587E-1,9.163286816587E-1,9.163286816587E-1,9.163286816587E-1,
9.163286816587E-1,9.163286816587E-1,9.163286816587E-1,9.163286816587E-1,
9.163286816587E-1,9.163286816587E-1,9.163286816587E-1,9.163286816587E-1,
9.163286816587E-1,9.163286816587E-1,9.163286816587E-1,9.163286816587E-1,
9.163286816587E-1,9.163286816587E-1,9.163286816587E-1,9.163286816587E-1,
9.163286816587E-1,9.163286816587E-1,9.163286816587E-1),(1.251013955024E0,
1.251013955024E0,1.251013955024E0,1.251013955024E0,1.251013955024E0,
1.251013955024E0,1.251013955024E0,1.251013955024E0,1.251013955024E0,
1.251013955024E0,1.251013955024E0,1.251013955024E0,1.251013955024E0,
1.251013955024E0,1.251013955024E0,1.251013955024E0,1.251013955024E0,
1.251013955024E0,1.251013955024E0,1.251013955024E0,1.251013955024E0,
1.251013955024E0,1.251013955024E0,1.251013955024E0,1.251013955024E0)))REPRESENTATION_ITEM('')SURFACE());
#3166=ORIENTED_EDGE('',*,*,#1462,.F.);
#3168=ORIENTED_EDGE('',*,*,#3167,.T.);
#3169=ORIENTED_EDGE('',*,*,#3059,.T.);
#3171=ORIENTED_EDGE('',*,*,#3170,.F.);
#3172=EDGE_LOOP('',(#3166,#3168,#3169,#3171));
#3173=FACE_OUTER_BOUND('',#3172,.F.);
#3174=ADVANCED_FACE('',(#3173),#3165,.F.);
#3175=CARTESIAN_POINT('',(1.583057201250E0,7.500613957588E0,-4.308713058344E0));
#3176=CARTESIAN_POINT('',(1.583164457047E0,7.502495501150E0,-4.308528627355E0));
#3177=CARTESIAN_POINT('',(1.583928459250E0,7.514376412492E0,-4.307531024107E0));
#3178=CARTESIAN_POINT('',(1.586362114494E0,7.536427432E0,-4.307610298639E0));
#3179=CARTESIAN_POINT('',(1.592007015692E0,7.566084515440E0,-4.312217125052E0));
#3180=CARTESIAN_POINT('',(1.599824566941E0,7.594276805499E0,-4.321238785573E0));
#3181=CARTESIAN_POINT('',(1.609589702392E0,7.620125838615E0,-4.334417098495E0));
#3182=CARTESIAN_POINT('',(1.621010695969E0,7.642862325478E0,-4.351344176691E0));
#3183=CARTESIAN_POINT('',(1.633777286168E0,7.661864826915E0,-4.371548227514E0));
#3184=CARTESIAN_POINT('',(1.647529494872E0,7.676596870884E0,-4.394450676214E0));
#3185=CARTESIAN_POINT('',(1.661879619761E0,7.686647451366E0,-4.419401557367E0));
#3186=CARTESIAN_POINT('',(1.676428006964E0,7.691737001280E0,-4.445709352416E0));
#3187=CARTESIAN_POINT('',(1.690766811765E0,7.691716034413E0,-4.472648258603E0));
#3188=CARTESIAN_POINT('',(1.704495064609E0,7.686566301361E0,-4.499484541727E0));
#3189=CARTESIAN_POINT('',(1.717223798135E0,7.676393220948E0,-4.525484587465E0));
#3190=CARTESIAN_POINT('',(1.728567365898E0,7.661446153075E0,-4.549890646731E0));
#3191=CARTESIAN_POINT('',(1.738158979271E0,7.642166753050E0,-4.571936106987E0));
#3192=CARTESIAN_POINT('',(1.745689623701E0,7.619209881163E0,-4.590911330935E0));
#3193=CARTESIAN_POINT('',(1.750979163762E0,7.593254014207E0,-4.606334583222E0));
#3194=CARTESIAN_POINT('',(1.753896314855E0,7.565080325905E0,-4.617787180586E0));
#3195=CARTESIAN_POINT('',(1.754382792881E0,7.535714524601E0,-4.624931278184E0));
#3196=CARTESIAN_POINT('',(1.753023286753E0,7.513990613500E0,-4.626980272990E0));
#3197=CARTESIAN_POINT('',(1.751772440824E0,7.502389794876E0,-4.627084415819E0));
#3198=CARTESIAN_POINT('',(1.751557479112E0,7.500524436912E0,-4.627075354112E0));
#3199=CARTESIAN_POINT('',(1.602511589642E0,7.501315064215E0,-4.336803110247E0));
#3200=CARTESIAN_POINT('',(1.602622406199E0,7.502842935468E0,-4.336625103322E0));
#3201=CARTESIAN_POINT('',(1.603392021011E0,7.512493234897E0,-4.335637213231E0));
#3202=CARTESIAN_POINT('',(1.605641888509E0,7.530434788344E0,-4.335377713089E0));
#3203=CARTESIAN_POINT('',(1.610594570655E0,7.554630106616E0,-4.338711307122E0));
#3204=CARTESIAN_POINT('',(1.617301075093E0,7.577686603040E0,-4.345690744910E0));
#3205=CARTESIAN_POINT('',(1.625572616956E0,7.598871564261E0,-4.356124952282E0));
#3206=CARTESIAN_POINT('',(1.635164782611E0,7.617538023429E0,-4.369693434579E0));
#3207=CARTESIAN_POINT('',(1.645817195599E0,7.633159531482E0,-4.386016451505E0));
#3208=CARTESIAN_POINT('',(1.657227209437E0,7.645280093802E0,-4.404621071822E0));
#3209=CARTESIAN_POINT('',(1.669068612484E0,7.653549146446E0,-4.424970488324E0));
#3210=CARTESIAN_POINT('',(1.681005002730E0,7.657727741284E0,-4.446489434364E0));
#3211=CARTESIAN_POINT('',(1.692693449496E0,7.657688443542E0,-4.468571246346E0));
#3212=CARTESIAN_POINT('',(1.703797643654E0,7.653417060560E0,-4.490600676034E0));
#3213=CARTESIAN_POINT('',(1.713993064801E0,7.645006872207E0,-4.511961990927E0));
#3214=CARTESIAN_POINT('',(1.722961587784E0,7.632675325741E0,-4.532020725171E0));
#3215=CARTESIAN_POINT('',(1.730406582736E0,7.616802773384E0,-4.550138163599E0));
#3216=CARTESIAN_POINT('',(1.736086362613E0,7.597947137409E0,-4.565727234810E0));
#3217=CARTESIAN_POINT('',(1.739869095431E0,7.576684870771E0,-4.578393928499E0));
#3218=CARTESIAN_POINT('',(1.741668802488E0,7.553672964955E0,-4.587801919545E0));
#3219=CARTESIAN_POINT('',(1.741466995443E0,7.529761513717E0,-4.593685853712E0));
#3220=CARTESIAN_POINT('',(1.739926081719E0,7.512127911944E0,-4.595401689672E0));
#3221=CARTESIAN_POINT('',(1.738680624693E0,7.502728464564E0,-4.595514893590E0));
#3222=CARTESIAN_POINT('',(1.738469202306E0,7.501217516690E0,-4.595512197528E0));
#3223=CARTESIAN_POINT('',(1.593149583185E0,7.504455970450E0,-4.369521607843E0));
#3224=CARTESIAN_POINT('',(1.593275840903E0,7.505728858743E0,-4.369372586537E0));
#3225=CARTESIAN_POINT('',(1.594130834635E0,7.513765579488E0,-4.368544996988E0));
#3226=CARTESIAN_POINT('',(1.596392949983E0,7.528671697729E0,-4.368320262466E0));
#3227=CARTESIAN_POINT('',(1.601010969050E0,7.548697912764E0,-4.371068772625E0));
#3228=CARTESIAN_POINT('',(1.607029523212E0,7.567716493797E0,-4.376823597380E0));
#3229=CARTESIAN_POINT('',(1.614274647417E0,7.585139531994E0,-4.385416876247E0));
#3230=CARTESIAN_POINT('',(1.622532370316E0,7.600453933831E0,-4.396579551622E0));
#3231=CARTESIAN_POINT('',(1.631581206835E0,7.613246477094E0,-4.409999177540E0));
#3232=CARTESIAN_POINT('',(1.641169067420E0,7.623160940391E0,-4.425291892313E0));
#3233=CARTESIAN_POINT('',(1.651028544563E0,7.629924812629E0,-4.442025796612E0));
#3234=CARTESIAN_POINT('',(1.660887190417E0,7.633352893952E0,-4.459740860072E0));
#3235=CARTESIAN_POINT('',(1.670469744759E0,7.633346047414E0,-4.477953519919E0));
#3236=CARTESIAN_POINT('',(1.679508167315E0,7.629891720675E0,-4.496173966029E0));
#3237=CARTESIAN_POINT('',(1.687744939577E0,7.623058701781E0,-4.513910983485E0));
#3238=CARTESIAN_POINT('',(1.694927950413E0,7.613010757331E0,-4.530654355997E0));
#3239=CARTESIAN_POINT('',(1.700822359099E0,7.600039518645E0,-4.545883326803E0));
#3240=CARTESIAN_POINT('',(1.705237380576E0,7.584579389778E0,-4.559109757135E0));
#3241=CARTESIAN_POINT('',(1.708069129397E0,7.567080964695E0,-4.569996274576E0));
#3242=CARTESIAN_POINT('',(1.709249306905E0,7.548065253617E0,-4.578243529253E0));
#3243=CARTESIAN_POINT('',(1.708765394811E0,7.528220498860E0,-4.583600140032E0));
#3244=CARTESIAN_POINT('',(1.707252458389E0,7.513521727583E0,-4.585371323579E0));
#3245=CARTESIAN_POINT('',(1.706091719692E0,7.505666781011E0,-4.585645211134E0));
#3246=CARTESIAN_POINT('',(1.705895790467E0,7.504403597051E0,-4.585671722014E0));
#3247=CARTESIAN_POINT('',(1.561846425449E0,7.507730066540E0,-4.382840834289E0));
#3248=CARTESIAN_POINT('',(1.561988665094E0,7.509033914880E0,-4.382722073781E0));
#3249=CARTESIAN_POINT('',(1.562946103730E0,7.517259065477E0,-4.382087651103E0));
#3250=CARTESIAN_POINT('',(1.565407507981E0,7.532432933607E0,-4.382245691419E0));
#3251=CARTESIAN_POINT('',(1.570294188862E0,7.552644401465E0,-4.385526938435E0));
#3252=CARTESIAN_POINT('',(1.576553104242E0,7.571688298127E0,-4.391774087680E0));
#3253=CARTESIAN_POINT('',(1.583992764386E0,7.589014232461E0,-4.400781550906E0));
#3254=CARTESIAN_POINT('',(1.592390413958E0,7.604156221623E0,-4.412257977955E0));
#3255=CARTESIAN_POINT('',(1.601523904656E0,7.616749355774E0,-4.425884039752E0));
#3256=CARTESIAN_POINT('',(1.611147801305E0,7.626483211377E0,-4.441282959555E0));
#3257=CARTESIAN_POINT('',(1.621007629567E0,7.633123620729E0,-4.458042453628E0));
#3258=CARTESIAN_POINT('',(1.630848631590E0,7.636512790069E0,-4.475732085365E0));
#3259=CARTESIAN_POINT('',(1.640416278383E0,7.636565345394E0,-4.493904952044E0));
#3260=CARTESIAN_POINT('',(1.649464271873E0,7.633266753640E0,-4.512111514918E0));
#3261=CARTESIAN_POINT('',(1.657755445718E0,7.626666944399E0,-4.529900269550E0));
#3262=CARTESIAN_POINT('',(1.665053716355E0,7.616893657444E0,-4.546794969502E0));
#3263=CARTESIAN_POINT('',(1.671132286044E0,7.604187539984E0,-4.562296251497E0));
#3264=CARTESIAN_POINT('',(1.675797464935E0,7.588923606606E0,-4.575918622269E0));
#3265=CARTESIAN_POINT('',(1.678932433917E0,7.571495185101E0,-4.587308666562E0));
#3266=CARTESIAN_POINT('',(1.680445964706E0,7.552375366930E0,-4.596131473081E0));
#3267=CARTESIAN_POINT('',(1.680293299083E0,7.532223166120E0,-4.602080854758E0));
#3268=CARTESIAN_POINT('',(1.678997178971E0,7.517148474068E0,-4.604255246322E0));
#3269=CARTESIAN_POINT('',(1.677938272825E0,7.509046911773E0,-4.604723437673E0));
#3270=CARTESIAN_POINT('',(1.677758412774E0,7.507742893398E0,-4.604780547882E0));
#3271=(BOUNDED_SURFACE()B_SPLINE_SURFACE(3,3,((#3175,#3176,#3177,#3178,#3179,
#3180,#3181,#3182,#3183,#3184,#3185,#3186,#3187,#3188,#3189,#3190,#3191,#3192,
#3193,#3194,#3195,#3196,#3197,#3198),(#3199,#3200,#3201,#3202,#3203,#3204,#3205,
#3206,#3207,#3208,#3209,#3210,#3211,#3212,#3213,#3214,#3215,#3216,#3217,#3218,
#3219,#3220,#3221,#3222),(#3223,#3224,#3225,#3226,#3227,#3228,#3229,#3230,#3231,
#3232,#3233,#3234,#3235,#3236,#3237,#3238,#3239,#3240,#3241,#3242,#3243,#3244,
#3245,#3246),(#3247,#3248,#3249,#3250,#3251,#3252,#3253,#3254,#3255,#3256,#3257,
#3258,#3259,#3260,#3261,#3262,#3263,#3264,#3265,#3266,#3267,#3268,#3269,#3270)),
.UNSPECIFIED.,.F.,.F.,.F.)B_SPLINE_SURFACE_WITH_KNOTS((4,4),(4,1,1,1,1,1,1,1,1,
1,1,1,1,1,1,1,1,1,1,1,1,4),(0.E0,1.E0),(-9.992922265846E-3,0.E0,
5.300010541259E-2,1.060857953295E-1,1.592128668622E-1,2.119254737777E-1,
2.644314808638E-1,3.167723017395E-1,3.689244206996E-1,4.209646085342E-1,
4.729705954711E-1,5.250047629222E-1,5.771608022186E-1,6.295857667361E-1,
6.823694109727E-1,7.353945524194E-1,7.884634608009E-1,8.413506517905E-1,
8.947206324330E-1,9.480004186543E-1,1.E0,1.009983066770E0),.UNSPECIFIED.)GEOMETRIC_REPRESENTATION_ITEM()RATIONAL_B_SPLINE_SURFACE(((1.224881187216E0,
1.224881187216E0,1.224881187216E0,1.224881187216E0,1.224881187216E0,
1.224881187216E0,1.224881187216E0,1.224881187216E0,1.224881187216E0,
1.224881187216E0,1.224881187216E0,1.224881187216E0,1.224881187216E0,
1.224881187216E0,1.224881187216E0,1.224881187216E0,1.224881187216E0,
1.224881187216E0,1.224881187216E0,1.224881187216E0,1.224881187216E0,
1.224881187216E0,1.224881187216E0,1.224881187216E0),(9.250396042612E-1,
9.250396042612E-1,9.250396042612E-1,9.250396042612E-1,9.250396042612E-1,
9.250396042612E-1,9.250396042612E-1,9.250396042612E-1,9.250396042612E-1,
9.250396042612E-1,9.250396042612E-1,9.250396042612E-1,9.250396042612E-1,
9.250396042612E-1,9.250396042612E-1,9.250396042612E-1,9.250396042612E-1,
9.250396042612E-1,9.250396042612E-1,9.250396042612E-1,9.250396042612E-1,
9.250396042612E-1,9.250396042612E-1,9.250396042612E-1),(9.250396042612E-1,
9.250396042612E-1,9.250396042612E-1,9.250396042612E-1,9.250396042612E-1,
9.250396042612E-1,9.250396042612E-1,9.250396042612E-1,9.250396042612E-1,
9.250396042612E-1,9.250396042612E-1,9.250396042612E-1,9.250396042612E-1,
9.250396042612E-1,9.250396042612E-1,9.250396042612E-1,9.250396042612E-1,
9.250396042612E-1,9.250396042612E-1,9.250396042612E-1,9.250396042612E-1,
9.250396042612E-1,9.250396042612E-1,9.250396042612E-1),(1.224881187216E0,
1.224881187216E0,1.224881187216E0,1.224881187216E0,1.224881187216E0,
1.224881187216E0,1.224881187216E0,1.224881187216E0,1.224881187216E0,
1.224881187216E0,1.224881187216E0,1.224881187216E0,1.224881187216E0,
1.224881187216E0,1.224881187216E0,1.224881187216E0,1.224881187216E0,
1.224881187216E0,1.224881187216E0,1.224881187216E0,1.224881187216E0,
1.224881187216E0,1.224881187216E0,1.224881187216E0)))REPRESENTATION_ITEM('')SURFACE());
#3272=ORIENTED_EDGE('',*,*,#1460,.F.);
#3273=ORIENTED_EDGE('',*,*,#3170,.T.);
#3274=ORIENTED_EDGE('',*,*,#3045,.T.);
#3275=ORIENTED_EDGE('',*,*,#3167,.F.);
#3276=EDGE_LOOP('',(#3272,#3273,#3274,#3275));
#3277=FACE_OUTER_BOUND('',#3276,.F.);
#3278=ADVANCED_FACE('',(#3277),#3271,.F.);
#3279=CARTESIAN_POINT('',(1.531436880169E0,5.111817583330E-1,
-4.542015403401E0));
#3280=DIRECTION('',(8.778723521735E-1,0.E0,4.788946995838E-1));
#3281=DIRECTION('',(-4.777829690106E-1,-6.809928663304E-2,8.758344145348E-1));
#3282=AXIS2_PLACEMENT_3D('',#3279,#3280,#3281);
#3283=TOROIDAL_SURFACE('',#3282,7.5E-2,5.E-2);
#3284=ORIENTED_EDGE('',*,*,#3004,.T.);
#3285=ORIENTED_EDGE('',*,*,#2981,.T.);
#3287=ORIENTED_EDGE('',*,*,#3286,.F.);
#3288=ORIENTED_EDGE('',*,*,#2978,.F.);
#3289=EDGE_LOOP('',(#3284,#3285,#3287,#3288));
#3290=FACE_OUTER_BOUND('',#3289,.F.);
#3291=ADVANCED_FACE('',(#3290),#3283,.T.);
#3292=CARTESIAN_POINT('',(1.707011350604E0,5.111817583330E-1,
-4.446236463485E0));
#3293=DIRECTION('',(8.778723521735E-1,0.E0,4.788946995838E-1));
#3294=DIRECTION('',(4.788946995838E-1,0.E0,-8.778723521735E-1));
#3295=AXIS2_PLACEMENT_3D('',#3292,#3293,#3294);
#3296=CYLINDRICAL_SURFACE('',#3295,1.25E-1);
#3297=ORIENTED_EDGE('',*,*,#3286,.T.);
#3298=ORIENTED_EDGE('',*,*,#2966,.F.);
#3299=ORIENTED_EDGE('',*,*,#2828,.F.);
#3300=ORIENTED_EDGE('',*,*,#2963,.T.);
#3301=EDGE_LOOP('',(#3297,#3298,#3299,#3300));
#3302=FACE_OUTER_BOUND('',#3301,.F.);
#3303=ADVANCED_FACE('',(#3302),#3296,.T.);
#3304=CARTESIAN_POINT('',(2.460819403064E0,-6.298818241667E0,
-3.442857268837E0));
#3305=DIRECTION('',(8.778723521735E-1,0.E0,4.788946995838E-1));
#3306=DIRECTION('',(4.788946995838E-1,0.E0,-8.778723521735E-1));
#3307=AXIS2_PLACEMENT_3D('',#3304,#3305,#3306);
#3308=PLANE('',#3307);
#3309=ORIENTED_EDGE('',*,*,#1321,.F.);
#3310=ORIENTED_EDGE('',*,*,#1307,.F.);
#3312=ORIENTED_EDGE('',*,*,#3311,.F.);
#3313=ORIENTED_EDGE('',*,*,#1030,.F.);
#3314=EDGE_LOOP('',(#3309,#3310,#3312,#3313));
#3315=FACE_OUTER_BOUND('',#3314,.F.);
#3316=ADVANCED_FACE('',(#3315),#3308,.T.);
#3317=CARTESIAN_POINT('',(7.584917436444E-2,8.011181758333E0,
9.290838412893E-1));
#3318=DIRECTION('',(-4.788946995838E-1,0.E0,8.778723521735E-1));
#3319=DIRECTION('',(0.E0,-1.E0,0.E0));
#3320=AXIS2_PLACEMENT_3D('',#3317,#3318,#3319);
#3321=PLANE('',#3320);
#3322=ORIENTED_EDGE('',*,*,#1149,.T.);
#3323=ORIENTED_EDGE('',*,*,#1032,.F.);
#3324=ORIENTED_EDGE('',*,*,#3311,.T.);
#3325=ORIENTED_EDGE('',*,*,#1305,.T.);
#3326=EDGE_LOOP('',(#3322,#3323,#3324,#3325));
#3327=FACE_OUTER_BOUND('',#3326,.F.);
#3328=ADVANCED_FACE('',(#3327),#3321,.T.);
#3329=CARTESIAN_POINT('',(-2.184928982140E-1,7.503688938330E0,
4.035347691177E-1));
#3330=CARTESIAN_POINT('',(-2.184704297054E-1,7.505573298926E0,
4.036368278623E-1));
#3331=CARTESIAN_POINT('',(-2.182417219928E-1,7.517440115156E0,
4.041125127246E-1));
#3332=CARTESIAN_POINT('',(-2.167991756138E-1,7.539406177384E0,
4.030668534915E-1));
#3333=CARTESIAN_POINT('',(-2.124951242997E-1,7.568819215114E0,
3.971928812692E-1));
#3334=CARTESIAN_POINT('',(-2.059556463689E-1,7.596687269598E0,
3.870015755616E-1));
#3335=CARTESIAN_POINT('',(-1.973692797088E-1,7.622117608819E0,
3.728044908913E-1));
#3336=CARTESIAN_POINT('',(-1.870020249019E-1,7.644353416016E0,
3.550726823581E-1));
#3337=CARTESIAN_POINT('',(-1.751265694127E-1,7.662829456599E0,
3.343045418550E-1));
#3338=CARTESIAN_POINT('',(-1.620527850682E-1,7.677054242582E0,
3.110704468708E-1));
#3339=CARTESIAN_POINT('',(-1.481482572242E-1,7.686624602242E0,
2.860477354241E-1));
#3340=CARTESIAN_POINT('',(-1.338198347681E-1,7.691285643319E0,
2.599865228890E-1));
#3341=CARTESIAN_POINT('',(-1.194778288816E-1,7.690950998267E0,
2.336424165315E-1));
#3342=CARTESIAN_POINT('',(-1.055175570418E-1,7.685683365146E0,
2.077406747334E-1));
#3343=CARTESIAN_POINT('',(-9.231338593793E-2,7.675670922726E0,
1.829647497990E-1));
#3344=CARTESIAN_POINT('',(-8.021601741323E-2,7.661211347294E0,
1.599525051869E-1));
#3345=CARTESIAN_POINT('',(-6.954795718583E-2,7.642702138029E0,
1.392904317631E-1));
#3346=CARTESIAN_POINT('',(-6.059987477903E-2,7.620636877759E0,
1.215105245562E-1));
#3347=CARTESIAN_POINT('',(-5.360339227517E-2,7.595533696490E0,
1.070398709983E-1));
#3348=CARTESIAN_POINT('',(-4.877726555353E-2,7.568022256294E0,
9.629422362366E-2));
#3349=CARTESIAN_POINT('',(-4.630171889208E-2,7.538961588293E0,
8.964348515895E-2));
#3350=CARTESIAN_POINT('',(-4.625461098189E-2,7.517220324786E0,
8.789642198694E-2));
#3351=CARTESIAN_POINT('',(-4.678963990131E-2,7.505500021484E0,
8.795672350333E-2));
#3352=CARTESIAN_POINT('',(-4.689024434667E-2,7.503618129654E0,
8.799236990553E-2));
#3353=CARTESIAN_POINT('',(-1.995332350847E-1,7.504627719239E0,
3.754811561746E-1));
#3354=CARTESIAN_POINT('',(-1.995060217997E-1,7.506159894187E0,
3.755745721313E-1));
#3355=CARTESIAN_POINT('',(-1.992642794280E-1,7.515809782019E0,
3.760265765782E-1));
#3356=CARTESIAN_POINT('',(-1.979914712367E-1,7.533683190264E0,
3.752925019077E-1));
#3357=CARTESIAN_POINT('',(-1.943627351178E-1,7.557636569847E0,
3.706572142346E-1));
#3358=CARTESIAN_POINT('',(-1.889254836197E-1,7.580346818403E0,
3.624871906010E-1));
#3359=CARTESIAN_POINT('',(-1.818348720600E-1,7.601080412621E0,
3.510327236676E-1));
#3360=CARTESIAN_POINT('',(-1.733089801032E-1,7.619215105275E0,
3.366769689727E-1));
#3361=CARTESIAN_POINT('',(-1.635709412880E-1,7.634286142007E0,
3.198274571978E-1));
#3362=CARTESIAN_POINT('',(-1.528741662003E-1,7.645890288299E0,
3.009510592565E-1));
#3363=CARTESIAN_POINT('',(-1.415189910053E-1,7.653697466847E0,
2.806018409175E-1));
#3364=CARTESIAN_POINT('',(-1.298375395569E-1,7.657499257598E0,
2.593929440601E-1));
#3365=CARTESIAN_POINT('',(-1.181646872134E-1,7.657224997346E0,
2.379416967531E-1));
#3366=CARTESIAN_POINT('',(-1.068232929769E-1,7.652925678622E0,
2.168405300740E-1));
#3367=CARTESIAN_POINT('',(-9.611953290722E-2,7.644754778311E0,
1.966478870384E-1));
#3368=CARTESIAN_POINT('',(-8.634067759821E-2,7.632955555677E0,
1.778853450426E-1));
#3369=CARTESIAN_POINT('',(-7.775114921974E-2,7.617853631027E0,
1.610329177190E-1));
#3370=CARTESIAN_POINT('',(-7.058905762819E-2,7.599854348268E0,
1.465262641215E-1));
#3371=CARTESIAN_POINT('',(-6.504378443295E-2,7.579384587513E0,
1.347150728414E-1));
#3372=CARTESIAN_POINT('',(-6.129242736385E-2,7.556963551103E0,
1.259387988100E-1));
#3373=CARTESIAN_POINT('',(-5.947734741465E-2,7.533297991183E0,
1.204980236157E-1));
#3374=CARTESIAN_POINT('',(-5.959679007342E-2,7.515610067428E0,
1.190558689679E-1));
#3375=CARTESIAN_POINT('',(-6.011926325832E-2,7.506081286780E0,
1.190929772309E-1));
#3376=CARTESIAN_POINT('',(-6.021519648128E-2,7.504551451180E0,
1.191200125428E-1));
#3377=CARTESIAN_POINT('',(-2.090717735705E-1,7.506270426927E0,
3.430208787951E-1));
#3378=CARTESIAN_POINT('',(-2.090364438343E-1,7.507549498574E0,
3.430990066710E-1));
#3379=CARTESIAN_POINT('',(-2.087553916116E-1,7.515604122431E0,
3.434773587231E-1));
#3380=CARTESIAN_POINT('',(-2.075516898971E-1,7.530509470238E0,
3.428667318783E-1));
#3381=CARTESIAN_POINT('',(-2.043487771941E-1,7.550460302118E0,
3.390064447827E-1));
#3382=CARTESIAN_POINT('',(-1.996612631618E-1,7.569357470690E0,
3.322050675148E-1));
#3383=CARTESIAN_POINT('',(-1.936218616070E-1,7.586597896419E0,
3.226722580815E-1));
#3384=CARTESIAN_POINT('',(-1.864130386194E-1,7.601670467906E0,
3.107262954926E-1));
#3385=CARTESIAN_POINT('',(-1.782195409784E-1,7.614193466671E0,
2.967045129329E-1));
#3386=CARTESIAN_POINT('',(-1.692507520959E-1,7.623834643252E0,
2.809931206367E-1));
#3387=CARTESIAN_POINT('',(-1.597550643613E-1,7.630321186002E0,
2.640509374291E-1));
#3388=CARTESIAN_POINT('',(-1.500074487451E-1,7.633480519984E0,
2.463862878092E-1));
#3389=CARTESIAN_POINT('',(-1.402853843389E-1,7.633254186E0,2.285112567160E-1));
#3390=CARTESIAN_POINT('',(-1.308565631842E-1,7.629684737614E0,
2.109171630292E-1));
#3391=CARTESIAN_POINT('',(-1.219748694313E-1,7.622899730045E0,
1.940666486154E-1));
#3392=CARTESIAN_POINT('',(-1.138783571932E-1,7.613100759813E0,
1.783911370283E-1));
#3393=CARTESIAN_POINT('',(-1.067858751952E-1,7.600556729356E0,
1.642871226577E-1));
#3394=CARTESIAN_POINT('',(-1.008942260466E-1,7.585601156432E0,
1.521144516644E-1));
#3395=CARTESIAN_POINT('',(-9.635990697827E-2,7.568583624351E0,
1.421622849281E-1));
#3396=CARTESIAN_POINT('',(-9.332943909497E-2,7.549928803671E0,
1.347135284006E-1));
#3397=CARTESIAN_POINT('',(-9.192044539969E-2,7.530216659559E0,
1.300227684632E-1));
#3398=CARTESIAN_POINT('',(-9.210140301535E-2,7.515462879470E0,
1.286963515792E-1));
#3399=CARTESIAN_POINT('',(-9.258270264103E-2,7.507506957870E0,
1.286593032615E-1));
#3400=CARTESIAN_POINT('',(-9.267003501197E-2,7.506229436361E0,
1.286709311578E-1));
#3401=CARTESIAN_POINT('',(-2.401911308279E-1,7.507425763795E0,
3.296942483355E-1));
#3402=CARTESIAN_POINT('',(-2.401501990458E-1,7.508734365927E0,
3.297615298097E-1));
#3403=CARTESIAN_POINT('',(-2.398320694270E-1,7.516972281476E0,
3.300696704724E-1));
#3404=CARTESIAN_POINT('',(-2.385467262099E-1,7.532186610624E0,
3.293048299035E-1));
#3405=CARTESIAN_POINT('',(-2.352113364518E-1,7.552494667418E0,
3.251938261732E-1));
#3406=CARTESIAN_POINT('',(-2.303773585780E-1,7.571688741439E0,
3.181159122343E-1));
#3407=CARTESIAN_POINT('',(-2.241822806093E-1,7.589172833699E0,
3.082902070477E-1));
#3408=CARTESIAN_POINT('',(-2.168110894973E-1,7.604442938816E0,
2.960401848221E-1));
#3409=CARTESIAN_POINT('',(-2.084491506472E-1,7.617122711910E0,
2.817045524409E-1));
#3410=CARTESIAN_POINT('',(-1.993061830299E-1,7.626882141541E0,
2.656702007732E-1));
#3411=CARTESIAN_POINT('',(-1.896316104897E-1,7.633448323697E0,
2.483978004371E-1));
#3412=CARTESIAN_POINT('',(-1.797022707427E-1,7.636647906456E0,
2.303990286118E-1));
#3413=CARTESIAN_POINT('',(-1.697979101524E-1,7.636422283906E0,
2.121900858749E-1));
#3414=CARTESIAN_POINT('',(-1.601883525948E-1,7.632814957170E0,
1.942662209490E-1));
#3415=CARTESIAN_POINT('',(-1.511290113135E-1,7.625955138513E0,
1.770929580337E-1));
#3416=CARTESIAN_POINT('',(-1.428586306804E-1,7.616045729961E0,
1.611030789542E-1));
#3417=CARTESIAN_POINT('',(-1.355960461079E-1,7.603355209091E0,
1.466930853079E-1));
#3418=CARTESIAN_POINT('',(-1.295379615441E-1,7.588213768873E0,
1.342225132301E-1));
#3419=CARTESIAN_POINT('',(-1.248411938068E-1,7.570963704818E0,
1.239807619349E-1));
#3420=CARTESIAN_POINT('',(-1.216549431800E-1,7.552019638451E0,
1.162549465440E-1));
#3421=CARTESIAN_POINT('',(-1.201031600503E-1,7.531952186336E0,
1.113103400548E-1));
#3422=CARTESIAN_POINT('',(-1.201959861400E-1,7.516885502155E0,
1.098265567263E-1));
#3423=CARTESIAN_POINT('',(-1.206373535968E-1,7.508743132886E0,
1.097181671230E-1));
#3424=CARTESIAN_POINT('',(-1.207183928553E-1,7.507435204232E0,
1.097187647923E-1));
#3425=(BOUNDED_SURFACE()B_SPLINE_SURFACE(3,3,((#3329,#3330,#3331,#3332,#3333,
#3334,#3335,#3336,#3337,#3338,#3339,#3340,#3341,#3342,#3343,#3344,#3345,#3346,
#3347,#3348,#3349,#3350,#3351,#3352),(#3353,#3354,#3355,#3356,#3357,#3358,#3359,
#3360,#3361,#3362,#3363,#3364,#3365,#3366,#3367,#3368,#3369,#3370,#3371,#3372,
#3373,#3374,#3375,#3376),(#3377,#3378,#3379,#3380,#3381,#3382,#3383,#3384,#3385,
#3386,#3387,#3388,#3389,#3390,#3391,#3392,#3393,#3394,#3395,#3396,#3397,#3398,
#3399,#3400),(#3401,#3402,#3403,#3404,#3405,#3406,#3407,#3408,#3409,#3410,#3411,
#3412,#3413,#3414,#3415,#3416,#3417,#3418,#3419,#3420,#3421,#3422,#3423,#3424)),
.UNSPECIFIED.,.F.,.F.,.F.)B_SPLINE_SURFACE_WITH_KNOTS((4,4),(4,1,1,1,1,1,1,1,1,
1,1,1,1,1,1,1,1,1,1,1,1,4),(0.E0,1.E0),(-1.001369863377E-2,0.E0,
5.297434043833E-2,1.061410223024E-1,1.596001384012E-1,2.128039467309E-1,
2.657540281830E-1,3.186489430123E-1,3.715817975321E-1,4.244553582285E-1,
4.771672959502E-1,5.296788261250E-1,5.819947452338E-1,6.341557565378E-1,
6.862196277904E-1,7.382380751104E-1,7.902763978678E-1,8.423698365658E-1,
8.949644547182E-1,9.477506485720E-1,1.E0,1.010008359131E0),.UNSPECIFIED.)GEOMETRIC_REPRESENTATION_ITEM()RATIONAL_B_SPLINE_SURFACE(((1.221449996270E0,
1.221449996270E0,1.221449996270E0,1.221449996270E0,1.221449996270E0,
1.221449996270E0,1.221449996270E0,1.221449996270E0,1.221449996270E0,
1.221449996270E0,1.221449996270E0,1.221449996270E0,1.221449996270E0,
1.221449996270E0,1.221449996270E0,1.221449996270E0,1.221449996270E0,
1.221449996270E0,1.221449996270E0,1.221449996270E0,1.221449996270E0,
1.221449996270E0,1.221449996270E0,1.221449996270E0),(9.261833345768E-1,
9.261833345768E-1,9.261833345768E-1,9.261833345768E-1,9.261833345768E-1,
9.261833345768E-1,9.261833345768E-1,9.261833345768E-1,9.261833345768E-1,
9.261833345768E-1,9.261833345768E-1,9.261833345768E-1,9.261833345768E-1,
9.261833345768E-1,9.261833345768E-1,9.261833345768E-1,9.261833345768E-1,
9.261833345768E-1,9.261833345768E-1,9.261833345768E-1,9.261833345768E-1,
9.261833345768E-1,9.261833345768E-1,9.261833345768E-1),(9.261833345768E-1,
9.261833345768E-1,9.261833345768E-1,9.261833345768E-1,9.261833345768E-1,
9.261833345768E-1,9.261833345768E-1,9.261833345768E-1,9.261833345768E-1,
9.261833345768E-1,9.261833345768E-1,9.261833345768E-1,9.261833345768E-1,
9.261833345768E-1,9.261833345768E-1,9.261833345768E-1,9.261833345768E-1,
9.261833345768E-1,9.261833345768E-1,9.261833345768E-1,9.261833345768E-1,
9.261833345768E-1,9.261833345768E-1,9.261833345768E-1),(1.221449996270E0,
1.221449996270E0,1.221449996270E0,1.221449996270E0,1.221449996270E0,
1.221449996270E0,1.221449996270E0,1.221449996270E0,1.221449996270E0,
1.221449996270E0,1.221449996270E0,1.221449996270E0,1.221449996270E0,
1.221449996270E0,1.221449996270E0,1.221449996270E0,1.221449996270E0,
1.221449996270E0,1.221449996270E0,1.221449996270E0,1.221449996270E0,
1.221449996270E0,1.221449996270E0,1.221449996270E0)))REPRESENTATION_ITEM('')SURFACE());
#3426=ORIENTED_EDGE('',*,*,#1155,.F.);
#3428=ORIENTED_EDGE('',*,*,#3427,.T.);
#3430=ORIENTED_EDGE('',*,*,#3429,.T.);
#3432=ORIENTED_EDGE('',*,*,#3431,.F.);
#3433=EDGE_LOOP('',(#3426,#3428,#3430,#3432));
#3434=FACE_OUTER_BOUND('',#3433,.F.);
#3435=ADVANCED_FACE('',(#3434),#3425,.F.);
#3436=CARTESIAN_POINT('',(-4.558649236898E-2,7.515013716479E0,
8.590589352151E-2));
#3437=CARTESIAN_POINT('',(-4.562835475514E-2,7.513103089685E0,
8.583686306885E-2));
#3438=CARTESIAN_POINT('',(-4.597969768182E-2,7.501284104351E0,
8.557307299416E-2));
#3439=CARTESIAN_POINT('',(-4.766411401761E-2,7.479527909216E0,
8.694357918566E-2));
#3440=CARTESIAN_POINT('',(-5.228353105586E-2,7.450601993996E0,
9.303494127661E-2));
#3441=CARTESIAN_POINT('',(-5.909210423537E-2,7.423293242320E0,
1.031936136346E-1));
#3442=CARTESIAN_POINT('',(-6.786896158038E-2,7.398409535346E0,
1.171084438529E-1));
#3443=CARTESIAN_POINT('',(-7.832805001466E-2,7.376615259290E0,
1.343414738299E-1));
#3444=CARTESIAN_POINT('',(-9.019994356957E-2,7.358383540205E0,
1.544688709583E-1));
#3445=CARTESIAN_POINT('',(-1.031970957087E-1,7.344143483056E0,
1.770271043889E-1));
#3446=CARTESIAN_POINT('',(-1.169835955074E-1,7.334284315789E0,
2.014553419663E-1));
#3447=CARTESIAN_POINT('',(-1.311882159297E-1,7.329094376035E0,
2.271112395894E-1));
#3448=CARTESIAN_POINT('',(-1.454342984573E-1,7.328734472885E0,
2.533216217311E-1));
#3449=CARTESIAN_POINT('',(-1.593448618005E-1,7.333241771616E0,
2.793916200728E-1));
#3450=CARTESIAN_POINT('',(-1.725459544671E-1,7.342519758825E0,
3.046103286688E-1));
#3451=CARTESIAN_POINT('',(-1.846925650035E-1,7.356343834970E0,
3.283006897481E-1));
#3452=CARTESIAN_POINT('',(-1.954835196093E-1,7.374404426162E0,
3.498534532065E-1));
#3453=CARTESIAN_POINT('',(-2.046297167441E-1,7.396293502628E0,
3.686700021418E-1));
#3454=CARTESIAN_POINT('',(-2.118705719711E-1,7.421495317176E0,
3.841950720207E-1));
#3455=CARTESIAN_POINT('',(-2.169699986965E-1,7.449319102446E0,
3.959075633366E-1));
#3456=CARTESIAN_POINT('',(-2.197521433157E-1,7.478891073420E0,
4.033902740383E-1));
#3457=CARTESIAN_POINT('',(-2.200384883705E-1,7.501142721058E0,
4.056105754424E-1));
#3458=CARTESIAN_POINT('',(-2.196326704031E-1,7.513181406534E0,
4.057525499917E-1));
#3459=CARTESIAN_POINT('',(-2.195542062686E-1,7.515092264790E0,
4.057482042695E-1));
#3460=CARTESIAN_POINT('',(-5.785205484840E-2,7.513734252932E0,
1.187553162159E-1));
#3461=CARTESIAN_POINT('',(-5.790034794648E-2,7.512186201805E0,
1.186980646277E-1));
#3462=CARTESIAN_POINT('',(-5.827459279001E-2,7.502611232320E0,
1.184760066556E-1));
#3463=CARTESIAN_POINT('',(-5.980858867808E-2,7.484999329309E0,
1.195704161092E-1));
#3464=CARTESIAN_POINT('',(-6.378104087984E-2,7.461617395094E0,
1.244759084852E-1));
#3465=CARTESIAN_POINT('',(-6.951306471207E-2,7.439576931005E0,
1.326617932351E-1));
#3466=CARTESIAN_POINT('',(-7.681295219907E-2,7.419525178974E0,
1.438703338024E-1));
#3467=CARTESIAN_POINT('',(-8.543855836661E-2,7.401989000794E0,
1.577438922732E-1));
#3468=CARTESIAN_POINT('',(-9.516467307591E-2,7.387338516429E0,
1.739394629800E-1));
#3469=CARTESIAN_POINT('',(-1.057541973764E-1,7.375907428190E0,
1.920857309488E-1));
#3470=CARTESIAN_POINT('',(-1.169340293649E-1,7.367997979073E0,
2.117367479132E-1));
#3471=CARTESIAN_POINT('',(-1.284060242298E-1,7.363833783268E0,
2.323839462239E-1));
#3472=CARTESIAN_POINT('',(-1.398706845025E-1,7.363539997953E0,
2.534955062782E-1));
#3473=CARTESIAN_POINT('',(-1.510303180232E-1,7.367147218320E0,
2.745219362144E-1));
#3474=CARTESIAN_POINT('',(-1.615907445276E-1,7.374583322934E0,
2.948987037399E-1));
#3475=CARTESIAN_POINT('',(-1.712810546852E-1,7.385676939819E0,
3.140848141153E-1));
#3476=CARTESIAN_POINT('',(-1.798645510547E-1,7.400190417372E0,
3.315894670408E-1));
#3477=CARTESIAN_POINT('',(-1.871128621510E-1,7.417807231101E0,
3.469256173949E-1));
#3478=CARTESIAN_POINT('',(-1.928190525638E-1,7.438122599154E0,
3.596365379443E-1));
#3479=CARTESIAN_POINT('',(-1.967948346062E-1,7.460587371181E0,
3.692888666330E-1));
#3480=CARTESIAN_POINT('',(-1.988998038227E-1,7.484499933016E0,
3.755303799203E-1));
#3481=CARTESIAN_POINT('',(-1.990281461148E-1,7.502517861886E0,
3.774615291474E-1));
#3482=CARTESIAN_POINT('',(-1.986451433743E-1,7.512272864020E0,
3.776456248276E-1));
#3483=CARTESIAN_POINT('',(-1.985730522953E-1,7.513821407805E0,
3.776529766733E-1));
#3484=CARTESIAN_POINT('',(-9.125748293747E-2,7.513857932109E0,
1.294895758454E-1));
#3485=CARTESIAN_POINT('',(-9.130519900772E-2,7.512578754186E0,
1.294313123638E-1));
#3486=CARTESIAN_POINT('',(-9.166274195550E-2,7.504665630596E0,
1.291798553762E-1));
#3487=CARTESIAN_POINT('',(-9.302205751902E-2,7.490096568292E0,
1.299557974372E-1));
#3488=CARTESIAN_POINT('',(-9.643712200557E-2,7.470719493525E0,
1.338390640038E-1));
#3489=CARTESIAN_POINT('',(-1.013131306110E-1,7.452418871516E0,
1.404525598418E-1));
#3490=CARTESIAN_POINT('',(-1.074901709647E-1,7.435737052763E0,
1.495970544078E-1));
#3491=CARTESIAN_POINT('',(-1.147651593851E-1,7.421121141547E0,
1.609873359245E-1));
#3492=CARTESIAN_POINT('',(-1.229478954616E-1,7.408890548104E0,
1.743456772792E-1));
#3493=CARTESIAN_POINT('',(-1.318364379608E-1,7.399335360587E0,
1.893664820724E-1));
#3494=CARTESIAN_POINT('',(-1.411971789909E-1,7.392718798839E0,
2.056774306135E-1));
#3495=CARTESIAN_POINT('',(-1.507748428E-1,7.389235911683E0,2.228494757854E-1));
#3496=CARTESIAN_POINT('',(-1.603132988010E-1,7.388995390839E0,
2.404307317293E-1));
#3497=CARTESIAN_POINT('',(-1.695592398046E-1,7.392022022009E0,
2.579529243639E-1));
#3498=CARTESIAN_POINT('',(-1.782646955528E-1,7.398249971288E0,
2.749355319182E-1));
#3499=CARTESIAN_POINT('',(-1.862042076838E-1,7.407526742822E0,
2.909197814882E-1));
#3500=CARTESIAN_POINT('',(-1.931839232709E-1,7.419642435069E0,
3.054921608872E-1));
#3501=CARTESIAN_POINT('',(-1.990201282307E-1,7.434321049426E0,
3.182462879589E-1));
#3502=CARTESIAN_POINT('',(-2.035498342470E-1,7.451214666326E0,
3.288050599029E-1));
#3503=CARTESIAN_POINT('',(-2.066282423233E-1,7.469858702193E0,
3.368142684388E-1));
#3504=CARTESIAN_POINT('',(-2.081518879840E-1,7.489666878742E0,
3.419894254858E-1));
#3505=CARTESIAN_POINT('',(-2.081024564706E-1,7.504566729450E0,
3.435923250264E-1));
#3506=CARTESIAN_POINT('',(-2.077048295985E-1,7.512626538189E0,
3.437481607590E-1));
#3507=CARTESIAN_POINT('',(-2.076324163881E-1,7.513905809947E0,
3.437548491100E-1));
#3508=CARTESIAN_POINT('',(-1.203532682107E-1,7.515290530573E0,
1.099309106956E-1));
#3509=CARTESIAN_POINT('',(-1.203938391148E-1,7.513981685694E0,
1.098596154611E-1));
#3510=CARTESIAN_POINT('',(-1.207078004850E-1,7.505882181495E0,
1.095300256128E-1));
#3511=CARTESIAN_POINT('',(-1.220012538721E-1,7.490936358270E0,
1.101877500344E-1));
#3512=CARTESIAN_POINT('',(-1.253731466383E-1,7.470973969211E0,
1.139912046708E-1));
#3513=CARTESIAN_POINT('',(-1.302658186531E-1,7.452035591768E0,
1.206306151591E-1));
#3514=CARTESIAN_POINT('',(-1.365295616716E-1,7.434694343024E0,
1.299257750564E-1));
#3515=CARTESIAN_POINT('',(-1.439657481367E-1,7.419436098922E0,
1.416008277224E-1));
#3516=CARTESIAN_POINT('',(-1.523833095403E-1,7.406620488909E0,
1.553780445624E-1));
#3517=CARTESIAN_POINT('',(-1.615733880293E-1,7.396579002376E0,
1.709409835746E-1));
#3518=CARTESIAN_POINT('',(-1.712884666937E-1,7.389613527112E0,
1.878936053199E-1));
#3519=CARTESIAN_POINT('',(-1.812532664186E-1,7.385948466815E0,
2.057715455691E-1));
#3520=CARTESIAN_POINT('',(-1.911881908129E-1,7.385707778203E0,
2.240805335010E-1));
#3521=CARTESIAN_POINT('',(-2.008155993623E-1,7.388915623979E0,
2.423074793865E-1));
#3522=CARTESIAN_POINT('',(-2.098649660773E-1,7.395489563243E0,
2.599295064772E-1));
#3523=CARTESIAN_POINT('',(-2.180930061569E-1,7.405247244288E0,
2.764535828296E-1));
#3524=CARTESIAN_POINT('',(-2.252944387864E-1,7.417941202369E0,
2.914434416940E-1));
#3525=CARTESIAN_POINT('',(-2.312801129459E-1,7.433254111235E0,
3.044810029914E-1));
#3526=CARTESIAN_POINT('',(-2.358878049362E-1,7.450797490730E0,
3.151892146059E-1));
#3527=CARTESIAN_POINT('',(-2.389787629183E-1,7.470069847675E0,
3.232241360426E-1));
#3528=CARTESIAN_POINT('',(-2.404598109651E-1,7.490455537490E0,
3.283201682150E-1));
#3529=CARTESIAN_POINT('',(-2.403482693582E-1,7.505728419571E0,
3.298057934861E-1));
#3530=CARTESIAN_POINT('',(-2.399097202082E-1,7.513972986790E0,
3.298845176807E-1));
#3531=CARTESIAN_POINT('',(-2.398305350912E-1,7.515281170497E0,
3.298786869496E-1));
#3532=(BOUNDED_SURFACE()B_SPLINE_SURFACE(3,3,((#3436,#3437,#3438,#3439,#3440,
#3441,#3442,#3443,#3444,#3445,#3446,#3447,#3448,#3449,#3450,#3451,#3452,#3453,
#3454,#3455,#3456,#3457,#3458,#3459),(#3460,#3461,#3462,#3463,#3464,#3465,#3466,
#3467,#3468,#3469,#3470,#3471,#3472,#3473,#3474,#3475,#3476,#3477,#3478,#3479,
#3480,#3481,#3482,#3483),(#3484,#3485,#3486,#3487,#3488,#3489,#3490,#3491,#3492,
#3493,#3494,#3495,#3496,#3497,#3498,#3499,#3500,#3501,#3502,#3503,#3504,#3505,
#3506,#3507),(#3508,#3509,#3510,#3511,#3512,#3513,#3514,#3515,#3516,#3517,#3518,
#3519,#3520,#3521,#3522,#3523,#3524,#3525,#3526,#3527,#3528,#3529,#3530,#3531)),
.UNSPECIFIED.,.F.,.F.,.F.)B_SPLINE_SURFACE_WITH_KNOTS((4,4),(4,1,1,1,1,1,1,1,1,
1,1,1,1,1,1,1,1,1,1,1,1,4),(0.E0,1.E0),(-1.001581163622E-2,0.E0,
5.191099829588E-2,1.040347117614E-1,1.564973063666E-1,2.087256701588E-1,
2.607290829745E-1,3.127709182118E-1,3.650293223044E-1,4.174547249168E-1,
4.699717467670E-1,5.225867277638E-1,5.753053148689E-1,6.280559411008E-1,
6.807807376561E-1,7.336008239286E-1,7.867189615534E-1,8.399686432592E-1,
8.934667430493E-1,9.469772093723E-1,1.E0,1.010010173562E0),.UNSPECIFIED.)GEOMETRIC_REPRESENTATION_ITEM()RATIONAL_B_SPLINE_SURFACE(((1.235268465472E0,
1.235268465472E0,1.235268465472E0,1.235268465472E0,1.235268465472E0,
1.235268465472E0,1.235268465472E0,1.235268465472E0,1.235268465472E0,
1.235268465472E0,1.235268465472E0,1.235268465472E0,1.235268465472E0,
1.235268465472E0,1.235268465472E0,1.235268465472E0,1.235268465472E0,
1.235268465472E0,1.235268465472E0,1.235268465472E0,1.235268465472E0,
1.235268465472E0,1.235268465472E0,1.235268465472E0),(9.215771781761E-1,
9.215771781761E-1,9.215771781761E-1,9.215771781761E-1,9.215771781761E-1,
9.215771781761E-1,9.215771781761E-1,9.215771781761E-1,9.215771781761E-1,
9.215771781761E-1,9.215771781761E-1,9.215771781761E-1,9.215771781761E-1,
9.215771781761E-1,9.215771781761E-1,9.215771781761E-1,9.215771781761E-1,
9.215771781761E-1,9.215771781761E-1,9.215771781761E-1,9.215771781761E-1,
9.215771781761E-1,9.215771781761E-1,9.215771781761E-1),(9.215771781761E-1,
9.215771781761E-1,9.215771781761E-1,9.215771781761E-1,9.215771781761E-1,
9.215771781761E-1,9.215771781761E-1,9.215771781761E-1,9.215771781761E-1,
9.215771781761E-1,9.215771781761E-1,9.215771781761E-1,9.215771781761E-1,
9.215771781761E-1,9.215771781761E-1,9.215771781761E-1,9.215771781761E-1,
9.215771781761E-1,9.215771781761E-1,9.215771781761E-1,9.215771781761E-1,
9.215771781761E-1,9.215771781761E-1,9.215771781761E-1),(1.235268465472E0,
1.235268465472E0,1.235268465472E0,1.235268465472E0,1.235268465472E0,
1.235268465472E0,1.235268465472E0,1.235268465472E0,1.235268465472E0,
1.235268465472E0,1.235268465472E0,1.235268465472E0,1.235268465472E0,
1.235268465472E0,1.235268465472E0,1.235268465472E0,1.235268465472E0,
1.235268465472E0,1.235268465472E0,1.235268465472E0,1.235268465472E0,
1.235268465472E0,1.235268465472E0,1.235268465472E0)))REPRESENTATION_ITEM('')SURFACE());
#3533=ORIENTED_EDGE('',*,*,#1157,.F.);
#3534=ORIENTED_EDGE('',*,*,#3431,.T.);
#3536=ORIENTED_EDGE('',*,*,#3535,.T.);
#3537=ORIENTED_EDGE('',*,*,#3427,.F.);
#3538=EDGE_LOOP('',(#3533,#3534,#3536,#3537));
#3539=FACE_OUTER_BOUND('',#3538,.F.);
#3540=ADVANCED_FACE('',(#3539),#3532,.F.);
#3541=CARTESIAN_POINT('',(-1.236396519304E-1,7.511181758333E0,
2.507003154106E-1));
#3542=DIRECTION('',(8.778723521735E-1,0.E0,4.788946995838E-1));
#3543=DIRECTION('',(4.788946995838E-1,0.E0,-8.778723521735E-1));
#3544=AXIS2_PLACEMENT_3D('',#3541,#3542,#3543);
#3545=CYLINDRICAL_SURFACE('',#3544,1.25E-1);
#3547=ORIENTED_EDGE('',*,*,#3546,.T.);
#3549=ORIENTED_EDGE('',*,*,#3548,.F.);
#3550=ORIENTED_EDGE('',*,*,#3535,.F.);
#3552=ORIENTED_EDGE('',*,*,#3551,.T.);
#3553=EDGE_LOOP('',(#3547,#3549,#3550,#3552));
#3554=FACE_OUTER_BOUND('',#3553,.F.);
#3555=ADVANCED_FACE('',(#3554),#3545,.T.);
#3556=CARTESIAN_POINT('',(-2.992141223651E-1,7.511181758333E0,
1.549213754939E-1));
#3557=DIRECTION('',(8.778723521735E-1,0.E0,4.788946995838E-1));
#3558=DIRECTION('',(4.777829690106E-1,6.809928663305E-2,-8.758344145348E-1));
#3559=AXIS2_PLACEMENT_3D('',#3556,#3557,#3558);
#3560=TOROIDAL_SURFACE('',#3559,7.5E-2,5.E-2);
#3562=ORIENTED_EDGE('',*,*,#3561,.T.);
#3564=ORIENTED_EDGE('',*,*,#3563,.T.);
#3565=ORIENTED_EDGE('',*,*,#3546,.F.);
#3567=ORIENTED_EDGE('',*,*,#3566,.F.);
#3568=EDGE_LOOP('',(#3562,#3564,#3565,#3567));
#3569=FACE_OUTER_BOUND('',#3568,.F.);
#3570=ADVANCED_FACE('',(#3569),#3560,.T.);
#3571=CARTESIAN_POINT('',(-2.093556831357E-1,0.E0,-1.142071814122E-1));
#3572=DIRECTION('',(8.778723521735E-1,0.E0,4.788946995838E-1));
#3573=DIRECTION('',(4.788946995838E-1,0.E0,-8.778723521735E-1));
#3574=AXIS2_PLACEMENT_3D('',#3571,#3572,#3573);
#3575=PLANE('',#3574);
#3577=ORIENTED_EDGE('',*,*,#3576,.F.);
#3579=ORIENTED_EDGE('',*,*,#3578,.F.);
#3580=EDGE_LOOP('',(#3577,#3579));
#3581=FACE_OUTER_BOUND('',#3580,.F.);
#3582=ADVANCED_FACE('',(#3581),#3575,.F.);
#3583=CARTESIAN_POINT('',(-2.093556831357E-1,0.E0,-1.142071814122E-1));
#3584=DIRECTION('',(8.778723521735E-1,0.E0,4.788946995838E-1));
#3585=DIRECTION('',(4.788946995838E-1,0.E0,-8.778723521735E-1));
#3586=AXIS2_PLACEMENT_3D('',#3583,#3584,#3585);
#3587=PLANE('',#3586);
#3589=ORIENTED_EDGE('',*,*,#3588,.F.);
#3590=ORIENTED_EDGE('',*,*,#3561,.F.);
#3591=EDGE_LOOP('',(#3589,#3590));
#3592=FACE_OUTER_BOUND('',#3591,.F.);
#3593=ADVANCED_FACE('',(#3592),#3587,.F.);
#3594=CARTESIAN_POINT('',(-2.992141223651E-1,5.111817583330E-1,
1.549213754939E-1));
#3595=DIRECTION('',(8.778723521735E-1,0.E0,4.788946995838E-1));
#3596=DIRECTION('',(-4.777829690106E-1,-6.809928663304E-2,8.758344145348E-1));
#3597=AXIS2_PLACEMENT_3D('',#3594,#3595,#3596);
#3598=TOROIDAL_SURFACE('',#3597,7.5E-2,5.E-2);
#3599=ORIENTED_EDGE('',*,*,#3576,.T.);
#3601=ORIENTED_EDGE('',*,*,#3600,.T.);
#3603=ORIENTED_EDGE('',*,*,#3602,.F.);
#3605=ORIENTED_EDGE('',*,*,#3604,.F.);
#3606=EDGE_LOOP('',(#3599,#3601,#3603,#3605));
#3607=FACE_OUTER_BOUND('',#3606,.F.);
#3608=ADVANCED_FACE('',(#3607),#3598,.T.);
#3609=CARTESIAN_POINT('',(-2.992141223651E-1,5.111817583330E-1,
1.549213754939E-1));
#3610=DIRECTION('',(8.778723521735E-1,0.E0,4.788946995838E-1));
#3611=DIRECTION('',(4.777829690106E-1,6.809928663304E-2,-8.758344145348E-1));
#3612=AXIS2_PLACEMENT_3D('',#3609,#3610,#3611);
#3613=TOROIDAL_SURFACE('',#3612,7.5E-2,5.E-2);
#3614=ORIENTED_EDGE('',*,*,#3578,.T.);
#3615=ORIENTED_EDGE('',*,*,#3604,.T.);
#3617=ORIENTED_EDGE('',*,*,#3616,.F.);
#3618=ORIENTED_EDGE('',*,*,#3600,.F.);
#3619=EDGE_LOOP('',(#3614,#3615,#3617,#3618));
#3620=FACE_OUTER_BOUND('',#3619,.F.);
#3621=ADVANCED_FACE('',(#3620),#3613,.T.);
#3622=CARTESIAN_POINT('',(-1.236396519304E-1,5.111817583330E-1,
2.507003154106E-1));
#3623=DIRECTION('',(8.778723521735E-1,0.E0,4.788946995838E-1));
#3624=DIRECTION('',(4.788946995838E-1,0.E0,-8.778723521735E-1));
#3625=AXIS2_PLACEMENT_3D('',#3622,#3623,#3624);
#3626=CYLINDRICAL_SURFACE('',#3625,1.25E-1);
#3627=ORIENTED_EDGE('',*,*,#3616,.T.);
#3629=ORIENTED_EDGE('',*,*,#3628,.F.);
#3631=ORIENTED_EDGE('',*,*,#3630,.F.);
#3633=ORIENTED_EDGE('',*,*,#3632,.T.);
#3634=EDGE_LOOP('',(#3627,#3629,#3631,#3633));
#3635=FACE_OUTER_BOUND('',#3634,.F.);
#3636=ADVANCED_FACE('',(#3635),#3626,.T.);
#3637=CARTESIAN_POINT('',(-1.236396519304E-1,5.111817583330E-1,
2.507003154106E-1));
#3638=DIRECTION('',(8.778723521735E-1,0.E0,4.788946995838E-1));
#3639=DIRECTION('',(4.788946995838E-1,0.E0,-8.778723521735E-1));
#3640=AXIS2_PLACEMENT_3D('',#3637,#3638,#3639);
#3641=CYLINDRICAL_SURFACE('',#3640,1.25E-1);
#3642=ORIENTED_EDGE('',*,*,#3602,.T.);
#3643=ORIENTED_EDGE('',*,*,#3632,.F.);
#3645=ORIENTED_EDGE('',*,*,#3644,.F.);
#3646=ORIENTED_EDGE('',*,*,#3628,.T.);
#3647=EDGE_LOOP('',(#3642,#3643,#3645,#3646));
#3648=FACE_OUTER_BOUND('',#3647,.F.);
#3649=ADVANCED_FACE('',(#3648),#3641,.T.);
#3650=CARTESIAN_POINT('',(-2.195606315298E-1,5.072685125176E-1,
4.057430821343E-1));
#3651=CARTESIAN_POINT('',(-2.196391631714E-1,5.091803843031E-1,
4.057474604772E-1));
#3652=CARTESIAN_POINT('',(-2.200469401813E-1,5.212737117287E-1,
4.056048988533E-1));
#3653=CARTESIAN_POINT('',(-2.197561972905E-1,5.435081892717E-1,
4.033773459998E-1));
#3654=CARTESIAN_POINT('',(-2.169802353990E-1,5.729678906719E-1,
3.959148725277E-1));
#3655=CARTESIAN_POINT('',(-2.119328031520E-1,6.005984406608E-1,
3.843153069905E-1));
#3656=CARTESIAN_POINT('',(-2.047673602304E-1,6.256757605013E-1,
3.689417530901E-1));
#3657=CARTESIAN_POINT('',(-1.956859448410E-1,6.475588590190E-1,
3.502471018640E-1));
#3658=CARTESIAN_POINT('',(-1.849353510106E-1,6.656903020395E-1,
3.287638891144E-1));
#3659=CARTESIAN_POINT('',(-1.728045501604E-1,6.796124108473E-1,
3.050946399670E-1));
#3660=CARTESIAN_POINT('',(-1.596188459024E-1,6.889819406245E-1,
2.798962841276E-1));
#3661=CARTESIAN_POINT('',(-1.457305931564E-1,6.935818946926E-1,
2.538587723778E-1));
#3662=CARTESIAN_POINT('',(-1.315079140143E-1,6.933255239582E-1,
2.276814118836E-1));
#3663=CARTESIAN_POINT('',(-1.173241529391E-1,6.882532481944E-1,
2.020522074889E-1));
#3664=CARTESIAN_POINT('',(-1.035479962409E-1,6.785245324728E-1,
1.776300136339E-1));
#3665=CARTESIAN_POINT('',(-9.053556998721E-2,6.644071449830E-1,
1.550316612832E-1));
#3666=CARTESIAN_POINT('',(-7.862259351011E-2,6.462643042183E-1,
1.348203333867E-1));
#3667=CARTESIAN_POINT('',(-6.812328333483E-2,6.245492446989E-1,
1.175064097200E-1));
#3668=CARTESIAN_POINT('',(-5.929430223785E-2,5.997190513858E-1,
1.034918430266E-1));
#3669=CARTESIAN_POINT('',(-5.239931089272E-2,5.723265585571E-1,
9.318307312952E-2));
#3670=CARTESIAN_POINT('',(-4.770098959404E-2,5.431608134115E-1,
8.696792003957E-2));
#3671=CARTESIAN_POINT('',(-4.599047084476E-2,5.211705017230E-1,
8.556832485516E-2));
#3672=CARTESIAN_POINT('',(-4.563638997318E-2,5.092626946778E-1,
8.583399283822E-2));
#3673=CARTESIAN_POINT('',(-4.559452587981E-2,5.073531555300E-1,
8.590295209420E-2));
#3674=CARTESIAN_POINT('',(-1.985806837045E-1,5.085399519541E-1,
3.776478739806E-1));
#3675=CARTESIAN_POINT('',(-1.986528344242E-1,5.100893165018E-1,
3.776405416127E-1));
#3676=CARTESIAN_POINT('',(-1.990376794818E-1,5.198885900514E-1,
3.774556462636E-1));
#3677=CARTESIAN_POINT('',(-1.989057268353E-1,5.378925375996E-1,
3.755186895756E-1));
#3678=CARTESIAN_POINT('',(-1.968052322318E-1,5.617142242617E-1,
3.692942870459E-1));
#3679=CARTESIAN_POINT('',(-1.928703679246E-1,5.840232079720E-1,
3.597345742239E-1));
#3680=CARTESIAN_POINT('',(-1.872241399830E-1,6.042387077077E-1,
3.471468360118E-1));
#3681=CARTESIAN_POINT('',(-1.800277108800E-1,6.218513016574E-1,
3.319089250556E-1));
#3682=CARTESIAN_POINT('',(-1.714768218354E-1,6.364222316406E-1,
3.144596050603E-1));
#3683=CARTESIAN_POINT('',(-1.617995794816E-1,6.475948775700E-1,
2.952895829407E-1));
#3684=CARTESIAN_POINT('',(-1.512519349933E-1,6.551045878921E-1,
2.749283966023E-1));
#3685=CARTESIAN_POINT('',(-1.401107732635E-1,6.587861510302E-1,
2.539274261899E-1));
#3686=CARTESIAN_POINT('',(-1.286656816344E-1,6.585753339514E-1,
2.328418720512E-1));
#3687=CARTESIAN_POINT('',(-1.172114705891E-1,6.545054315411E-1,
2.122157453879E-1));
#3688=CARTESIAN_POINT('',(-1.060412112620E-1,6.467006426276E-1,
1.925693756808E-1));
#3689=CARTESIAN_POINT('',(-9.544067479298E-2,6.353682066410E-1,
1.743908116212E-1));
#3690=CARTESIAN_POINT('',(-8.568247978542E-2,6.207895257043E-1,
1.581278137784E-1));
#3691=CARTESIAN_POINT('',(-7.702533761779E-2,6.033176341969E-1,
1.441892783485E-1));
#3692=CARTESIAN_POINT('',(-6.968398561325E-2,5.833097299008E-1,
1.329005292517E-1));
#3693=CARTESIAN_POINT('',(-6.388146117477E-2,5.612025411073E-1,
1.245937071646E-1));
#3694=CARTESIAN_POINT('',(-5.984316555032E-2,5.376273424042E-1,
1.195883544100E-1));
#3695=CARTESIAN_POINT('',(-5.828617750474E-2,5.198260517065E-1,
1.184705562366E-1));
#3696=CARTESIAN_POINT('',(-5.790903477206E-2,5.101791377791E-1,
1.186942016127E-1));
#3697=CARTESIAN_POINT('',(-5.786074713021E-2,5.086319700174E-1,
1.187513953200E-1));
#3698=CARTESIAN_POINT('',(-2.076403135143E-1,5.084557897742E-1,
3.437505591774E-1));
#3699=CARTESIAN_POINT('',(-2.077127873653E-1,5.097357508282E-1,
3.437438859293E-1));
#3700=CARTESIAN_POINT('',(-2.081123257720E-1,5.178322104156E-1,
3.435873709955E-1));
#3701=CARTESIAN_POINT('',(-2.081586945873E-1,5.327207047141E-1,
3.419796662629E-1));
#3702=CARTESIAN_POINT('',(-2.066379059538E-1,5.524538669499E-1,
3.368186319329E-1));
#3703=CARTESIAN_POINT('',(-2.035917840290E-1,5.709685361859E-1,
3.288862399740E-1));
#3704=CARTESIAN_POINT('',(-1.991106764672E-1,5.877787518502E-1,
3.184298773306E-1));
#3705=CARTESIAN_POINT('',(-1.933174049953E-1,6.024533719385E-1,
3.057576406265E-1));
#3706=CARTESIAN_POINT('',(-1.863653447149E-1,6.146166029735E-1,
2.912315381271E-1));
#3707=CARTESIAN_POINT('',(-1.784375146589E-1,6.239591758201E-1,
2.752608227296E-1));
#3708=CARTESIAN_POINT('',(-1.697434449853E-1,6.302485865020E-1,
2.582912056207E-1));
#3709=CARTESIAN_POINT('',(-1.605135958302E-1,6.333374270860E-1,
2.407900606074E-1));
#3710=CARTESIAN_POINT('',(-1.509921529597E-1,6.331664045002E-1,
2.232300585402E-1));
#3711=CARTESIAN_POINT('',(-1.414300066327E-1,6.297624709491E-1,
2.060748519579E-1));
#3712=CARTESIAN_POINT('',(-1.320778963474E-1,6.232333935016E-1,
1.897667479328E-1));
#3713=CARTESIAN_POINT('',(-1.231806737046E-1,6.137603936280E-1,
1.747178739168E-1));
#3714=CARTESIAN_POINT('',(-1.149714618147E-1,6.015892342274E-1,
1.613023772425E-1));
#3715=CARTESIAN_POINT('',(-1.076703801421E-1,5.870262059592E-1,
1.498571232949E-1));
#3716=CARTESIAN_POINT('',(-1.014588760512E-1,5.703799682067E-1,
1.406453118222E-1));
#3717=CARTESIAN_POINT('',(-9.652375854826E-2,5.520228945851E-1,
1.339318524582E-1));
#3718=CARTESIAN_POINT('',(-9.305298540853E-2,5.324848730138E-1,
1.299673598559E-1));
#3719=CARTESIAN_POINT('',(-9.167365276504E-2,5.177588835006E-1,
1.291734882704E-1));
#3720=CARTESIAN_POINT('',(-9.131335038684E-2,5.097862222122E-1,
1.294267731012E-1));
#3721=CARTESIAN_POINT('',(-9.126564299702E-2,5.085077613903E-1,
1.294849837045E-1));
#3722=CARTESIAN_POINT('',(-2.398377490731E-1,5.070801420819E-1,
3.298746580269E-1));
#3723=CARTESIAN_POINT('',(-2.399170039420E-1,5.083890393062E-1,
3.298805116012E-1));
#3724=CARTESIAN_POINT('',(-2.403576673693E-1,5.166711559440E-1,
3.298014705655E-1));
#3725=CARTESIAN_POINT('',(-2.404660407023E-1,5.319326761950E-1,
3.283108441363E-1));
#3726=CARTESIAN_POINT('',(-2.389875673775E-1,5.522415080664E-1,
3.232283842443E-1));
#3727=CARTESIAN_POINT('',(-2.359293040182E-1,5.713796845026E-1,
3.152710620563E-1));
#3728=CARTESIAN_POINT('',(-2.313716147676E-1,5.888353523733E-1,
3.046679186300E-1));
#3729=CARTESIAN_POINT('',(-2.254307241916E-1,6.041427251078E-1,
2.917157181971E-1));
#3730=CARTESIAN_POINT('',(-2.182586031535E-1,6.168852951164E-1,
2.767752037711E-1));
#3731=CARTESIAN_POINT('',(-2.100433087357E-1,6.267113638218E-1,
2.602665914074E-1));
#3732=CARTESIAN_POINT('',(-2.010062457778E-1,6.333496385962E-1,
2.426591911994E-1));
#3733=CARTESIAN_POINT('',(-1.913958620566E-1,6.366229705888E-1,
2.244549322964E-1));
#3734=CARTESIAN_POINT('',(-1.814786625872E-1,6.364556672480E-1,
2.061684056726E-1));
#3735=CARTESIAN_POINT('',(-1.715296902946E-1,6.328739522600E-1,
1.883077587072E-1));
#3736=CARTESIAN_POINT('',(-1.618228855023E-1,6.260005133974E-1,
1.713572173419E-1));
#3737=CARTESIAN_POINT('',(-1.526227888240E-1,6.160448858714E-1,
1.557636868461E-1));
#3738=CARTESIAN_POINT('',(-1.441767214160E-1,6.032905210375E-1,
1.419255902086E-1));
#3739=CARTESIAN_POINT('',(-1.367125240025E-1,5.880860323757E-1,
1.301920890037E-1));
#3740=CARTESIAN_POINT('',(-1.304123503107E-1,5.707798669839E-1,
1.208260906533E-1));
#3741=CARTESIAN_POINT('',(-1.254587751999E-1,5.517808215409E-1,
1.140835595435E-1));
#3742=CARTESIAN_POINT('',(-1.220306735871E-1,5.316510212367E-1,
1.101980428841E-1));
#3743=CARTESIAN_POINT('',(-1.207177802978E-1,5.165437991345E-1,
1.095234549722E-1));
#3744=CARTESIAN_POINT('',(-1.204013912364E-1,5.083832773833E-1,
1.098554615057E-1));
#3745=CARTESIAN_POINT('',(-1.203608258538E-1,5.070751537811E-1,
1.099266967618E-1));
#3746=(BOUNDED_SURFACE()B_SPLINE_SURFACE(3,3,((#3650,#3651,#3652,#3653,#3654,
#3655,#3656,#3657,#3658,#3659,#3660,#3661,#3662,#3663,#3664,#3665,#3666,#3667,
#3668,#3669,#3670,#3671,#3672,#3673),(#3674,#3675,#3676,#3677,#3678,#3679,#3680,
#3681,#3682,#3683,#3684,#3685,#3686,#3687,#3688,#3689,#3690,#3691,#3692,#3693,
#3694,#3695,#3696,#3697),(#3698,#3699,#3700,#3701,#3702,#3703,#3704,#3705,#3706,
#3707,#3708,#3709,#3710,#3711,#3712,#3713,#3714,#3715,#3716,#3717,#3718,#3719,
#3720,#3721),(#3722,#3723,#3724,#3725,#3726,#3727,#3728,#3729,#3730,#3731,#3732,
#3733,#3734,#3735,#3736,#3737,#3738,#3739,#3740,#3741,#3742,#3743,#3744,#3745)),
.UNSPECIFIED.,.F.,.F.,.F.)B_SPLINE_SURFACE_WITH_KNOTS((4,4),(4,1,1,1,1,1,1,1,1,
1,1,1,1,1,1,1,1,1,1,1,1,4),(0.E0,1.E0),(-1.001578035768E-2,0.E0,
5.330465216972E-2,1.064363227782E-1,1.594515717092E-1,2.123858480009E-1,
2.652690194914E-1,3.181186328657E-1,3.709290470459E-1,4.236755608935E-1,
4.763342715381E-1,5.288832757689E-1,5.813094520255E-1,6.336140607275E-1,
6.858122295586E-1,7.379298945394E-1,7.900240078837E-1,8.421085998801E-1,
8.947307755135E-1,9.476177115230E-1,1.E0,1.010010112681E0),.UNSPECIFIED.)GEOMETRIC_REPRESENTATION_ITEM()RATIONAL_B_SPLINE_SURFACE(((1.235260296687E0,
1.235260296687E0,1.235260296687E0,1.235260296687E0,1.235260296687E0,
1.235260296687E0,1.235260296687E0,1.235260296687E0,1.235260296687E0,
1.235260296687E0,1.235260296687E0,1.235260296687E0,1.235260296687E0,
1.235260296687E0,1.235260296687E0,1.235260296687E0,1.235260296687E0,
1.235260296687E0,1.235260296687E0,1.235260296687E0,1.235260296687E0,
1.235260296687E0,1.235260296687E0,1.235260296687E0),(9.215799011045E-1,
9.215799011045E-1,9.215799011045E-1,9.215799011045E-1,9.215799011045E-1,
9.215799011045E-1,9.215799011045E-1,9.215799011045E-1,9.215799011045E-1,
9.215799011045E-1,9.215799011045E-1,9.215799011045E-1,9.215799011045E-1,
9.215799011045E-1,9.215799011045E-1,9.215799011045E-1,9.215799011045E-1,
9.215799011045E-1,9.215799011045E-1,9.215799011045E-1,9.215799011045E-1,
9.215799011045E-1,9.215799011045E-1,9.215799011045E-1),(9.215799011045E-1,
9.215799011045E-1,9.215799011045E-1,9.215799011045E-1,9.215799011045E-1,
9.215799011045E-1,9.215799011045E-1,9.215799011045E-1,9.215799011045E-1,
9.215799011045E-1,9.215799011045E-1,9.215799011045E-1,9.215799011045E-1,
9.215799011045E-1,9.215799011045E-1,9.215799011045E-1,9.215799011045E-1,
9.215799011045E-1,9.215799011045E-1,9.215799011045E-1,9.215799011045E-1,
9.215799011045E-1,9.215799011045E-1,9.215799011045E-1),(1.235260296687E0,
1.235260296687E0,1.235260296687E0,1.235260296687E0,1.235260296687E0,
1.235260296687E0,1.235260296687E0,1.235260296687E0,1.235260296687E0,
1.235260296687E0,1.235260296687E0,1.235260296687E0,1.235260296687E0,
1.235260296687E0,1.235260296687E0,1.235260296687E0,1.235260296687E0,
1.235260296687E0,1.235260296687E0,1.235260296687E0,1.235260296687E0,
1.235260296687E0,1.235260296687E0,1.235260296687E0)))REPRESENTATION_ITEM('')SURFACE());
#3747=ORIENTED_EDGE('',*,*,#1161,.F.);
#3749=ORIENTED_EDGE('',*,*,#3748,.T.);
#3750=ORIENTED_EDGE('',*,*,#3644,.T.);
#3752=ORIENTED_EDGE('',*,*,#3751,.F.);
#3753=EDGE_LOOP('',(#3747,#3749,#3750,#3752));
#3754=FACE_OUTER_BOUND('',#3753,.F.);
#3755=ADVANCED_FACE('',(#3754),#3746,.F.);
#3756=CARTESIAN_POINT('',(-4.689791607850E-2,5.187483047358E-1,
8.798833124231E-2));
#3757=CARTESIAN_POINT('',(-4.679724032281E-2,5.168654722636E-1,
8.795263604339E-2));
#3758=CARTESIAN_POINT('',(-4.626444995531E-2,5.051958994370E-1,
8.789249603611E-2));
#3759=CARTESIAN_POINT('',(-4.630659719956E-2,4.836232208445E-1,
8.961795815366E-2));
#3760=CARTESIAN_POINT('',(-4.873859253795E-2,4.547475775404E-1,
9.617719014386E-2));
#3761=CARTESIAN_POINT('',(-5.349989944685E-2,4.273264962135E-1,
1.068004047661E-1));
#3762=CARTESIAN_POINT('',(-6.044369193671E-2,4.022122341133E-1,
1.211777266103E-1));
#3763=CARTESIAN_POINT('',(-6.933937503785E-2,3.801138774968E-1,
1.388659167843E-1));
#3764=CARTESIAN_POINT('',(-7.995134331146E-2,3.615476193031E-1,
1.594304782133E-1));
#3765=CARTESIAN_POINT('',(-9.201979190142E-2,3.469803765009E-1,
1.823972005978E-1));
#3766=CARTESIAN_POINT('',(-1.052300552486E-1,3.368411954551E-1,
2.071920617789E-1));
#3767=CARTESIAN_POINT('',(-1.192173913200E-1,3.314614606818E-1,
2.331498047990E-1));
#3768=CARTESIAN_POINT('',(-1.335916268958E-1,3.310397761627E-1,
2.595576876595E-1));
#3769=CARTESIAN_POINT('',(-1.479437832426E-1,3.356325174159E-1,
2.856659054457E-1));
#3770=CARTESIAN_POINT('',(-1.618554602181E-1,3.451332990048E-1,
3.107051794705E-1));
#3771=CARTESIAN_POINT('',(-1.749352215992E-1,3.592788126312E-1,
3.339543142867E-1));
#3772=CARTESIAN_POINT('',(-1.868431507976E-1,3.777045077729E-1,
3.547848463489E-1));
#3773=CARTESIAN_POINT('',(-1.972588501075E-1,3.999445192085E-1,
3.726054093874E-1));
#3774=CARTESIAN_POINT('',(-2.058908143095E-1,4.254187362644E-1,
3.868834893114E-1));
#3775=CARTESIAN_POINT('',(-2.124724709932E-1,4.533698096594E-1,
3.971468134911E-1));
#3776=CARTESIAN_POINT('',(-2.168003483566E-1,4.828712578470E-1,
4.030581931221E-1));
#3777=CARTESIAN_POINT('',(-2.182488298529E-1,5.049129568524E-1,
4.041088444637E-1));
#3778=CARTESIAN_POINT('',(-2.184778103589E-1,5.167885076821E-1,
4.036328684828E-1));
#3779=CARTESIAN_POINT('',(-2.185002898420E-1,5.186718573628E-1,
4.035308919351E-1));
#3780=CARTESIAN_POINT('',(-6.022285701934E-2,5.178144417028E-1,
1.191159638491E-1));
#3781=CARTESIAN_POINT('',(-6.012685806438E-2,5.162838462479E-1,
1.190888902538E-1));
#3782=CARTESIAN_POINT('',(-5.960657965519E-2,5.067963392629E-1,
1.190518631042E-1));
#3783=CARTESIAN_POINT('',(-5.948428964646E-2,4.892456722947E-1,
1.204762848829E-1));
#3784=CARTESIAN_POINT('',(-6.126500182474E-2,4.657310811987E-1,
1.258423810581E-1));
#3785=CARTESIAN_POINT('',(-6.496386108948E-2,4.433839863337E-1,
1.345188056386E-1));
#3786=CARTESIAN_POINT('',(-7.046586223242E-2,4.229053701072E-1,
1.462539297391E-1));
#3787=CARTESIAN_POINT('',(-7.758483174598E-2,4.048791785374E-1,
1.606858743929E-1));
#3788=CARTESIAN_POINT('',(-8.612816677811E-2,3.897307326071E-1,
1.774589379946E-1));
#3789=CARTESIAN_POINT('',(-9.588280421154E-2,3.778436394295E-1,
1.961845813900E-1));
#3790=CARTESIAN_POINT('',(-1.065908752048E-1,3.695692922955E-1,
2.163928994340E-1));
#3791=CARTESIAN_POINT('',(-1.179538035412E-1,3.651784796842E-1,
2.375399331381E-1));
#3792=CARTESIAN_POINT('',(-1.296525535095E-1,3.648331935767E-1,
2.590433517149E-1));
#3793=CARTESIAN_POINT('',(-1.413530931498E-1,3.685792684218E-1,
2.802907392385E-1));
#3794=CARTESIAN_POINT('',(-1.527138686904E-1,3.763297078049E-1,
3.006536825252E-1));
#3795=CARTESIAN_POINT('',(-1.634152594034E-1,3.878692270161E-1,
3.195426264395E-1));
#3796=CARTESIAN_POINT('',(-1.731795896411E-1,4.028992650121E-1,
3.364431980403E-1));
#3797=CARTESIAN_POINT('',(-1.817449757740E-1,4.210374852727E-1,
3.508712997741E-1));
#3798=CARTESIAN_POINT('',(-1.888729135511E-1,4.418069622153E-1,
3.623915979419E-1));
#3799=CARTESIAN_POINT('',(-1.943448595447E-1,4.645849761658E-1,
3.706199175830E-1));
#3800=CARTESIAN_POINT('',(-1.979933806210E-1,4.886104177595E-1,
3.752852027450E-1));
#3801=CARTESIAN_POINT('',(-1.992713811153E-1,5.065453423128E-1,
3.760229057240E-1));
#3802=CARTESIAN_POINT('',(-1.995133937007E-1,5.162023096529E-1,
3.755706068397E-1));
#3803=CARTESIAN_POINT('',(-1.995406117381E-1,5.177336589324E-1,
3.754772622085E-1));
#3804=CARTESIAN_POINT('',(-9.267768190545E-2,5.161360594134E-1,
1.286668617963E-1));
#3805=CARTESIAN_POINT('',(-9.259029129741E-2,5.148578975918E-1,
1.286552072135E-1));
#3806=CARTESIAN_POINT('',(-9.211101857478E-2,5.069364020259E-1,
1.286920300229E-1));
#3807=CARTESIAN_POINT('',(-9.192829102593E-2,4.922969869975E-1,
1.300027321578E-1));
#3808=CARTESIAN_POINT('',(-9.330923272279E-2,4.727102367419E-1,
1.346304436914E-1));
#3809=CARTESIAN_POINT('',(-9.629620692066E-2,4.541165729125E-1,
1.419958895270E-1));
#3810=CARTESIAN_POINT('',(-1.007943875034E-1,4.370914617597E-1,
1.518850638351E-1));
#3811=CARTESIAN_POINT('',(-1.066499538099E-1,4.221134236133E-1,
1.639959162535E-1));
#3812=CARTESIAN_POINT('',(-1.137037147822E-1,4.095307209052E-1,
1.780342428305E-1));
#3813=CARTESIAN_POINT('',(-1.217796385377E-1,3.996587917740E-1,
1.936794777926E-1));
#3814=CARTESIAN_POINT('',(-1.306644408690E-1,3.927879061922E-1,
2.105434323355E-1));
#3815=CARTESIAN_POINT('',(-1.401107662538E-1,3.891424954435E-1,
2.281759818964E-1));
#3816=CARTESIAN_POINT('',(-1.498540557691E-1,3.888571766832E-1,
2.460946024774E-1));
#3817=CARTESIAN_POINT('',(-1.596172880261E-1,3.919702183562E-1,
2.637913674551E-1));
#3818=CARTESIAN_POINT('',(-1.691173425726E-1,3.984095949023E-1,
2.807450033388E-1));
#3819=CARTESIAN_POINT('',(-1.780896123103E-1,4.079970268899E-1,
2.964668482116E-1));
#3820=CARTESIAN_POINT('',(-1.863047260595E-1,4.204858752106E-1,
3.105311115847E-1));
#3821=CARTESIAN_POINT('',(-1.935463998698E-1,4.355612584506E-1,
3.225372463067E-1));
#3822=CARTESIAN_POINT('',(-1.996170796611E-1,4.528313890718E-1,
3.321248127505E-1));
#3823=CARTESIAN_POINT('',(-2.043339386808E-1,4.717848091590E-1,
3.389747013916E-1));
#3824=CARTESIAN_POINT('',(-2.075538956053E-1,4.917955851990E-1,
3.428599775606E-1));
#3825=CARTESIAN_POINT('',(-2.087624519678E-1,5.067522671643E-1,
3.434736296241E-1));
#3826=CARTESIAN_POINT('',(-2.090438050057E-1,5.148128280682E-1,
3.430950287193E-1));
#3827=CARTESIAN_POINT('',(-2.090791349048E-1,5.160912148566E-1,
3.430169597731E-1));
#3828=CARTESIAN_POINT('',(-1.207260297924E-1,5.149303270098E-1,
1.097146780087E-1));
#3829=CARTESIAN_POINT('',(-1.206449362719E-1,5.136217296183E-1,
1.097140579214E-1));
#3830=CARTESIAN_POINT('',(-1.202054254861E-1,5.055145136841E-1,
1.098219115232E-1));
#3831=CARTESIAN_POINT('',(-1.201100896412E-1,4.905643400662E-1,
1.112886846225E-1));
#3832=CARTESIAN_POINT('',(-1.216326885904E-1,4.706237343483E-1,
1.161682420041E-1));
#3833=CARTESIAN_POINT('',(-1.247746020238E-1,4.517409438392E-1,
1.238092471030E-1));
#3834=CARTESIAN_POINT('',(-1.294349072748E-1,4.344827021055E-1,
1.339874092950E-1));
#3835=CARTESIAN_POINT('',(-1.354566055074E-1,4.193182734442E-1,
1.463955875724E-1));
#3836=CARTESIAN_POINT('',(-1.426800963061E-1,4.065885582923E-1,
1.607391794924E-1));
#3837=CARTESIAN_POINT('',(-1.509298133286E-1,3.966054030916E-1,
1.766986003464E-1));
#3838=CARTESIAN_POINT('',(-1.599925119740E-1,3.896588111119E-1,
1.938857160005E-1));
#3839=CARTESIAN_POINT('',(-1.696199668521E-1,3.859747136950E-1,
2.118487236961E-1));
#3840=CARTESIAN_POINT('',(-1.795459283362E-1,3.856894426720E-1,
2.301019215441E-1));
#3841=CARTESIAN_POINT('',(-1.894911051262E-1,3.888421624439E-1,
2.481331965030E-1));
#3842=CARTESIAN_POINT('',(-1.991700209754E-1,3.953605432168E-1,
2.654169908570E-1));
#3843=CARTESIAN_POINT('',(-2.083163844583E-1,4.050654561611E-1,
2.814616206726E-1));
#3844=CARTESIAN_POINT('',(-2.167001618091E-1,4.177104625773E-1,
2.958401294347E-1));
#3845=CARTESIAN_POINT('',(-2.241046853011E-1,4.329831438658E-1,
3.081512110146E-1));
#3846=CARTESIAN_POINT('',(-2.303316030091E-1,4.504970610574E-1,
3.180327200744E-1));
#3847=CARTESIAN_POINT('',(-2.351955906818E-1,4.697479627017E-1,
3.251603945942E-1));
#3848=CARTESIAN_POINT('',(-2.385485719227E-1,4.901168647711E-1,
3.292974126987E-1));
#3849=CARTESIAN_POINT('',(-2.398390821689E-1,5.053836687271E-1,
3.300658734836E-1));
#3850=CARTESIAN_POINT('',(-2.401575541886E-1,5.136277201937E-1,
3.297575453894E-1));
#3851=CARTESIAN_POINT('',(-2.401984865040E-1,5.149356317499E-1,
3.296903179129E-1));
#3852=(BOUNDED_SURFACE()B_SPLINE_SURFACE(3,3,((#3756,#3757,#3758,#3759,#3760,
#3761,#3762,#3763,#3764,#3765,#3766,#3767,#3768,#3769,#3770,#3771,#3772,#3773,
#3774,#3775,#3776,#3777,#3778,#3779),(#3780,#3781,#3782,#3783,#3784,#3785,#3786,
#3787,#3788,#3789,#3790,#3791,#3792,#3793,#3794,#3795,#3796,#3797,#3798,#3799,
#3800,#3801,#3802,#3803),(#3804,#3805,#3806,#3807,#3808,#3809,#3810,#3811,#3812,
#3813,#3814,#3815,#3816,#3817,#3818,#3819,#3820,#3821,#3822,#3823,#3824,#3825,
#3826,#3827),(#3828,#3829,#3830,#3831,#3832,#3833,#3834,#3835,#3836,#3837,#3838,
#3839,#3840,#3841,#3842,#3843,#3844,#3845,#3846,#3847,#3848,#3849,#3850,#3851)),
.UNSPECIFIED.,.F.,.F.,.F.)B_SPLINE_SURFACE_WITH_KNOTS((4,4),(4,1,1,1,1,1,1,1,1,
1,1,1,1,1,1,1,1,1,1,1,1,4),(0.E0,1.E0),(-1.001358499875E-2,0.E0,
5.197575004302E-2,1.041406607875E-1,1.565792038728E-1,2.087346947709E-1,
2.606138036176E-1,3.124944411683E-1,3.645856461181E-1,4.168854520792E-1,
4.693520878545E-1,5.219948338933E-1,5.748010761642E-1,6.276634607866E-1,
6.804865827955E-1,7.333837272564E-1,7.865716261430E-1,8.399037579589E-1,
8.934522766437E-1,9.469740105340E-1,1.E0,1.010008253463E0),.UNSPECIFIED.)GEOMETRIC_REPRESENTATION_ITEM()RATIONAL_B_SPLINE_SURFACE(((1.221450039437E0,
1.221450039437E0,1.221450039437E0,1.221450039437E0,1.221450039437E0,
1.221450039437E0,1.221450039437E0,1.221450039437E0,1.221450039437E0,
1.221450039437E0,1.221450039437E0,1.221450039437E0,1.221450039437E0,
1.221450039437E0,1.221450039437E0,1.221450039437E0,1.221450039437E0,
1.221450039437E0,1.221450039437E0,1.221450039437E0,1.221450039437E0,
1.221450039437E0,1.221450039437E0,1.221450039437E0),(9.261833201876E-1,
9.261833201876E-1,9.261833201876E-1,9.261833201876E-1,9.261833201876E-1,
9.261833201876E-1,9.261833201876E-1,9.261833201876E-1,9.261833201876E-1,
9.261833201876E-1,9.261833201876E-1,9.261833201876E-1,9.261833201876E-1,
9.261833201876E-1,9.261833201876E-1,9.261833201876E-1,9.261833201876E-1,
9.261833201876E-1,9.261833201876E-1,9.261833201876E-1,9.261833201876E-1,
9.261833201876E-1,9.261833201876E-1,9.261833201876E-1),(9.261833201876E-1,
9.261833201876E-1,9.261833201876E-1,9.261833201876E-1,9.261833201876E-1,
9.261833201876E-1,9.261833201876E-1,9.261833201876E-1,9.261833201876E-1,
9.261833201876E-1,9.261833201876E-1,9.261833201876E-1,9.261833201876E-1,
9.261833201876E-1,9.261833201876E-1,9.261833201876E-1,9.261833201876E-1,
9.261833201876E-1,9.261833201876E-1,9.261833201876E-1,9.261833201876E-1,
9.261833201876E-1,9.261833201876E-1,9.261833201876E-1),(1.221450039437E0,
1.221450039437E0,1.221450039437E0,1.221450039437E0,1.221450039437E0,
1.221450039437E0,1.221450039437E0,1.221450039437E0,1.221450039437E0,
1.221450039437E0,1.221450039437E0,1.221450039437E0,1.221450039437E0,
1.221450039437E0,1.221450039437E0,1.221450039437E0,1.221450039437E0,
1.221450039437E0,1.221450039437E0,1.221450039437E0,1.221450039437E0,
1.221450039437E0,1.221450039437E0,1.221450039437E0)))REPRESENTATION_ITEM('')SURFACE());
#3853=ORIENTED_EDGE('',*,*,#1163,.F.);
#3854=ORIENTED_EDGE('',*,*,#3751,.T.);
#3855=ORIENTED_EDGE('',*,*,#3630,.T.);
#3856=ORIENTED_EDGE('',*,*,#3748,.F.);
#3857=EDGE_LOOP('',(#3853,#3854,#3855,#3856));
#3858=FACE_OUTER_BOUND('',#3857,.F.);
#3859=ADVANCED_FACE('',(#3858),#3852,.F.);
#3860=CARTESIAN_POINT('',(-2.992141223651E-1,7.511181758333E0,
1.549213754939E-1));
#3861=DIRECTION('',(8.778723521735E-1,0.E0,4.788946995838E-1));
#3862=DIRECTION('',(-4.777829690106E-1,-6.809928663304E-2,8.758344145348E-1));
#3863=AXIS2_PLACEMENT_3D('',#3860,#3861,#3862);
#3864=TOROIDAL_SURFACE('',#3863,7.5E-2,5.E-2);
#3865=ORIENTED_EDGE('',*,*,#3588,.T.);
#3866=ORIENTED_EDGE('',*,*,#3566,.T.);
#3868=ORIENTED_EDGE('',*,*,#3867,.F.);
#3869=ORIENTED_EDGE('',*,*,#3563,.F.);
#3870=EDGE_LOOP('',(#3865,#3866,#3868,#3869));
#3871=FACE_OUTER_BOUND('',#3870,.F.);
#3872=ADVANCED_FACE('',(#3871),#3864,.T.);
#3873=CARTESIAN_POINT('',(-1.236396519304E-1,7.511181758333E0,
2.507003154106E-1));
#3874=DIRECTION('',(8.778723521735E-1,0.E0,4.788946995838E-1));
#3875=DIRECTION('',(4.788946995838E-1,0.E0,-8.778723521735E-1));
#3876=AXIS2_PLACEMENT_3D('',#3873,#3874,#3875);
#3877=CYLINDRICAL_SURFACE('',#3876,1.25E-1);
#3878=ORIENTED_EDGE('',*,*,#3867,.T.);
#3879=ORIENTED_EDGE('',*,*,#3551,.F.);
#3880=ORIENTED_EDGE('',*,*,#3429,.F.);
#3881=ORIENTED_EDGE('',*,*,#3548,.T.);
#3882=EDGE_LOOP('',(#3878,#3879,#3880,#3881));
#3883=FACE_OUTER_BOUND('',#3882,.F.);
#3884=ADVANCED_FACE('',(#3883),#3877,.T.);
#3887=DIMENSIONAL_EXPONENTS(1.E0,0.E0,0.E0,0.E0,0.E0,0.E0,0.E0);
#3889=LENGTH_MEASURE_WITH_UNIT(LENGTH_MEASURE(2.54E1),#3888);
#3890=(CONVERSION_BASED_UNIT('INCH',#3889)LENGTH_UNIT()NAMED_UNIT(#3887));
#3891=DIMENSIONAL_EXPONENTS(0.E0,0.E0,0.E0,0.E0,0.E0,0.E0,0.E0);
#3893=PLANE_ANGLE_MEASURE_WITH_UNIT(PLANE_ANGLE_MEASURE(1.745329251994E-2),
#3892);
#3894=(CONVERSION_BASED_UNIT('DEGREE',#3893)NAMED_UNIT(*)PLANE_ANGLE_UNIT());
#3896=UNCERTAINTY_MEASURE_WITH_UNIT(LENGTH_MEASURE(3.9E-4),#3890,'closure',
'Maximum model space distance between geometric entities at asserted connectivities');
#3897=(GEOMETRIC_REPRESENTATION_CONTEXT(3)GLOBAL_UNCERTAINTY_ASSIGNED_CONTEXT((
#3896))GLOBAL_UNIT_ASSIGNED_CONTEXT((#3890,#3894,#3895))REPRESENTATION_CONTEXT(
'ID1','3'));
#3899=APPLICATION_CONTEXT(
'CONFIGURATION CONTROLLED 3D DESIGNS OF MECHANICAL PARTS AND ASSEMBLIES');
#3900=APPLICATION_PROTOCOL_DEFINITION('international standard',
'config_control_design',1994,#3899);
#3901=DESIGN_CONTEXT('',#3899,'design');
#3902=MECHANICAL_CONTEXT('',#3899,'mechanical');
#3903=PRODUCT('26_FWE3_TOP_HALF','26_FWE3_TOP_HALF','NOT SPECIFIED',(#3902));
#3904=PRODUCT_DEFINITION_FORMATION_WITH_SPECIFIED_SOURCE('1','LAST_VERSION',
#3903,.MADE.);
#3908=PRODUCT_CATEGORY('part','');
#3909=PRODUCT_RELATED_PRODUCT_CATEGORY('detail','',(#3903));
#3910=PRODUCT_CATEGORY_RELATIONSHIP('','',#3908,#3909);
#3911=SECURITY_CLASSIFICATION_LEVEL('unclassified');
#3912=SECURITY_CLASSIFICATION('','',#3911);
#3913=CC_DESIGN_SECURITY_CLASSIFICATION(#3912,(#3904));
#3914=APPROVAL_STATUS('approved');
#3915=APPROVAL(#3914,'');
#3916=CC_DESIGN_APPROVAL(#3915,(#3912,#3904,#3905));
#3917=CALENDAR_DATE(126,23,9);
#3918=COORDINATED_UNIVERSAL_TIME_OFFSET(4,0,.BEHIND.);
#3919=LOCAL_TIME(1,58,1.2E1,#3918);
#3920=DATE_AND_TIME(#3917,#3919);
#3921=APPROVAL_DATE_TIME(#3920,#3915);
#3922=DATE_TIME_ROLE('creation_date');
#3923=CC_DESIGN_DATE_AND_TIME_ASSIGNMENT(#3920,#3922,(#3905));
#3924=DATE_TIME_ROLE('classification_date');
#3925=CC_DESIGN_DATE_AND_TIME_ASSIGNMENT(#3920,#3924,(#3912));
#3926=PERSON('UNSPECIFIED','UNSPECIFIED',$,$,$,$);
#3927=ORGANIZATION('UNSPECIFIED','UNSPECIFIED','UNSPECIFIED');
#3928=PERSON_AND_ORGANIZATION(#3926,#3927);
#3929=APPROVAL_ROLE('approver');
#3930=APPROVAL_PERSON_ORGANIZATION(#3928,#3915,#3929);
#3931=PERSON_AND_ORGANIZATION_ROLE('creator');
#3932=CC_DESIGN_PERSON_AND_ORGANIZATION_ASSIGNMENT(#3928,#3931,(#3904,#3905));
#3933=PERSON_AND_ORGANIZATION_ROLE('design_supplier');
#3934=CC_DESIGN_PERSON_AND_ORGANIZATION_ASSIGNMENT(#3928,#3933,(#3904));
#3935=PERSON_AND_ORGANIZATION_ROLE('classification_officer');
#3936=CC_DESIGN_PERSON_AND_ORGANIZATION_ASSIGNMENT(#3928,#3935,(#3912));
#3937=PERSON_AND_ORGANIZATION_ROLE('design_owner');
#3938=CC_DESIGN_PERSON_AND_ORGANIZATION_ASSIGNMENT(#3928,#3937,(#3903));
#9=B_SPLINE_CURVE_WITH_KNOTS('',3,(#5,#6,#7,#8),.UNSPECIFIED.,.F.,.F.,(4,4),(
0.E0,1.E0),.UNSPECIFIED.);
#50=B_SPLINE_CURVE_WITH_KNOTS('',3,(#10,#11,#12,#13,#14,#15,#16,#17,#18,#19,#20,
#21,#22,#23,#24,#25,#26,#27,#28,#29,#30,#31,#32,#33,#34,#35,#36,#37,#38,#39,#40,
#41,#42,#43,#44,#45,#46,#47,#48,#49),.UNSPECIFIED.,.F.,.F.,(4,1,1,1,1,1,1,1,1,1,
1,1,1,1,1,1,1,1,1,1,1,1,1,1,1,1,1,1,1,1,1,1,1,1,1,1,1,4),(0.E0,7.8125E-3,
1.5625E-2,3.125E-2,4.6875E-2,6.25E-2,9.375E-2,1.25E-1,1.5625E-1,1.875E-1,2.5E-1,
3.125E-1,3.75E-1,4.375E-1,5.E-1,5.625E-1,6.25E-1,6.875E-1,7.5E-1,7.8125E-1,
8.125E-1,8.4375E-1,8.75E-1,8.90625E-1,9.0625E-1,9.21875E-1,9.375E-1,9.453125E-1,
9.53125E-1,9.609375E-1,9.6875E-1,9.765625E-1,9.8046875E-1,9.84375E-1,
9.8828125E-1,9.921875E-1,9.9609375E-1,1.E0),.UNSPECIFIED.);
#84=B_SPLINE_CURVE_WITH_KNOTS('',3,(#59,#60,#61,#62,#63,#64,#65,#66,#67,#68,#69,
#70,#71,#72,#73,#74,#75,#76,#77,#78,#79,#80,#81,#82,#83),.UNSPECIFIED.,.F.,.F.,(
4,1,1,1,1,1,1,1,1,1,1,1,1,1,1,1,1,1,1,1,1,1,4),(0.E0,6.248886511223E-2,
1.249777302482E-1,1.874665953842E-1,2.499554605202E-1,3.124443256562E-1,
3.749331907922E-1,4.049278460575E-1,4.374220559282E-1,4.674167111935E-1,
4.830139319314E-1,4.999109210642E-1,5.143134865375E-1,5.299162658003E-1,
5.624220559312E-1,5.924274006673E-1,6.249331907981E-1,6.874443256651E-1,
7.499554605321E-1,8.124665953991E-1,8.749777302660E-1,9.374888651330E-1,1.E0),
.UNSPECIFIED.);
#107=B_SPLINE_CURVE_WITH_KNOTS('',3,(#85,#86,#87,#88,#89,#90,#91,#92,#93,#94,
#95,#96,#97,#98,#99,#100,#101,#102,#103,#104,#105,#106),.UNSPECIFIED.,.F.,.F.,
(4,1,1,1,1,1,1,1,1,1,1,1,1,1,1,1,1,1,1,4),(0.E0,5.263157894737E-2,
1.052631578947E-1,1.578947368421E-1,2.105263157895E-1,2.631578947368E-1,
3.157894736842E-1,3.684210526316E-1,4.210526315789E-1,4.736842105263E-1,
5.263157894737E-1,5.789473684211E-1,6.315789473684E-1,6.842105263158E-1,
7.368421052632E-1,7.894736842105E-1,8.421052631579E-1,8.947368421053E-1,
9.473684210526E-1,1.E0),.UNSPECIFIED.);
#130=B_SPLINE_CURVE_WITH_KNOTS('',3,(#108,#109,#110,#111,#112,#113,#114,#115,
#116,#117,#118,#119,#120,#121,#122,#123,#124,#125,#126,#127,#128,#129),
.UNSPECIFIED.,.F.,.F.,(4,1,1,1,1,1,1,1,1,1,1,1,1,1,1,1,1,1,1,4),(0.E0,
5.263157894737E-2,1.052631578947E-1,1.578947368421E-1,2.105263157895E-1,
2.631578947368E-1,3.157894736842E-1,3.684210526316E-1,4.210526315789E-1,
4.736842105263E-1,5.263157894737E-1,5.789473684211E-1,6.315789473684E-1,
6.842105263158E-1,7.368421052632E-1,7.894736842105E-1,8.421052631579E-1,
8.947368421053E-1,9.473684210526E-1,1.E0),.UNSPECIFIED.);
#153=B_SPLINE_CURVE_WITH_KNOTS('',3,(#131,#132,#133,#134,#135,#136,#137,#138,
#139,#140,#141,#142,#143,#144,#145,#146,#147,#148,#149,#150,#151,#152),
.UNSPECIFIED.,.F.,.F.,(4,1,1,1,1,1,1,1,1,1,1,1,1,1,1,1,1,1,1,4),(0.E0,
5.263157894737E-2,1.052631578947E-1,1.578947368421E-1,2.105263157895E-1,
2.631578947368E-1,3.157894736842E-1,3.684210526316E-1,4.210526315789E-1,
4.736842105263E-1,5.263157894737E-1,5.789473684211E-1,6.315789473684E-1,
6.842105263158E-1,7.368421052632E-1,7.894736842105E-1,8.421052631579E-1,
8.947368421053E-1,9.473684210526E-1,1.E0),.UNSPECIFIED.);
#176=B_SPLINE_CURVE_WITH_KNOTS('',3,(#154,#155,#156,#157,#158,#159,#160,#161,
#162,#163,#164,#165,#166,#167,#168,#169,#170,#171,#172,#173,#174,#175),
.UNSPECIFIED.,.F.,.F.,(4,1,1,1,1,1,1,1,1,1,1,1,1,1,1,1,1,1,1,4),(0.E0,
5.263157894737E-2,1.052631578947E-1,1.578947368421E-1,2.105263157895E-1,
2.631578947368E-1,3.157894736842E-1,3.684210526316E-1,4.210526315789E-1,
4.736842105263E-1,5.263157894737E-1,5.789473684211E-1,6.315789473684E-1,
6.842105263158E-1,7.368421052632E-1,7.894736842105E-1,8.421052631579E-1,
8.947368421053E-1,9.473684210526E-1,1.E0),.UNSPECIFIED.);
#205=B_SPLINE_CURVE_WITH_KNOTS('',3,(#177,#178,#179,#180,#181,#182,#183,#184,
#185,#186,#187,#188,#189,#190,#191,#192,#193,#194,#195,#196,#197,#198,#199,#200,
#201,#202,#203,#204),.UNSPECIFIED.,.F.,.F.,(4,1,1,1,1,1,1,1,1,1,1,1,1,1,1,1,1,1,
1,1,1,1,1,1,1,4),(0.E0,6.248886511223E-2,1.249777302482E-1,1.874665953842E-1,
2.499554605202E-1,3.124443256562E-1,3.749331907922E-1,4.049278460575E-1,
4.374220559282E-1,4.518194904555E-1,4.674167111935E-1,4.830139319314E-1,
4.999109210642E-1,5.143134865375E-1,5.299162658003E-1,5.455190450631E-1,
5.624220559312E-1,5.924274006673E-1,6.249331907981E-1,6.874443256651E-1,
7.499554605321E-1,8.124665953991E-1,8.749777302660E-1,9.049830750022E-1,
9.374888651330E-1,1.E0),.UNSPECIFIED.);
#254=B_SPLINE_CURVE_WITH_KNOTS('',3,(#214,#215,#216,#217,#218,#219,#220,#221,
#222,#223,#224,#225,#226,#227,#228,#229,#230,#231,#232,#233,#234,#235,#236,#237,
#238,#239,#240,#241,#242,#243,#244,#245,#246,#247,#248,#249,#250,#251,#252,
#253),.UNSPECIFIED.,.F.,.F.,(4,1,1,1,1,1,1,1,1,1,1,1,1,1,1,1,1,1,1,1,1,1,1,1,1,
1,1,1,1,1,1,1,1,1,1,1,1,4),(0.E0,3.90625E-3,7.8125E-3,1.171875E-2,1.5625E-2,
1.953125E-2,2.34375E-2,3.125E-2,3.90625E-2,4.6875E-2,5.46875E-2,6.25E-2,
7.8125E-2,9.375E-2,1.09375E-1,1.25E-1,1.5625E-1,1.875E-1,2.1875E-1,2.5E-1,
3.125E-1,3.75E-1,4.375E-1,5.E-1,5.625E-1,6.25E-1,6.875E-1,7.5E-1,8.125E-1,
8.4375E-1,8.75E-1,9.0625E-1,9.375E-1,9.53125E-1,9.6875E-1,9.84375E-1,
9.921875E-1,1.E0),.UNSPECIFIED.);
#259=B_SPLINE_CURVE_WITH_KNOTS('',3,(#255,#256,#257,#258),.UNSPECIFIED.,.F.,.F.,
(4,4),(0.E0,1.E0),.UNSPECIFIED.);
#333=B_SPLINE_CURVE_WITH_KNOTS('',3,(#272,#273,#274,#275,#276,#277,#278,#279,
#280,#281,#282,#283,#284,#285,#286,#287,#288,#289,#290,#291,#292,#293,#294,#295,
#296,#297,#298,#299,#300,#301,#302,#303,#304,#305,#306,#307,#308,#309,#310,#311,
#312,#313,#314,#315,#316,#317,#318,#319,#320,#321,#322,#323,#324,#325,#326,#327,
#328,#329,#330,#331,#332),.UNSPECIFIED.,.F.,.F.,(4,1,1,1,1,1,1,1,1,1,1,1,1,1,1,
1,1,1,1,1,1,1,1,1,1,1,1,1,1,1,1,1,1,1,1,1,1,1,1,1,1,1,1,1,1,1,1,1,1,1,1,1,1,1,1,
1,1,1,4),(0.E0,1.724137931034E-2,3.448275862069E-2,5.172413793103E-2,
6.896551724138E-2,8.620689655172E-2,1.034482758621E-1,1.206896551724E-1,
1.379310344828E-1,1.551724137931E-1,1.724137931034E-1,1.896551724138E-1,
2.068965517241E-1,2.241379310345E-1,2.413793103448E-1,2.586206896552E-1,
2.758620689655E-1,2.931034482759E-1,3.103448275862E-1,3.275862068966E-1,
3.448275862069E-1,3.620689655172E-1,3.793103448276E-1,3.965517241379E-1,
4.137931034483E-1,4.310344827586E-1,4.482758620690E-1,4.655172413793E-1,
4.827586206897E-1,5.E-1,5.172413793103E-1,5.344827586207E-1,5.517241379310E-1,
5.689655172414E-1,5.862068965517E-1,6.034482758621E-1,6.206896551724E-1,
6.379310344828E-1,6.551724137931E-1,6.724137931034E-1,6.896551724138E-1,
7.068965517241E-1,7.241379310345E-1,7.413793103448E-1,7.586206896552E-1,
7.758620689655E-1,7.931034482759E-1,8.103448275862E-1,8.275862068966E-1,
8.448275862069E-1,8.620689655172E-1,8.793103448276E-1,8.965517241379E-1,
9.137931034483E-1,9.310344827586E-1,9.482758620690E-1,9.655172413793E-1,
9.827586206897E-1,1.E0),.UNSPECIFIED.);
#361=B_SPLINE_CURVE_WITH_KNOTS('',3,(#338,#339,#340,#341,#342,#343,#344,#345,
#346,#347,#348,#349,#350,#351,#352,#353,#354,#355,#356,#357,#358,#359,#360),
.UNSPECIFIED.,.F.,.F.,(4,1,1,1,1,1,1,1,1,1,1,1,1,1,1,1,1,1,1,1,4),(0.E0,5.E-2,
1.E-1,1.5E-1,2.E-1,2.5E-1,3.E-1,3.5E-1,4.E-1,4.5E-1,5.E-1,5.5E-1,6.E-1,6.5E-1,
7.E-1,7.5E-1,8.E-1,8.5E-1,9.E-1,9.5E-1,1.E0),.UNSPECIFIED.);
#388=B_SPLINE_CURVE_WITH_KNOTS('',3,(#362,#363,#364,#365,#366,#367,#368,#369,
#370,#371,#372,#373,#374,#375,#376,#377,#378,#379,#380,#381,#382,#383,#384,#385,
#386,#387),.UNSPECIFIED.,.F.,.F.,(4,1,1,1,1,1,1,1,1,1,1,1,1,1,1,1,1,1,1,1,1,1,1,
4),(0.E0,4.347826086957E-2,8.695652173913E-2,1.304347826087E-1,
1.739130434783E-1,2.173913043478E-1,2.608695652174E-1,3.043478260870E-1,
3.478260869565E-1,3.913043478261E-1,4.347826086957E-1,4.782608695652E-1,
5.217391304348E-1,5.652173913043E-1,6.086956521739E-1,6.521739130435E-1,
6.956521739130E-1,7.391304347826E-1,7.826086956522E-1,8.260869565217E-1,
8.695652173913E-1,9.130434782609E-1,9.565217391304E-1,1.E0),.UNSPECIFIED.);
#411=B_SPLINE_CURVE_WITH_KNOTS('',3,(#389,#390,#391,#392,#393,#394,#395,#396,
#397,#398,#399,#400,#401,#402,#403,#404,#405,#406,#407,#408,#409,#410),
.UNSPECIFIED.,.F.,.F.,(4,1,1,1,1,1,1,1,1,1,1,1,1,1,1,1,1,1,1,4),(0.E0,
5.263157894737E-2,1.052631578947E-1,1.578947368421E-1,2.105263157895E-1,
2.631578947368E-1,3.157894736842E-1,3.684210526316E-1,4.210526315789E-1,
4.736842105263E-1,5.263157894737E-1,5.789473684211E-1,6.315789473684E-1,
6.842105263158E-1,7.368421052632E-1,7.894736842105E-1,8.421052631579E-1,
8.947368421053E-1,9.473684210526E-1,1.E0),.UNSPECIFIED.);
#435=B_SPLINE_CURVE_WITH_KNOTS('',3,(#412,#413,#414,#415,#416,#417,#418,#419,
#420,#421,#422,#423,#424,#425,#426,#427,#428,#429,#430,#431,#432,#433,#434),
.UNSPECIFIED.,.F.,.F.,(4,1,1,1,1,1,1,1,1,1,1,1,1,1,1,1,1,1,1,1,4),(0.E0,5.E-2,
1.E-1,1.5E-1,2.E-1,2.5E-1,3.E-1,3.5E-1,4.E-1,4.5E-1,5.E-1,5.5E-1,6.E-1,6.5E-1,
7.E-1,7.5E-1,8.E-1,8.5E-1,9.E-1,9.5E-1,1.E0),.UNSPECIFIED.);
#464=B_SPLINE_CURVE_WITH_KNOTS('',3,(#436,#437,#438,#439,#440,#441,#442,#443,
#444,#445,#446,#447,#448,#449,#450,#451,#452,#453,#454,#455,#456,#457,#458,#459,
#460,#461,#462,#463),.UNSPECIFIED.,.F.,.F.,(4,1,1,1,1,1,1,1,1,1,1,1,1,1,1,1,1,1,
1,1,1,1,1,1,1,4),(0.E0,6.248886511223E-2,1.249777302482E-1,1.874665953842E-1,
2.499554605202E-1,3.124443256562E-1,3.749331907922E-1,4.049278460575E-1,
4.374220559282E-1,4.518194904555E-1,4.674167111935E-1,4.830139319314E-1,
4.999109210642E-1,5.143134865375E-1,5.299162658003E-1,5.455190450631E-1,
5.624220559312E-1,5.924274006673E-1,6.249331907981E-1,6.874443256651E-1,
7.499554605321E-1,8.124665953991E-1,8.749777302660E-1,9.049830750022E-1,
9.374888651330E-1,1.E0),.UNSPECIFIED.);
#493=B_SPLINE_CURVE_WITH_KNOTS('',3,(#465,#466,#467,#468,#469,#470,#471,#472,
#473,#474,#475,#476,#477,#478,#479,#480,#481,#482,#483,#484,#485,#486,#487,#488,
#489,#490,#491,#492),.UNSPECIFIED.,.F.,.F.,(4,1,1,1,1,1,1,1,1,1,1,1,1,1,1,1,1,1,
1,1,1,1,1,1,1,4),(0.E0,6.248886511223E-2,1.249777302482E-1,1.874665953842E-1,
2.499554605202E-1,3.124443256562E-1,3.749331907922E-1,4.049278460575E-1,
4.374220559282E-1,4.518194904555E-1,4.674167111935E-1,4.830139319314E-1,
4.999109210642E-1,5.143134865375E-1,5.299162658003E-1,5.455190450631E-1,
5.624220559312E-1,5.924274006673E-1,6.249331907981E-1,6.874443256651E-1,
7.499554605321E-1,8.124665953991E-1,8.749777302660E-1,9.049830750022E-1,
9.374888651330E-1,1.E0),.UNSPECIFIED.);
#498=CIRCLE('',#497,5.E-2);
#503=CIRCLE('',#502,5.E-2);
#508=CIRCLE('',#507,1.25E-1);
#539=B_SPLINE_CURVE_WITH_KNOTS('',3,(#513,#514,#515,#516,#517,#518,#519,#520,
#521,#522,#523,#524,#525,#526,#527,#528,#529,#530,#531,#532,#533,#534,#535,#536,
#537,#538),.UNSPECIFIED.,.F.,.F.,(4,1,1,1,1,1,1,1,1,1,1,1,1,1,1,1,1,1,1,1,1,1,1,
4),(0.E0,4.347826086957E-2,8.695652173913E-2,1.304347826087E-1,
1.739130434783E-1,2.173913043478E-1,2.608695652174E-1,3.043478260870E-1,
3.478260869565E-1,3.913043478261E-1,4.347826086957E-1,4.782608695652E-1,
5.217391304348E-1,5.652173913043E-1,6.086956521739E-1,6.521739130435E-1,
6.956521739130E-1,7.391304347826E-1,7.826086956522E-1,8.260869565217E-1,
8.695652173913E-1,9.130434782609E-1,9.565217391304E-1,1.E0),.UNSPECIFIED.);
#544=CIRCLE('',#543,5.E-2);
#549=CIRCLE('',#548,7.5E-2);
#554=CIRCLE('',#553,7.5E-2);
#559=CIRCLE('',#558,7.5E-2);
#564=CIRCLE('',#563,7.5E-2);
#569=CIRCLE('',#568,5.E-2);
#574=CIRCLE('',#573,5.E-2);
#579=CIRCLE('',#578,1.25E-1);
#606=B_SPLINE_CURVE_WITH_KNOTS('',3,(#584,#585,#586,#587,#588,#589,#590,#591,
#592,#593,#594,#595,#596,#597,#598,#599,#600,#601,#602,#603,#604,#605),
.UNSPECIFIED.,.F.,.F.,(4,1,1,1,1,1,1,1,1,1,1,1,1,1,1,1,1,1,1,4),(0.E0,
5.263157894737E-2,1.052631578947E-1,1.578947368421E-1,2.105263157895E-1,
2.631578947368E-1,3.157894736842E-1,3.684210526316E-1,4.210526315789E-1,
4.736842105263E-1,5.263157894737E-1,5.789473684211E-1,6.315789473684E-1,
6.842105263158E-1,7.368421052632E-1,7.894736842105E-1,8.421052631579E-1,
8.947368421053E-1,9.473684210526E-1,1.E0),.UNSPECIFIED.);
#611=CIRCLE('',#610,1.25E-1);
#639=B_SPLINE_CURVE_WITH_KNOTS('',3,(#616,#617,#618,#619,#620,#621,#622,#623,
#624,#625,#626,#627,#628,#629,#630,#631,#632,#633,#634,#635,#636,#637,#638),
.UNSPECIFIED.,.F.,.F.,(4,1,1,1,1,1,1,1,1,1,1,1,1,1,1,1,1,1,1,1,4),(0.E0,5.E-2,
1.E-1,1.5E-1,2.E-1,2.5E-1,3.E-1,3.5E-1,4.E-1,4.5E-1,5.E-1,5.5E-1,6.E-1,6.5E-1,
7.E-1,7.5E-1,8.E-1,8.5E-1,9.E-1,9.5E-1,1.E0),.UNSPECIFIED.);
#644=CIRCLE('',#643,5.000000000001E-2);
#649=CIRCLE('',#648,5.E-2);
#654=CIRCLE('',#653,5.E-2);
#659=CIRCLE('',#658,1.25E-1);
#687=B_SPLINE_CURVE_WITH_KNOTS('',3,(#664,#665,#666,#667,#668,#669,#670,#671,
#672,#673,#674,#675,#676,#677,#678,#679,#680,#681,#682,#683,#684,#685,#686),
.UNSPECIFIED.,.F.,.F.,(4,1,1,1,1,1,1,1,1,1,1,1,1,1,1,1,1,1,1,1,4),(0.E0,5.E-2,
1.E-1,1.5E-1,2.E-1,2.5E-1,3.E-1,3.5E-1,4.E-1,4.5E-1,5.E-1,5.5E-1,6.E-1,6.5E-1,
7.E-1,7.5E-1,8.E-1,8.5E-1,9.E-1,9.5E-1,1.E0),.UNSPECIFIED.);
#746=B_SPLINE_CURVE_WITH_KNOTS('',3,(#704,#705,#706,#707,#708,#709,#710,#711,
#712,#713,#714,#715,#716,#717,#718,#719,#720,#721,#722,#723,#724,#725,#726,#727,
#728,#729,#730,#731,#732,#733,#734,#735,#736,#737,#738,#739,#740,#741,#742,#743,
#744,#745),.UNSPECIFIED.,.F.,.F.,(4,1,1,1,1,1,1,1,1,1,1,1,1,1,1,1,1,1,1,1,1,1,1,
1,1,1,1,1,1,1,1,1,1,1,1,1,1,1,1,4),(0.E0,2.564102564103E-2,5.128205128205E-2,
7.692307692308E-2,1.025641025641E-1,1.282051282051E-1,1.538461538462E-1,
1.794871794872E-1,2.051282051282E-1,2.307692307692E-1,2.564102564103E-1,
2.820512820513E-1,3.076923076923E-1,3.333333333333E-1,3.589743589744E-1,
3.846153846154E-1,4.102564102564E-1,4.358974358974E-1,4.615384615385E-1,
4.871794871795E-1,5.128205128205E-1,5.384615384615E-1,5.641025641026E-1,
5.897435897436E-1,6.153846153846E-1,6.410256410256E-1,6.666666666667E-1,
6.923076923077E-1,7.179487179487E-1,7.435897435897E-1,7.692307692308E-1,
7.948717948718E-1,8.205128205128E-1,8.461538461538E-1,8.717948717949E-1,
8.974358974359E-1,9.230769230769E-1,9.487179487179E-1,9.743589743590E-1,1.E0),
.UNSPECIFIED.);
#755=CIRCLE('',#754,5.E-2);
#760=CIRCLE('',#759,5.E-2);
#765=CIRCLE('',#764,1.25E-1);
#792=B_SPLINE_CURVE_WITH_KNOTS('',3,(#770,#771,#772,#773,#774,#775,#776,#777,
#778,#779,#780,#781,#782,#783,#784,#785,#786,#787,#788,#789,#790,#791),
.UNSPECIFIED.,.F.,.F.,(4,1,1,1,1,1,1,1,1,1,1,1,1,1,1,1,1,1,1,4),(0.E0,
5.263157894737E-2,1.052631578947E-1,1.578947368421E-1,2.105263157895E-1,
2.631578947368E-1,3.157894736842E-1,3.684210526316E-1,4.210526315789E-1,
4.736842105263E-1,5.263157894737E-1,5.789473684211E-1,6.315789473684E-1,
6.842105263158E-1,7.368421052632E-1,7.894736842105E-1,8.421052631579E-1,
8.947368421053E-1,9.473684210526E-1,1.E0),.UNSPECIFIED.);
#797=CIRCLE('',#796,5.E-2);
#802=CIRCLE('',#801,7.5E-2);
#807=CIRCLE('',#806,7.5E-2);
#812=CIRCLE('',#811,7.5E-2);
#817=CIRCLE('',#816,7.5E-2);
#822=CIRCLE('',#821,5.E-2);
#827=CIRCLE('',#826,5.E-2);
#832=CIRCLE('',#831,1.25E-1);
#859=B_SPLINE_CURVE_WITH_KNOTS('',3,(#837,#838,#839,#840,#841,#842,#843,#844,
#845,#846,#847,#848,#849,#850,#851,#852,#853,#854,#855,#856,#857,#858),
.UNSPECIFIED.,.F.,.F.,(4,1,1,1,1,1,1,1,1,1,1,1,1,1,1,1,1,1,1,4),(0.E0,
5.263157894737E-2,1.052631578947E-1,1.578947368421E-1,2.105263157895E-1,
2.631578947368E-1,3.157894736842E-1,3.684210526316E-1,4.210526315789E-1,
4.736842105263E-1,5.263157894737E-1,5.789473684211E-1,6.315789473684E-1,
6.842105263158E-1,7.368421052632E-1,7.894736842105E-1,8.421052631579E-1,
8.947368421053E-1,9.473684210526E-1,1.E0),.UNSPECIFIED.);
#864=CIRCLE('',#863,1.25E-1);
#891=B_SPLINE_CURVE_WITH_KNOTS('',3,(#869,#870,#871,#872,#873,#874,#875,#876,
#877,#878,#879,#880,#881,#882,#883,#884,#885,#886,#887,#888,#889,#890),
.UNSPECIFIED.,.F.,.F.,(4,1,1,1,1,1,1,1,1,1,1,1,1,1,1,1,1,1,1,4),(0.E0,
5.263157894737E-2,1.052631578947E-1,1.578947368421E-1,2.105263157895E-1,
2.631578947368E-1,3.157894736842E-1,3.684210526316E-1,4.210526315789E-1,
4.736842105263E-1,5.263157894737E-1,5.789473684211E-1,6.315789473684E-1,
6.842105263158E-1,7.368421052632E-1,7.894736842105E-1,8.421052631579E-1,
8.947368421053E-1,9.473684210526E-1,1.E0),.UNSPECIFIED.);
#896=CIRCLE('',#895,5.E-2);
#901=CIRCLE('',#900,4.999999999999E-2);
#906=CIRCLE('',#905,5.E-2);
#911=CIRCLE('',#910,1.25E-1);
#938=B_SPLINE_CURVE_WITH_KNOTS('',3,(#916,#917,#918,#919,#920,#921,#922,#923,
#924,#925,#926,#927,#928,#929,#930,#931,#932,#933,#934,#935,#936,#937),
.UNSPECIFIED.,.F.,.F.,(4,1,1,1,1,1,1,1,1,1,1,1,1,1,1,1,1,1,1,4),(0.E0,
5.263157894737E-2,1.052631578947E-1,1.578947368421E-1,2.105263157895E-1,
2.631578947368E-1,3.157894736842E-1,3.684210526316E-1,4.210526315789E-1,
4.736842105263E-1,5.263157894737E-1,5.789473684211E-1,6.315789473684E-1,
6.842105263158E-1,7.368421052632E-1,7.894736842105E-1,8.421052631579E-1,
8.947368421053E-1,9.473684210526E-1,1.E0),.UNSPECIFIED.);
#1018=EDGE_CURVE('',#948,#964,#4,.T.);
#1020=EDGE_CURVE('',#964,#961,#9,.T.);
#1022=EDGE_CURVE('',#961,#958,#50,.T.);
#1024=EDGE_CURVE('',#958,#951,#54,.T.);
#1026=EDGE_CURVE('',#951,#952,#58,.T.);
#1028=EDGE_CURVE('',#942,#952,#271,.T.);
#1030=EDGE_CURVE('',#942,#944,#703,.T.);
#1032=EDGE_CURVE('',#944,#948,#750,.T.);
#1146=EDGE_CURVE('',#963,#964,#84,.T.);
#1149=EDGE_CURVE('',#947,#948,#746,.T.);
#1151=EDGE_CURVE('',#963,#947,#263,.T.);
#1155=EDGE_CURVE('',#965,#966,#107,.T.);
#1157=EDGE_CURVE('',#966,#965,#130,.T.);
#1161=EDGE_CURVE('',#969,#970,#153,.T.);
#1163=EDGE_CURVE('',#970,#969,#176,.T.);
#1282=EDGE_CURVE('',#962,#963,#259,.T.);
#1284=EDGE_CURVE('',#962,#961,#205,.T.);
#1295=EDGE_CURVE('',#955,#941,#337,.T.);
#1297=EDGE_CURVE('',#955,#956,#209,.T.);
#1299=EDGE_CURVE('',#956,#960,#213,.T.);
#1301=EDGE_CURVE('',#960,#962,#254,.T.);
#1305=EDGE_CURVE('',#946,#947,#267,.T.);
#1307=EDGE_CURVE('',#946,#941,#695,.T.);
#1318=EDGE_CURVE('',#952,#955,#333,.T.);
#1321=EDGE_CURVE('',#941,#942,#691,.T.);
#1448=EDGE_CURVE('',#956,#951,#464,.T.);
#1454=EDGE_CURVE('',#989,#990,#361,.T.);
#1456=EDGE_CURVE('',#990,#989,#388,.T.);
#1460=EDGE_CURVE('',#993,#994,#411,.T.);
#1462=EDGE_CURVE('',#994,#993,#435,.T.);
#1589=EDGE_CURVE('',#960,#958,#493,.T.);
#2826=EDGE_CURVE('',#989,#991,#498,.T.);
#2828=EDGE_CURVE('',#991,#992,#687,.T.);
#2830=EDGE_CURVE('',#990,#992,#503,.T.);
#2950=EDGE_CURVE('',#992,#991,#539,.T.);
#2961=EDGE_CURVE('',#1011,#1012,#508,.T.);
#2963=EDGE_CURVE('',#991,#1012,#512,.T.);
#2966=EDGE_CURVE('',#992,#1011,#663,.T.);
#2976=EDGE_CURVE('',#1007,#1008,#559,.T.);
#2978=EDGE_CURVE('',#1008,#1012,#654,.T.);
#2981=EDGE_CURVE('',#1007,#1011,#544,.T.);
#2991=EDGE_CURVE('',#999,#1000,#549,.T.);
#2993=EDGE_CURVE('',#1000,#999,#554,.T.);
#3004=EDGE_CURVE('',#1008,#1007,#564,.T.);
#3015=EDGE_CURVE('',#1000,#1004,#574,.T.);
#3017=EDGE_CURVE('',#1003,#1004,#611,.T.);
#3019=EDGE_CURVE('',#999,#1003,#569,.T.);
#3031=EDGE_CURVE('',#1004,#1003,#579,.T.);
#3043=EDGE_CURVE('',#996,#1003,#583,.T.);
#3045=EDGE_CURVE('',#995,#996,#606,.T.);
#3047=EDGE_CURVE('',#995,#1004,#615,.T.);
#3059=EDGE_CURVE('',#996,#995,#639,.T.);
#3167=EDGE_CURVE('',#994,#996,#644,.T.);
#3170=EDGE_CURVE('',#993,#995,#649,.T.);
#3286=EDGE_CURVE('',#1012,#1011,#659,.T.);
#3311=EDGE_CURVE('',#944,#946,#699,.T.);
#3427=EDGE_CURVE('',#965,#967,#755,.T.);
#3429=EDGE_CURVE('',#967,#968,#938,.T.);
#3431=EDGE_CURVE('',#966,#968,#760,.T.);
#3535=EDGE_CURVE('',#968,#967,#792,.T.);
#3546=EDGE_CURVE('',#988,#987,#765,.T.);
#3548=EDGE_CURVE('',#967,#987,#769,.T.);
#3551=EDGE_CURVE('',#968,#988,#915,.T.);
#3561=EDGE_CURVE('',#984,#983,#817,.T.);
#3563=EDGE_CURVE('',#983,#987,#906,.T.);
#3566=EDGE_CURVE('',#984,#988,#797,.T.);
#3576=EDGE_CURVE('',#975,#976,#802,.T.);
#3578=EDGE_CURVE('',#976,#975,#807,.T.);
#3588=EDGE_CURVE('',#983,#984,#812,.T.);
#3600=EDGE_CURVE('',#976,#980,#827,.T.);
#3602=EDGE_CURVE('',#979,#980,#864,.T.);
#3604=EDGE_CURVE('',#975,#979,#822,.T.);
#3616=EDGE_CURVE('',#980,#979,#832,.T.);
#3628=EDGE_CURVE('',#971,#979,#836,.T.);
#3630=EDGE_CURVE('',#972,#971,#859,.T.);
#3632=EDGE_CURVE('',#972,#980,#868,.T.);
#3644=EDGE_CURVE('',#971,#972,#891,.T.);
#3748=EDGE_CURVE('',#969,#971,#896,.T.);
#3751=EDGE_CURVE('',#970,#972,#901,.T.);
#3867=EDGE_CURVE('',#987,#988,#911,.T.);
#3885=CLOSED_SHELL('',(#1036,#1167,#1289,#1311,#1325,#1466,#1595,#2723,#2834,
#2955,#2970,#2985,#2997,#3008,#3023,#3036,#3051,#3064,#3174,#3278,#3291,#3303,
#3316,#3328,#3435,#3540,#3555,#3570,#3582,#3593,#3608,#3621,#3636,#3649,#3755,
#3859,#3872,#3884));
#3886=MANIFOLD_SOLID_BREP('',#3885);
#3888=(LENGTH_UNIT()NAMED_UNIT(*)SI_UNIT(.MILLI.,.METRE.));
#3892=(NAMED_UNIT(*)PLANE_ANGLE_UNIT()SI_UNIT($,.RADIAN.));
#3895=(NAMED_UNIT(*)SI_UNIT($,.STERADIAN.)SOLID_ANGLE_UNIT());
#3898=ADVANCED_BREP_SHAPE_REPRESENTATION('',(#3886),#3897);
#3905=PRODUCT_DEFINITION('design','',#3904,#3901);
#3906=PRODUCT_DEFINITION_SHAPE('','SHAPE FOR 26_FWE3_TOP_HALF.',#3905);
#3907=SHAPE_DEFINITION_REPRESENTATION(#3906,#3898);
ENDSEC;
END-ISO-10303-21;
