ISO-10303-21;
HEADER;
FILE_DESCRIPTION (( 'STEP AP214' ),
    '1' );
FILE_NAME ('27_CH_Monocoque.STEP',
    '2026-10-08T08:43:59',
    ( '' ),
    ( '' ),
    'SwSTEP 2.0',
    'SolidWorks 2025',
    '' );
FILE_SCHEMA (( 'AUTOMOTIVE_DESIGN' ));
ENDSEC;

DATA;
#1 = AXIS2_PLACEMENT_3D ( 'NONE', #490, #1249, #1616 ) ;
#2 = CARTESIAN_POINT ( 'NONE',  ( 37.34903149853484905, -11.19756555148514465, 15.16563364569480576 ) ) ;
#3 = DIRECTION ( 'NONE',  ( -0.8948775276453762029, 0.1053542230182278466, -0.4336988565900590786 ) ) ;
#4 = ORIENTED_EDGE ( 'NONE', *, *, #2387, .T. ) ;
#5 = VECTOR ( 'NONE', #1006, 39.37007874015748143 ) ;
#6 = CARTESIAN_POINT ( 'NONE',  ( 36.56388176971370285, -0.2796316557679552894, -6.646224956629399827 ) ) ;
#7 = AXIS2_PLACEMENT_3D ( 'NONE', #2322, #1929, #214 ) ;
#8 = CARTESIAN_POINT ( 'NONE',  ( 17.30999617808507196, -7.188143728088066453, 20.75105806889191840 ) ) ;
#9 = EDGE_CURVE ( 'NONE', #2015, #753, #1059, .T. ) ;
#10 = ORIENTED_EDGE ( 'NONE', *, *, #710, .F. ) ;
#11 = CARTESIAN_POINT ( 'NONE',  ( -16.79267044754857707, 8.307298676683917193, 17.06765748562963836 ) ) ;
#12 = EDGE_CURVE ( 'NONE', #1510, #1248, #685, .T. ) ;
#13 = CARTESIAN_POINT ( 'NONE',  ( -16.76474492054678933, 8.312199106286914940, 6.644729908828050924 ) ) ;
#14 = LINE ( 'NONE', #1371, #716 ) ;
#15 = ORIENTED_EDGE ( 'NONE', *, *, #828, .T. ) ;
#16 = LINE ( 'NONE', #961, #640 ) ;
#17 = PLANE ( 'NONE',  #7 ) ;
#18 = VERTEX_POINT ( 'NONE', #2273 ) ;
#19 = FACE_OUTER_BOUND ( 'NONE', #1608, .T. ) ;
#20 = CARTESIAN_POINT ( 'NONE',  ( 17.87222555354039955, -8.183588817083448319, 19.41040682160961950 ) ) ;
#21 = EDGE_CURVE ( 'NONE', #1966, #2372, #563, .T. ) ;
#22 = CARTESIAN_POINT ( 'NONE',  ( -16.66057470000000151, -4.900716284520176380, 16.43171165450023352 ) ) ;
#23 = LINE ( 'NONE', #2002, #1349 ) ;
#24 = ORIENTED_EDGE ( 'NONE', *, *, #2105, .F. ) ;
#25 = EDGE_CURVE ( 'NONE', #551, #1224, #2188, .T. ) ;
#26 = CARTESIAN_POINT ( 'NONE',  ( -16.65957470000000029, 9.223988980714510788, -0.3221087929899139612 ) ) ;
#27 = CARTESIAN_POINT ( 'NONE',  ( -15.50957469999999994, -8.351614874281912293, 17.08248547792405603 ) ) ;
#28 = ORIENTED_EDGE ( 'NONE', *, *, #95, .T. ) ;
#29 = DIRECTION ( 'NONE',  ( 0.9907571504889544078, 0.03202032059657611285, -0.1318141412136795421 ) ) ;
#30 = DIRECTION ( 'NONE',  ( -0.9949655324626824893, -0.1002177090700575313, 0.000000000000000000 ) ) ;
#31 = LINE ( 'NONE', #1178, #205 ) ;
#32 = CARTESIAN_POINT ( 'NONE',  ( -16.61944027879212271, 0.8373225645330593103, -0.8373225645330557576 ) ) ;
#33 = ORIENTED_EDGE ( 'NONE', *, *, #1331, .T. ) ;
#34 = FACE_OUTER_BOUND ( 'NONE', #1700, .T. ) ;
#35 = ADVANCED_FACE ( 'NONE', ( #2314 ), #1944, .T. ) ;
#36 = AXIS2_PLACEMENT_3D ( 'NONE', #1175, #42, #207 ) ;
#37 = FACE_OUTER_BOUND ( 'NONE', #818, .T. ) ;
#38 = EDGE_LOOP ( 'NONE', ( #1427, #282, #1043, #804 ) ) ;
#39 = LINE ( 'NONE', #1770, #77 ) ;
#40 = VECTOR ( 'NONE', #529, 39.37007874015748854 ) ;
#41 = VECTOR ( 'NONE', #1117, 39.37007874015748854 ) ;
#42 = DIRECTION ( 'NONE',  ( -0.03489949670250101083, -0.9987820251299125429, -0.03487823687205115347 ) ) ;
#43 = VECTOR ( 'NONE', #2330, 39.37007874015748143 ) ;
#44 = PRODUCT_DEFINITION_FORMATION_WITH_SPECIFIED_SOURCE ( 'ANY', '', #2444, .NOT_KNOWN. ) ;
#45 = ORIENTED_EDGE ( 'NONE', *, *, #2200, .T. ) ;
#46 = CARTESIAN_POINT ( 'NONE',  ( -16.65957470000000029, 4.260402639897955979, 15.95250000000000057 ) ) ;
#47 = DIRECTION ( 'NONE',  ( 0.9949571670058384720, 0.1003006919069382719, 8.382544588868402573E-05 ) ) ;
#48 = ORIENTED_EDGE ( 'NONE', *, *, #2374, .F. ) ;
#49 = CARTESIAN_POINT ( 'NONE',  ( 37.95053632197667781, -11.19954061751799834, 15.16009593194156224 ) ) ;
#50 = LINE ( 'NONE', #787, #558 ) ;
#51 = ORIENTED_EDGE ( 'NONE', *, *, #2335, .T. ) ;
#52 = CARTESIAN_POINT ( 'NONE',  ( -15.50957470000000171, -8.355401351336313454, 6.625945038054475766 ) ) ;
#53 = EDGE_CURVE ( 'NONE', #18, #1413, #652, .T. ) ;
#54 = DIRECTION ( 'NONE',  ( -0.9987827659587182882, 0.04932531220227834995, 0.000000000000000000 ) ) ;
#55 = DIRECTION ( 'NONE',  ( -0.9993374298092839725, -0.03451561201968986886, -0.01154876223153775833 ) ) ;
#56 = CARTESIAN_POINT ( 'NONE',  ( -16.66057470000000151, -4.900716284520176380, 16.43171165450023352 ) ) ;
#57 = PLANE ( 'NONE',  #400 ) ;
#58 = EDGE_LOOP ( 'NONE', ( #540, #2212, #2078, #528 ) ) ;
#59 = CARTESIAN_POINT ( 'NONE',  ( 27.09483817282581697, -11.69700886211624002, 15.66940716080164187 ) ) ;
#60 = DIRECTION ( 'NONE',  ( -0.9992964041483339832, 0.03439521383019567002, 0.01495546461279625289 ) ) ;
#61 = DIRECTION ( 'NONE',  ( -0.000000000000000000, 0.0003760595019727745302, 0.9999999292896228908 ) ) ;
#62 = ORIENTED_EDGE ( 'NONE', *, *, #12, .T. ) ;
#63 = DIRECTION ( 'NONE',  ( -0.07104322844294129469, 0.7053200903463686666, -0.7053200903463578975 ) ) ;
#64 = DIRECTION ( 'NONE',  ( 0.000000000000000000, -0.5735764363510442720, 0.8191520442889929088 ) ) ;
#65 = LINE ( 'NONE', #267, #2388 ) ;
#66 = EDGE_CURVE ( 'NONE', #551, #67, #577, .T. ) ;
#67 = VERTEX_POINT ( 'NONE', #1166 ) ;
#68 = DIRECTION ( 'NONE',  ( -0.03489949670250102470, 0.7066760308408348568, 0.7066760308408341906 ) ) ;
#69 = LINE ( 'NONE', #1973, #1157 ) ;
#70 = ORIENTED_EDGE ( 'NONE', *, *, #983, .T. ) ;
#71 = CARTESIAN_POINT ( 'NONE',  ( 33.14110231685502583, -11.16435928845543124, 15.25873776293143536 ) ) ;
#72 = CARTESIAN_POINT ( 'NONE',  ( -16.64845258636108127, -4.355504571509396072, 8.282685145554024686 ) ) ;
#73 = CARTESIAN_POINT ( 'NONE',  ( 38.77068891775598303, -13.00913372065476814, 11.80182269333227474 ) ) ;
#74 = ORIENTED_EDGE ( 'NONE', *, *, #2079, .T. ) ;
#75 = CARTESIAN_POINT ( 'NONE',  ( -16.78518503367645209, 6.918216847957247673, 21.05811359049190301 ) ) ;
#76 = DIRECTION ( 'NONE',  ( 1.000000000000000000, 0.000000000000000000, 0.000000000000000000 ) ) ;
#77 = VECTOR ( 'NONE', #1931, 39.37007874015748854 ) ;
#78 = ORIENTED_EDGE ( 'NONE', *, *, #1209, .T. ) ;
#79 = VECTOR ( 'NONE', #695, 39.37007874015748854 ) ;
#80 = EDGE_CURVE ( 'NONE', #328, #1494, #1002, .T. ) ;
#81 = CARTESIAN_POINT ( 'NONE',  ( 17.17473197385150385, 8.055403061307416124, 21.50479418107174467 ) ) ;
#82 = AXIS2_PLACEMENT_3D ( 'NONE', #2409, #2431, #497 ) ;
#83 = DIRECTION ( 'NONE',  ( -0.03489949670250101083, -0.9987820251299122098, 0.03487823687205944545 ) ) ;
#84 = VERTEX_POINT ( 'NONE', #790 ) ;
#85 = CARTESIAN_POINT ( 'NONE',  ( 27.70718611610141835, -11.76102371844399386, 15.60403525735555341 ) ) ;
#86 = EDGE_CURVE ( 'NONE', #700, #1962, #1921, .T. ) ;
#87 = DIRECTION ( 'NONE',  ( -0.000000000000000000, -1.000000000000000000, -1.433401572240657238E-16 ) ) ;
#88 = CARTESIAN_POINT ( 'NONE',  ( 17.21233171282657182, -9.680724475921291372, 11.76006441969734162 ) ) ;
#89 = ORIENTED_EDGE ( 'NONE', *, *, #1528, .T. ) ;
#90 = CARTESIAN_POINT ( 'NONE',  ( -15.50957470000000171, -5.089998404309985958, 3.360542091028134948 ) ) ;
#91 =( NAMED_UNIT ( * ) SI_UNIT ( $, .STERADIAN. ) SOLID_ANGLE_UNIT ( ) );
#92 = CARTESIAN_POINT ( 'NONE',  ( 40.10182902572461927, -11.72451868993952218, 13.68815613679947951 ) ) ;
#93 = ORIENTED_EDGE ( 'NONE', *, *, #1369, .T. ) ;
#94 = CARTESIAN_POINT ( 'NONE',  ( 16.75383271668117402, 9.435293749509403582, 6.135265857069012618 ) ) ;
#95 = EDGE_CURVE ( 'NONE', #666, #1541, #1677, .T. ) ;
#96 = FACE_OUTER_BOUND ( 'NONE', #1499, .T. ) ;
#97 = VERTEX_POINT ( 'NONE', #2333 ) ;
#98 = DIRECTION ( 'NONE',  ( -0.9993374298092839725, 0.03451561201968995213, -0.01154876223153764210 ) ) ;
#99 = CARTESIAN_POINT ( 'NONE',  ( -16.16681598950226473, -2.981002738083502024, 24.71250000000000213 ) ) ;
#100 = EDGE_CURVE ( 'NONE', #1457, #606, #2096, .T. ) ;
#101 = EDGE_CURVE ( 'NONE', #700, #2463, #976, .T. ) ;
#102 = DIRECTION ( 'NONE',  ( -0.000000000000000000, 1.000000000000000000, 0.000000000000000000 ) ) ;
#103 = EDGE_LOOP ( 'NONE', ( #854, #2300, #453, #673 ) ) ;
#104 = FACE_BOUND ( 'NONE', #1144, .T. ) ;
#105 = FACE_OUTER_BOUND ( 'NONE', #1628, .T. ) ;
#106 = ORIENTED_EDGE ( 'NONE', *, *, #1315, .F. ) ;
#107 = CARTESIAN_POINT ( 'NONE',  ( 17.21004548349246477, 8.241826488124385008, 21.24364100567921199 ) ) ;
#108 = PLANE ( 'NONE',  #160 ) ;
#109 = ORIENTED_EDGE ( 'NONE', *, *, #2245, .F. ) ;
#110 = CARTESIAN_POINT ( 'NONE',  ( 38.18849732859577273, -12.42180300345347632, 15.15642653107450144 ) ) ;
#111 = PLANE ( 'NONE',  #1196 ) ;
#112 = DIRECTION ( 'NONE',  ( -0.03489949670250101083, -0.8186530389963597720, 0.5732270290835358439 ) ) ;
#113 = ORIENTED_EDGE ( 'NONE', *, *, #1956, .F. ) ;
#114 = PLANE ( 'NONE',  #2144 ) ;
#115 = EDGE_CURVE ( 'NONE', #1325, #1592, #1733, .T. ) ;
#116 = CARTESIAN_POINT ( 'NONE',  ( 22.14060069913683648, 10.00775473693945550, 16.62245378881425495 ) ) ;
#117 = VECTOR ( 'NONE', #1015, 39.37007874015748143 ) ;
#118 = EDGE_LOOP ( 'NONE', ( #209, #1726, #504, #1375, #198, #48, #1265, #2428 ) ) ;
#119 = VECTOR ( 'NONE', #238, 39.37007874015748143 ) ;
#120 = DIRECTION ( 'NONE',  ( 0.9949571670058384720, 0.1003006919069382719, 8.382544588868402573E-05 ) ) ;
#121 = VECTOR ( 'NONE', #943, 39.37007874015747433 ) ;
#122 = ORIENTED_EDGE ( 'NONE', *, *, #694, .F. ) ;
#123 = DIRECTION ( 'NONE',  ( -0.000000000000000000, 0.03489949670248946451, -0.9993908270190960952 ) ) ;
#124 = VECTOR ( 'NONE', #559, 39.37007874015748854 ) ;
#125 = LINE ( 'NONE', #1640, #883 ) ;
#126 = CARTESIAN_POINT ( 'NONE',  ( 10.73473523250988038, 6.819473511809738930, 20.86842940659502688 ) ) ;
#127 = VERTEX_POINT ( 'NONE', #437 ) ;
#128 = VECTOR ( 'NONE', #1187, 39.37007874015748854 ) ;
#129 = CARTESIAN_POINT ( 'NONE',  ( 19.71050899958883562, -10.88268404364265685, 17.67096232105653542 ) ) ;
#130 = EDGE_CURVE ( 'NONE', #127, #1097, #825, .T. ) ;
#131 = DIRECTION ( 'NONE',  ( -1.000000000000000000, 0.000000000000000000, 0.000000000000000000 ) ) ;
#132 = EDGE_CURVE ( 'NONE', #1622, #228, #1014, .T. ) ;
#133 = ORIENTED_EDGE ( 'NONE', *, *, #1786, .F. ) ;
#134 = DIRECTION ( 'NONE',  ( -0.000000000000000000, 0.03489949670248952002, -0.9993908270190960952 ) ) ;
#135 = ORIENTED_EDGE ( 'NONE', *, *, #523, .T. ) ;
#136 = DIRECTION ( 'NONE',  ( 0.000000000000000000, -0.3359307608846714421, 0.9418866831479494328 ) ) ;
#137 = EDGE_LOOP ( 'NONE', ( #441, #122, #2281, #421 ) ) ;
#138 = CARTESIAN_POINT ( 'NONE',  ( 20.08007022706712874, 9.770717873742174930, 17.46180158664721205 ) ) ;
#139 = DIRECTION ( 'NONE',  ( 0.000000000000000000, -0.9440245896637363687, 0.3298750886475279032 ) ) ;
#140 = ORIENTED_EDGE ( 'NONE', *, *, #2057, .F. ) ;
#141 = CARTESIAN_POINT ( 'NONE',  ( 20.52753891430533528, -10.98038381473190839, 17.23187252378448520 ) ) ;
#142 = CARTESIAN_POINT ( 'NONE',  ( 40.35642529999999795, -12.80892885256593061, 14.07099844755778051 ) ) ;
#143 = EDGE_CURVE ( 'NONE', #1476, #2407, #1337, .T. ) ;
#144 = DIRECTION ( 'NONE',  ( -0.1002373098269233875, 0.9943574530687379065, -0.03472372741101036747 ) ) ;
#145 = VERTEX_POINT ( 'NONE', #769 ) ;
#146 = ORIENTED_EDGE ( 'NONE', *, *, #219, .F. ) ;
#147 = FACE_OUTER_BOUND ( 'NONE', #2003, .T. ) ;
#148 = FACE_OUTER_BOUND ( 'NONE', #773, .T. ) ;
#149 = CARTESIAN_POINT ( 'NONE',  ( 23.75030688463861139, -10.18457737802097895, 16.20594104317661532 ) ) ;
#150 = EDGE_LOOP ( 'NONE', ( #2088, #1522, #2173 ) ) ;
#151 = CARTESIAN_POINT ( 'NONE',  ( 33.85504292931359061, -12.39367858612522433, 15.23528210858402154 ) ) ;
#152 = PLANE ( 'NONE',  #876 ) ;
#153 = VECTOR ( 'NONE', #2413, 39.37007874015748143 ) ;
#154 = CARTESIAN_POINT ( 'NONE',  ( 38.51694266285375079, -10.07112156210899379, 4.579008667842663804 ) ) ;
#155 = VERTEX_POINT ( 'NONE', #579 ) ;
#156 = EDGE_CURVE ( 'NONE', #155, #1738, #438, .T. ) ;
#157 = DIRECTION ( 'NONE',  ( -0.03489949670250101083, 0.8186530389963597720, 0.5732270290835358439 ) ) ;
#158 = VECTOR ( 'NONE', #470, 39.37007874015748143 ) ;
#159 = CARTESIAN_POINT ( 'NONE',  ( 17.47238232411663006, 7.570527719285152557, 20.22834958936436323 ) ) ;
#160 = AXIS2_PLACEMENT_3D ( 'NONE', #2450, #144, #1481 ) ;
#161 = LINE ( 'NONE', #2063, #1468 ) ;
#162 = ORIENTED_EDGE ( 'NONE', *, *, #2291, .F. ) ;
#163 = ADVANCED_FACE ( 'NONE', ( #2334 ), #2097, .T. ) ;
#164 = VECTOR ( 'NONE', #1451, 39.37007874015748143 ) ;
#165 = CARTESIAN_POINT ( 'NONE',  ( 24.95599219116202505, 11.47078248370043951, 15.97309586551172167 ) ) ;
#166 = VECTOR ( 'NONE', #1281, 39.37007874015748854 ) ;
#167 = CARTESIAN_POINT ( 'NONE',  ( 34.93795212982325893, 12.40535952523916663, 15.20253095186031089 ) ) ;
#168 = CARTESIAN_POINT ( 'NONE',  ( -15.50957469999999994, -13.63016046943614157, 9.543941107707142990 ) ) ;
#169 = ORIENTED_EDGE ( 'NONE', *, *, #86, .T. ) ;
#170 = DIRECTION ( 'NONE',  ( -0.03489949670250101083, 0.000000000000000000, -0.9993908270190957621 ) ) ;
#171 = ORIENTED_EDGE ( 'NONE', *, *, #1848, .F. ) ;
#172 = CARTESIAN_POINT ( 'NONE',  ( 17.34799309280993285, 7.291199822845263689, 20.60935233918951326 ) ) ;
#173 = CARTESIAN_POINT ( 'NONE',  ( 21.10015446928066751, -9.890161842127165315, 16.98623249596982276 ) ) ;
#174 = EDGE_LOOP ( 'NONE', ( #575, #798, #768, #2065 ) ) ;
#175 = EDGE_CURVE ( 'NONE', #1880, #1622, #1580, .T. ) ;
#176 = EDGE_CURVE ( 'NONE', #155, #97, #1969, .T. ) ;
#177 = CARTESIAN_POINT ( 'NONE',  ( 21.37745132891010869, 11.07827441099827936, 16.88224597018470874 ) ) ;
#178 = VERTEX_POINT ( 'NONE', #1595 ) ;
#179 = LINE ( 'NONE', #2254, #1306 ) ;
#180 = CARTESIAN_POINT ( 'NONE',  ( 17.13642529999999553, 6.092357029870377971, 22.24268232574310744 ) ) ;
#181 = ORIENTED_EDGE ( 'NONE', *, *, #2199, .F. ) ;
#182 = CARTESIAN_POINT ( 'NONE',  ( 18.72396670628824822, -10.38398568210817530, 18.40240778966736102 ) ) ;
#183 = VERTEX_POINT ( 'NONE', #1200 ) ;
#184 = LINE ( 'NONE', #1327, #2190 ) ;
#185 = CARTESIAN_POINT ( 'NONE',  ( 27.03092776712290402, -10.53366081244976549, 15.68025127731085533 ) ) ;
#186 = EDGE_LOOP ( 'NONE', ( #1832, #70, #2013 ) ) ;
#187 = CARTESIAN_POINT ( 'NONE',  ( 17.13642529999999553, 10.82820404677937809, 11.79999999999996518 ) ) ;
#188 = LINE ( 'NONE', #2267, #478 ) ;
#189 = EDGE_LOOP ( 'NONE', ( #1875, #696, #747, #1394, #4 ) ) ;
#190 = FACE_OUTER_BOUND ( 'NONE', #1128, .T. ) ;
#191 = EDGE_CURVE ( 'NONE', #1882, #1459, #1717, .T. ) ;
#192 = CARTESIAN_POINT ( 'NONE',  ( -16.77005112344365756, -3.887024822626205633, 2.219817674256892470 ) ) ;
#193 = EDGE_CURVE ( 'NONE', #582, #1494, #2007, .T. ) ;
#194 = CARTESIAN_POINT ( 'NONE',  ( 19.25360785171341860, -10.74016735995999561, 17.97002482756242969 ) ) ;
#195 = LINE ( 'NONE', #220, #2396 ) ;
#196 = CARTESIAN_POINT ( 'NONE',  ( -15.50957469999999994, -4.315727883870137838, 8.299152427293941869 ) ) ;
#197 = VECTOR ( 'NONE', #712, 39.37007874015748143 ) ;
#198 = ORIENTED_EDGE ( 'NONE', *, *, #892, .F. ) ;
#199 = VECTOR ( 'NONE', #1821, 39.37007874015748854 ) ;
#200 = DIRECTION ( 'NONE',  ( -0.03489949670250101083, 0.9987820251299123209, -0.03487823687205848094 ) ) ;
#201 = DIRECTION ( 'NONE',  ( -0.08234565470292448675, -0.8163700643541040858, 0.5716284730294867167 ) ) ;
#202 = EDGE_LOOP ( 'NONE', ( #1581, #1894, #1483, #380 ) ) ;
#203 =( GEOMETRIC_REPRESENTATION_CONTEXT ( 3 ) GLOBAL_UNCERTAINTY_ASSIGNED_CONTEXT ( ( #626 ) ) GLOBAL_UNIT_ASSIGNED_CONTEXT ( ( #1188, #2292, #1764 ) ) REPRESENTATION_CONTEXT ( 'NONE', 'WORKASPACE' ) );
#204 = LINE ( 'NONE', #350, #1272 ) ;
#205 = VECTOR ( 'NONE', #555, 39.37007874015748854 ) ;
#206 = EDGE_CURVE ( 'NONE', #1081, #1464, #65, .T. ) ;
#207 = DIRECTION ( 'NONE',  ( 0.9993900848364122291, -0.03492074355835942528, 0.000000000000000000 ) ) ;
#208 = ADVANCED_FACE ( 'NONE', ( #1026 ), #940, .T. ) ;
#209 = ORIENTED_EDGE ( 'NONE', *, *, #1167, .F. ) ;
#210 = CARTESIAN_POINT ( 'NONE',  ( 18.55695006270891412, 10.25924354553731632, 18.55649852404134137 ) ) ;
#211 = CARTESIAN_POINT ( 'NONE',  ( 37.90638399428492988, 8.130897561208231039, 1.069817674256889450 ) ) ;
#212 = ORIENTED_EDGE ( 'NONE', *, *, #1740, .T. ) ;
#213 = DIRECTION ( 'NONE',  ( -0.000000000000000000, -0.5735764363510440500, 0.8191520442889931308 ) ) ;
#214 = DIRECTION ( 'NONE',  ( -0.9949568783728308663, -0.1003035900583417461, 0.000000000000000000 ) ) ;
#215 = ORIENTED_EDGE ( 'NONE', *, *, #1238, .T. ) ;
#216 = DIRECTION ( 'NONE',  ( 0.9993908269330248340, -0.03489949916725208767, 0.000000000000000000 ) ) ;
#217 = CARTESIAN_POINT ( 'NONE',  ( 17.23531246232457903, -6.942665789550474642, 21.09087837207242799 ) ) ;
#218 = ORIENTED_EDGE ( 'NONE', *, *, #1603, .F. ) ;
#219 = EDGE_CURVE ( 'NONE', #587, #1163, #2462, .T. ) ;
#220 = CARTESIAN_POINT ( 'NONE',  ( 37.56152016844117725, 4.483588135065375901, -0.9122900149209071108 ) ) ;
#221 = LINE ( 'NONE', #1751, #1794 ) ;
#222 = ORIENTED_EDGE ( 'NONE', *, *, #100, .F. ) ;
#223 = CARTESIAN_POINT ( 'NONE',  ( 17.17875185823200823, 5.223760250996606125, 1.880932460954883645 ) ) ;
#224 = DIRECTION ( 'NONE',  ( -0.03489949670250101083, 0.9987820251299119878, 0.03487823687206677986 ) ) ;
#225 = ORIENTED_EDGE ( 'NONE', *, *, #2047, .T. ) ;
#226 = LINE ( 'NONE', #1724, #320 ) ;
#227 = CARTESIAN_POINT ( 'NONE',  ( 19.19436494796985571, -9.291981409531135938, 18.01791828134364692 ) ) ;
#228 = VERTEX_POINT ( 'NONE', #954 ) ;
#229 = CARTESIAN_POINT ( 'NONE',  ( -15.50957470000000171, -8.536083331999986257, 11.79999999999998650 ) ) ;
#230 = EDGE_CURVE ( 'NONE', #1457, #1029, #1003, .T. ) ;
#231 = CARTESIAN_POINT ( 'NONE',  ( 37.90668845683607913, -8.132678129168267489, 1.071567575285881313 ) ) ;
#232 = ORIENTED_EDGE ( 'NONE', *, *, #770, .T. ) ;
#233 = PLANE ( 'NONE',  #1631 ) ;
#234 = VECTOR ( 'NONE', #1568, 39.37007874015748854 ) ;
#235 = EDGE_CURVE ( 'NONE', #469, #1069, #1444, .T. ) ;
#236 = LINE ( 'NONE', #398, #1431 ) ;
#237 = ORIENTED_EDGE ( 'NONE', *, *, #1736, .F. ) ;
#238 = DIRECTION ( 'NONE',  ( -3.050228123837485866E-16, -1.000000000000000000, 0.000000000000000000 ) ) ;
#239 = VECTOR ( 'NONE', #662, 39.37007874015748854 ) ;
#240 = VECTOR ( 'NONE', #2046, 39.37007874015748143 ) ;
#241 = CARTESIAN_POINT ( 'NONE',  ( 19.02206016336874583, -9.182189144739057340, 18.14989660561716178 ) ) ;
#242 = CARTESIAN_POINT ( 'NONE',  ( 17.76037123455534683, -9.449352806989431031, 19.59839160201372010 ) ) ;
#243 = VECTOR ( 'NONE', #2101, 39.37007874015748854 ) ;
#244 = VECTOR ( 'NONE', #1702, 39.37007874015748143 ) ;
#245 = ORIENTED_EDGE ( 'NONE', *, *, #1603, .T. ) ;
#246 = LINE ( 'NONE', #1583, #1433 ) ;
#247 = VERTEX_POINT ( 'NONE', #92 ) ;
#248 = DIRECTION ( 'NONE',  ( -0.9488720523415136165, -0.1060402193532424125, 0.2973168346473505363 ) ) ;
#249 = CARTESIAN_POINT ( 'NONE',  ( 17.13642529999999553, -6.130117789947774121, 22.24268232574310744 ) ) ;
#250 = FACE_OUTER_BOUND ( 'NONE', #1314, .T. ) ;
#251 = ORIENTED_EDGE ( 'NONE', *, *, #983, .F. ) ;
#252 = CARTESIAN_POINT ( 'NONE',  ( -16.65957470000000029, -4.355893024780288947, 8.282524328506799094 ) ) ;
#253 = EDGE_CURVE ( 'NONE', #1622, #145, #866, .T. ) ;
#254 = EDGE_CURVE ( 'NONE', #907, #1084, #879, .T. ) ;
#255 = DIRECTION ( 'NONE',  ( 0.000000000000000000, 0.5735764363510441610, 0.8191520442889930198 ) ) ;
#256 = CARTESIAN_POINT ( 'NONE',  ( 18.60134545715024856, -10.28985272197438050, 18.51917944613812850 ) ) ;
#257 = ORIENTED_EDGE ( 'NONE', *, *, #2133, .T. ) ;
#258 = CARTESIAN_POINT ( 'NONE',  ( 17.19736232454838287, 5.224697518790367923, 1.879995193161130507 ) ) ;
#259 = CARTESIAN_POINT ( 'NONE',  ( -16.65957470000000029, -1.650000000000020561, -1.650000000000013456 ) ) ;
#260 = ORIENTED_EDGE ( 'NONE', *, *, #1818, .T. ) ;
#261 = CARTESIAN_POINT ( 'NONE',  ( -16.73973901297683042, 5.548840450762718035, 2.252799399494928689 ) ) ;
#262 = DIRECTION ( 'NONE',  ( 0.9971589187987941472, -0.03246923831049224746, -0.06796939917018755828 ) ) ;
#263 = FACE_OUTER_BOUND ( 'NONE', #202, .T. ) ;
#264 = ORIENTED_EDGE ( 'NONE', *, *, #311, .F. ) ;
#265 = DIRECTION ( 'NONE',  ( -2.330584605230175468E-15, -0.5735764363510442720, 0.8191520442889930198 ) ) ;
#266 = ADVANCED_FACE ( 'NONE', ( #105 ), #305, .T. ) ;
#267 = CARTESIAN_POINT ( 'NONE',  ( -16.63949218721782231, -11.85372462078169065, 11.91723286191725961 ) ) ;
#268 = EDGE_CURVE ( 'NONE', #692, #681, #702, .T. ) ;
#269 = EDGE_LOOP ( 'NONE', ( #870, #1696, #1659, #169, #1365, #251, #1636 ) ) ;
#270 = LINE ( 'NONE', #94, #128 ) ;
#271 = DIRECTION ( 'NONE',  ( -1.000000000000000000, 0.000000000000000000, -0.000000000000000000 ) ) ;
#272 = VERTEX_POINT ( 'NONE', #1432 ) ;
#273 = LINE ( 'NONE', #1678, #915 ) ;
#274 = FACE_OUTER_BOUND ( 'NONE', #2323, .T. ) ;
#275 = DIRECTION ( 'NONE',  ( -0.9992259388286606203, -0.01816453062737671126, -0.03489373868001090923 ) ) ;
#276 = ORIENTED_EDGE ( 'NONE', *, *, #1150, .T. ) ;
#277 = DIRECTION ( 'NONE',  ( 0.000000000000000000, 0.7071067811865459074, -0.7071067811865490160 ) ) ;
#278 = AXIS2_PLACEMENT_3D ( 'NONE', #1520, #1334, #378 ) ;
#279 = CARTESIAN_POINT ( 'NONE',  ( -16.65957470000000029, 10.04711537089518103, 0.3508529999240677100 ) ) ;
#280 = EDGE_CURVE ( 'NONE', #1541, #1279, #2095, .T. ) ;
#281 = VECTOR ( 'NONE', #888, 39.37007874015748143 ) ;
#282 = ORIENTED_EDGE ( 'NONE', *, *, #537, .T. ) ;
#283 = AXIS2_PLACEMENT_3D ( 'NONE', #884, #1803, #271 ) ;
#284 = EDGE_CURVE ( 'NONE', #681, #606, #678, .T. ) ;
#285 = ADVANCED_FACE ( 'NONE', ( #1041, #1800 ), #2402, .F. ) ;
#286 = CARTESIAN_POINT ( 'NONE',  ( 17.13642529999999553, 0.000000000000000000, 22.24268232574310744 ) ) ;
#287 = VECTOR ( 'NONE', #1022, 39.37007874015748854 ) ;
#288 = DIRECTION ( 'NONE',  ( 1.000000000000000000, 0.000000000000000000, -0.000000000000000000 ) ) ;
#289 = ORIENTED_EDGE ( 'NONE', *, *, #2091, .F. ) ;
#290 = LINE ( 'NONE', #630, #476 ) ;
#291 = CARTESIAN_POINT ( 'NONE',  ( 10.31384078945086280, 14.91153719807240563, 22.00443242471224892 ) ) ;
#292 = LINE ( 'NONE', #1831, #281 ) ;
#293 = ORIENTED_EDGE ( 'NONE', *, *, #2200, .F. ) ;
#294 = CARTESIAN_POINT ( 'NONE',  ( 17.13642529999999553, 10.61323909680799460, 5.644209245669372876 ) ) ;
#295 = CARTESIAN_POINT ( 'NONE',  ( 17.13642529999999553, -10.61726301749720136, 17.84056074228255540 ) ) ;
#296 = ORIENTED_EDGE ( 'NONE', *, *, #676, .F. ) ;
#297 = CARTESIAN_POINT ( 'NONE',  ( -5.682529568170523682, -6.623635433810143525, -9.612836225689644465 ) ) ;
#298 = LINE ( 'NONE', #656, #436 ) ;
#299 = ORIENTED_EDGE ( 'NONE', *, *, #1646, .F. ) ;
#300 = CARTESIAN_POINT ( 'NONE',  ( 33.85504292931359061, -12.39367858612522433, 15.23528210858402154 ) ) ;
#301 = FACE_OUTER_BOUND ( 'NONE', #2083, .T. ) ;
#302 = CARTESIAN_POINT ( 'NONE',  ( -16.65957470000000029, -14.53986329357081075, 10.18092188269689125 ) ) ;
#303 = ORIENTED_EDGE ( 'NONE', *, *, #1588, .F. ) ;
#304 = CARTESIAN_POINT ( 'NONE',  ( 40.35642529999999084, 11.20262413551593816, 15.15145032731811803 ) ) ;
#305 = PLANE ( 'NONE',  #394 ) ;
#306 = ORIENTED_EDGE ( 'NONE', *, *, #535, .T. ) ;
#307 = FACE_OUTER_BOUND ( 'NONE', #997, .T. ) ;
#308 = EDGE_LOOP ( 'NONE', ( #1124, #395, #947, #2399 ) ) ;
#309 = CARTESIAN_POINT ( 'NONE',  ( 17.13642529999999553, -9.961715388534848614, 18.77677978191010055 ) ) ;
#310 = CARTESIAN_POINT ( 'NONE',  ( -16.65957470000000029, -4.353058419861323358, 15.82017383253218412 ) ) ;
#311 = EDGE_CURVE ( 'NONE', #1069, #1263, #1607, .T. ) ;
#312 = DIRECTION ( 'NONE',  ( 0.000000000000000000, -0.5735764363510441610, -0.8191520442889930198 ) ) ;
#313 = ORIENTED_EDGE ( 'NONE', *, *, #21, .T. ) ;
#314 = PLANE ( 'NONE',  #1 ) ;
#315 =( CONVERSION_BASED_UNIT ( 'INCH', #1997 ) LENGTH_UNIT ( ) NAMED_UNIT ( #971 ) );
#316 = ADVANCED_FACE ( 'NONE', ( #1416 ), #2180, .T. ) ;
#317 = CARTESIAN_POINT ( 'NONE',  ( -11.05382334466281335, -7.362716572484774957, 29.65677163826623897 ) ) ;
#318 = VECTOR ( 'NONE', #1186, 39.37007874015748143 ) ;
#319 = ORIENTED_EDGE ( 'NONE', *, *, #583, .F. ) ;
#320 = VECTOR ( 'NONE', #1542, 39.37007874015748143 ) ;
#321 = DIRECTION ( 'NONE',  ( -1.552477528689913240E-15, -1.000000000000000000, 1.103028353852488021E-32 ) ) ;
#322 = AXIS2_PLACEMENT_3D ( 'NONE', #1408, #1825, #830 ) ;
#323 = ORIENTED_EDGE ( 'NONE', *, *, #1523, .F. ) ;
#324 = LINE ( 'NONE', #2418, #1791 ) ;
#325 = VECTOR ( 'NONE', #1892, 39.37007874015748854 ) ;
#326 = CARTESIAN_POINT ( 'NONE',  ( 17.13642529999999553, -12.46133856292459008, 16.26118847723761007 ) ) ;
#327 = DIRECTION ( 'NONE',  ( 0.000000000000000000, -0.3298750886475278477, -0.9440245896637361467 ) ) ;
#328 = VERTEX_POINT ( 'NONE', #295 ) ;
#329 = CARTESIAN_POINT ( 'NONE',  ( 22.54450993677859927, -11.20916205913155927, 16.50326981382367464 ) ) ;
#330 = CARTESIAN_POINT ( 'NONE',  ( 24.57945781658351336, 10.27395256137927682, 16.04022814524137885 ) ) ;
#331 = EDGE_CURVE ( 'NONE', #2252, #1094, #1858, .T. ) ;
#332 = LINE ( 'NONE', #2439, #795 ) ;
#333 = VERTEX_POINT ( 'NONE', #2048 ) ;
#334 = LINE ( 'NONE', #2060, #396 ) ;
#335 = ORIENTED_EDGE ( 'NONE', *, *, #2295, .T. ) ;
#336 = DIRECTION ( 'NONE',  ( -0.9993900848364122291, -0.03492074355835943916, -9.929166034938053320E-17 ) ) ;
#337 = DIRECTION ( 'NONE',  ( -0.000000000000000000, -0.5735764363510441610, 0.8191520442889930198 ) ) ;
#338 = ORIENTED_EDGE ( 'NONE', *, *, #1013, .T. ) ;
#339 = CARTESIAN_POINT ( 'NONE',  ( 17.19174964843098863, -9.674468272989383166, 17.18318468109832509 ) ) ;
#340 = CARTESIAN_POINT ( 'NONE',  ( 33.85504292931400272, 12.39367858612526696, 15.23528210858401089 ) ) ;
#341 = EDGE_CURVE ( 'NONE', #1555, #1966, #913, .T. ) ;
#342 = EDGE_CURVE ( 'NONE', #944, #1270, #179, .T. ) ;
#343 = LINE ( 'NONE', #1860, #79 ) ;
#344 = LINE ( 'NONE', #1482, #1868 ) ;
#345 = ORIENTED_EDGE ( 'NONE', *, *, #465, .F. ) ;
#346 = CARTESIAN_POINT ( 'NONE',  ( -16.60543814358552694, 8.497791611010322654, 11.79999999999995097 ) ) ;
#347 = FACE_OUTER_BOUND ( 'NONE', #1840, .T. ) ;
#348 = ORIENTED_EDGE ( 'NONE', *, *, #428, .F. ) ;
#349 = DIRECTION ( 'NONE',  ( 0.000000000000000000, 0.5735764363510441610, 0.8191520442889930198 ) ) ;
#350 = CARTESIAN_POINT ( 'NONE',  ( -15.50957469999999994, -0.8647281566409379394, -0.8647281566409337206 ) ) ;
#351 = ORIENTED_EDGE ( 'NONE', *, *, #815, .F. ) ;
#352 = EDGE_CURVE ( 'NONE', #595, #489, #204, .T. ) ;
#353 = VECTOR ( 'NONE', #55, 39.37007874015748854 ) ;
#354 = DIRECTION ( 'NONE',  ( 0.000000000000000000, -0.9717396447607642429, -0.2360552113388386386 ) ) ;
#355 = ORIENTED_EDGE ( 'NONE', *, *, #1680, .F. ) ;
#356 = CARTESIAN_POINT ( 'NONE',  ( -15.50957469999999994, -4.239497247624045784, 15.91234111508449089 ) ) ;
#357 = AXIS2_PLACEMENT_3D ( 'NONE', #1064, #649, #472 ) ;
#358 = ADVANCED_FACE ( 'NONE', ( #190 ), #152, .T. ) ;
#359 = EDGE_CURVE ( 'NONE', #1654, #1962, #2448, .T. ) ;
#360 = CARTESIAN_POINT ( 'NONE',  ( 18.23272997167346077, 8.564492633595740756, 18.91835207952561859 ) ) ;
#361 = AXIS2_PLACEMENT_3D ( 'NONE', #1284, #1869, #1857 ) ;
#362 = DIRECTION ( 'NONE',  ( 0.9949571670058384720, -0.1003006919069383135, 8.382544588844113734E-05 ) ) ;
#363 = EDGE_LOOP ( 'NONE', ( #1752, #720, #2031, #1176 ) ) ;
#364 = AXIS2_PLACEMENT_3D ( 'NONE', #1718, #1156, #2318 ) ;
#365 = CARTESIAN_POINT ( 'NONE',  ( 17.13642529999999553, 7.534864300642477808, 22.24268232574310034 ) ) ;
#366 = VECTOR ( 'NONE', #2326, 39.37007874015748143 ) ;
#367 = LINE ( 'NONE', #1294, #475 ) ;
#368 = DIRECTION ( 'NONE',  ( -0.08234565470292448675, -0.8163700643541040858, 0.5716284730294867167 ) ) ;
#369 = ORIENTED_EDGE ( 'NONE', *, *, #1805, .F. ) ;
#370 = CARTESIAN_POINT ( 'NONE',  ( -16.83632169565931136, 9.443895424562414931, 17.44795743763106088 ) ) ;
#371 = LINE ( 'NONE', #1914, #1949 ) ;
#372 = EDGE_CURVE ( 'NONE', #1292, #1695, #2235, .T. ) ;
#373 = CARTESIAN_POINT ( 'NONE',  ( 25.92848086463856916, -10.41767346260173355, 15.81906482146064086 ) ) ;
#374 = ORIENTED_EDGE ( 'NONE', *, *, #1698, .T. ) ;
#375 = EDGE_CURVE ( 'NONE', #2129, #1787, #766, .T. ) ;
#376 = FACE_OUTER_BOUND ( 'NONE', #2317, .T. ) ;
#377 = ORIENTED_EDGE ( 'NONE', *, *, #812, .F. ) ;
#378 = DIRECTION ( 'NONE',  ( 0.000000000000000000, -0.3359307608846714421, 0.9418866831479494328 ) ) ;
#379 = VERTEX_POINT ( 'NONE', #1305 ) ;
#380 = ORIENTED_EDGE ( 'NONE', *, *, #2105, .T. ) ;
#381 = CARTESIAN_POINT ( 'NONE',  ( 17.43643596281841113, -8.904611905865539967, 20.32969790006916355 ) ) ;
#382 = CARTESIAN_POINT ( 'NONE',  ( 17.13642529999999553, -10.82820404677937809, 11.79999999999996518 ) ) ;
#383 = VERTEX_POINT ( 'NONE', #748 ) ;
#384 = EDGE_CURVE ( 'NONE', #2423, #1111, #1693, .T. ) ;
#385 = LINE ( 'NONE', #1705, #243 ) ;
#386 = DIRECTION ( 'NONE',  ( 0.1210582060863026888, -0.7079766041525179521, 0.6957830399713943459 ) ) ;
#387 = ORIENTED_EDGE ( 'NONE', *, *, #2182, .F. ) ;
#388 = FACE_OUTER_BOUND ( 'NONE', #953, .T. ) ;
#389 = ADVANCED_FACE ( 'NONE', ( #1697 ), #2069, .F. ) ;
#390 = DIRECTION ( 'NONE',  ( -0.000000000000000000, -1.000000000000000000, -0.000000000000000000 ) ) ;
#391 = ORIENTED_EDGE ( 'NONE', *, *, #1344, .T. ) ;
#392 = CARTESIAN_POINT ( 'NONE',  ( 8.279145985001095553, -8.463866325593748741, 20.37667659513939711 ) ) ;
#393 = CARTESIAN_POINT ( 'NONE',  ( 10.31384078945086813, -7.410839252368903729, 22.00443242471224892 ) ) ;
#394 = AXIS2_PLACEMENT_3D ( 'NONE', #2196, #491, #891 ) ;
#395 = ORIENTED_EDGE ( 'NONE', *, *, #523, .F. ) ;
#396 = VECTOR ( 'NONE', #2223, 39.37007874015748854 ) ;
#397 = DIRECTION ( 'NONE',  ( -0.07104322844294087835, -0.7053200903463646698, -0.7053200903463618943 ) ) ;
#398 = CARTESIAN_POINT ( 'NONE',  ( -11.25596174450586417, 7.352344700220786677, 29.37023432293659653 ) ) ;
#399 = VERTEX_POINT ( 'NONE', #728 ) ;
#400 = AXIS2_PLACEMENT_3D ( 'NONE', #593, #2135, #1935 ) ;
#401 = CARTESIAN_POINT ( 'NONE',  ( -16.66057470000000151, -4.900716284520176380, 7.244569152799041234 ) ) ;
#402 = AXIS2_PLACEMENT_3D ( 'NONE', #1360, #968, #1925 ) ;
#403 = ADVANCED_FACE ( 'NONE', ( #926 ), #2458, .T. ) ;
#404 = CARTESIAN_POINT ( 'NONE',  ( 18.35403256501660252, -8.693719476076719133, 18.75127120662874347 ) ) ;
#405 = CARTESIAN_POINT ( 'NONE',  ( 18.12002673739046088, 9.868083888414833638, 19.05219163687352335 ) ) ;
#406 = CARTESIAN_POINT ( 'NONE',  ( 33.14110231685502583, -11.16435928845543124, 15.25873776293143536 ) ) ;
#407 = ORIENTED_EDGE ( 'NONE', *, *, #1134, .F. ) ;
#408 = CARTESIAN_POINT ( 'NONE',  ( -16.52426450012283254, -8.320476305572451992, 6.641130880148678806 ) ) ;
#409 = CARTESIAN_POINT ( 'NONE',  ( -15.50957469999999994, -6.342388647377306121, 19.95195790897186328 ) ) ;
#410 = ORIENTED_EDGE ( 'NONE', *, *, #782, .F. ) ;
#411 = LINE ( 'NONE', #434, #2266 ) ;
#412 = CARTESIAN_POINT ( 'NONE',  ( 17.27545570674706710, -7.082788309651894210, 20.89654548935220291 ) ) ;
#413 = EDGE_CURVE ( 'NONE', #1052, #379, #1479, .T. ) ;
#414 = ORIENTED_EDGE ( 'NONE', *, *, #2005, .T. ) ;
#415 = EDGE_CURVE ( 'NONE', #1362, #895, #2244, .T. ) ;
#416 = DIRECTION ( 'NONE',  ( 0.9949571670058384720, 0.1003006919069382996, 8.382544588843983630E-05 ) ) ;
#417 = DIRECTION ( 'NONE',  ( -0.9993304072200711596, 0.03489324922004657936, 0.01100901286376316374 ) ) ;
#418 = ORIENTED_EDGE ( 'NONE', *, *, #937, .F. ) ;
#419 = DIRECTION ( 'NONE',  ( -0.03489949670250101083, -0.9987820251299125429, -0.03487823687205115347 ) ) ;
#420 = FACE_OUTER_BOUND ( 'NONE', #745, .T. ) ;
#421 = ORIENTED_EDGE ( 'NONE', *, *, #538, .T. ) ;
#422 = DIRECTION ( 'NONE',  ( -3.050228123837485866E-16, -1.000000000000000000, 0.000000000000000000 ) ) ;
#423 = CARTESIAN_POINT ( 'NONE',  ( 35.54569790100099880, 11.18801082544004366, 15.19242330079914716 ) ) ;
#424 = DIRECTION ( 'NONE',  ( 0.000000000000000000, -0.9440245896637363687, 0.3298750886475279032 ) ) ;
#425 = LINE ( 'NONE', #467, #1753 ) ;
#426 = CARTESIAN_POINT ( 'NONE',  ( 20.08007022706712874, 9.770717873742174930, 17.46180158664721205 ) ) ;
#427 = ORIENTED_EDGE ( 'NONE', *, *, #1956, .T. ) ;
#428 = EDGE_CURVE ( 'NONE', #1320, #2277, #2271, .T. ) ;
#429 = EDGE_CURVE ( 'NONE', #2467, #2129, #367, .T. ) ;
#430 = LINE ( 'NONE', #1517, #1872 ) ;
#431 = VECTOR ( 'NONE', #623, 39.37007874015748854 ) ;
#432 = LINE ( 'NONE', #598, #603 ) ;
#433 = ORIENTED_EDGE ( 'NONE', *, *, #21, .F. ) ;
#434 = CARTESIAN_POINT ( 'NONE',  ( 17.20387935514346722, 9.675289253702626269, 17.18375953798246414 ) ) ;
#435 = VECTOR ( 'NONE', #1197, 39.37007874015748143 ) ;
#436 = VECTOR ( 'NONE', #1243, 39.37007874015748854 ) ;
#437 = CARTESIAN_POINT ( 'NONE',  ( 17.13642529999999553, -6.130117789947774121, 22.24268232574310744 ) ) ;
#438 = LINE ( 'NONE', #814, #117 ) ;
#439 = VECTOR ( 'NONE', #945, 39.37007874015748854 ) ;
#440 = AXIS2_PLACEMENT_3D ( 'NONE', #655, #1986, #642 ) ;
#441 = ORIENTED_EDGE ( 'NONE', *, *, #1013, .F. ) ;
#442 = DIRECTION ( 'NONE',  ( 0.000000000000000000, -0.000000000000000000, -1.000000000000000000 ) ) ;
#443 = PLANE ( 'NONE',  #1673 ) ;
#444 = ORIENTED_EDGE ( 'NONE', *, *, #571, .T. ) ;
#445 = CARTESIAN_POINT ( 'NONE',  ( 39.11053533771198687, 12.01995566242131908, 7.990687472360625598 ) ) ;
#446 = PLANE ( 'NONE',  #1237 ) ;
#447 = ADVANCED_FACE ( 'NONE', ( #388 ), #948, .F. ) ;
#448 = LINE ( 'NONE', #1364, #2110 ) ;
#449 = ORIENTED_EDGE ( 'NONE', *, *, #966, .T. ) ;
#450 = DIRECTION ( 'NONE',  ( 0.000000000000000000, 0.7071067811865461294, 0.7071067811865489050 ) ) ;
#451 = ADVANCED_FACE ( 'NONE', ( #1148 ), #999, .T. ) ;
#452 = CARTESIAN_POINT ( 'NONE',  ( 17.13642529999999553, -7.534864300642476032, 22.24268232574310034 ) ) ;
#453 = ORIENTED_EDGE ( 'NONE', *, *, #676, .T. ) ;
#454 = CARTESIAN_POINT ( 'NONE',  ( 17.13642529999999908, 7.683328228443953911, 22.03065386318032992 ) ) ;
#455 = DIRECTION ( 'NONE',  ( 0.000000000000000000, 0.7071067811865459074, -0.7071067811865490160 ) ) ;
#456 = VERTEX_POINT ( 'NONE', #1012 ) ;
#457 = CARTESIAN_POINT ( 'NONE',  ( -16.65957470000000029, 1.650000000000020561, -1.650000000000013456 ) ) ;
#458 = CARTESIAN_POINT ( 'NONE',  ( 17.13642529999999553, -6.354509249667358084, 21.92221810981462582 ) ) ;
#459 = DIRECTION ( 'NONE',  ( 1.000000000000000000, 0.000000000000000000, 0.000000000000000000 ) ) ;
#460 = ORIENTED_EDGE ( 'NONE', *, *, #1344, .F. ) ;
#461 = DIRECTION ( 'NONE',  ( 0.000000000000000000, -1.000000000000000000, -5.421370992049868542E-17 ) ) ;
#462 = ADVANCED_FACE ( 'NONE', ( #19 ), #2104, .T. ) ;
#463 = B_SPLINE_CURVE_WITH_KNOTS ( 'NONE', 3,
 ( #592, #990, #758, #568, #1338, #2098, #2112, #1130, #210, #1514, #405, #805, #979, #1735, #1888, #2262, #2279, #829, #1609, #1561, #1789, #2351, #107, #627, #81, #1018, #454, #855 ),
 .UNSPECIFIED., .F., .F.,
 ( 4, 2, 2, 2, 2, 2, 2, 2, 2, 2, 2, 2, 2, 4 ),
 ( 0.05711099520574323962, 0.06199124399493995824, 0.06687149278413667686, 0.07663199036253028062, 0.09615298551931766857, 0.1156739806761050565, 0.1205542294653018931, 0.1254344782544987158, 0.1351949758328923612, 0.1742369661464671093, 0.1791172149356638488, 0.1839974637248605882, 0.1937579613032542891, 0.2132789564600415244 ),
 .UNSPECIFIED. ) ;
#464 = CARTESIAN_POINT ( 'NONE',  ( 20.57986231034133695, 9.829924698731815624, 17.20917866316894163 ) ) ;
#465 = EDGE_CURVE ( 'NONE', #456, #2129, #1343, .T. ) ;
#466 = ORIENTED_EDGE ( 'NONE', *, *, #1295, .T. ) ;
#467 = CARTESIAN_POINT ( 'NONE',  ( -16.65957470000000029, 4.355893024780289835, 8.282524328506799094 ) ) ;
#468 = CARTESIAN_POINT ( 'NONE',  ( -15.50957470000000171, 8.351614874281912293, 17.08248547792405603 ) ) ;
#469 = VERTEX_POINT ( 'NONE', #1579 ) ;
#470 = DIRECTION ( 'NONE',  ( -0.000000000000000000, -1.000000000000000000, -0.000000000000000000 ) ) ;
#471 = CARTESIAN_POINT ( 'NONE',  ( -16.65957470000000029, 9.223988980714510788, -0.3221087929899139612 ) ) ;
#472 = DIRECTION ( 'NONE',  ( 0.000000000000000000, 0.3359307608846725524, 0.9418866831479489887 ) ) ;
#473 = EDGE_LOOP ( 'NONE', ( #1804, #1765, #466, #1586 ) ) ;
#474 = CARTESIAN_POINT ( 'NONE',  ( 37.57079696071927799, -12.80892885256593416, 14.07099844755777873 ) ) ;
#475 = VECTOR ( 'NONE', #2285, 39.37007874015748854 ) ;
#476 = VECTOR ( 'NONE', #248, 39.37007874015748143 ) ;
#477 = CARTESIAN_POINT ( 'NONE',  ( -16.65957470000000029, 4.353058419861325135, 15.82017383253217702 ) ) ;
#478 = VECTOR ( 'NONE', #386, 39.37007874015748854 ) ;
#479 = EDGE_CURVE ( 'NONE', #1055, #1320, #1955, .T. ) ;
#480 = ORIENTED_EDGE ( 'NONE', *, *, #132, .F. ) ;
#481 = VECTOR ( 'NONE', #1530, 39.37007874015748143 ) ;
#482 = DIRECTION ( 'NONE',  ( -6.135754871689836567E-15, 0.7071067811865457964, 0.7071067811865493491 ) ) ;
#483 = AXIS2_PLACEMENT_3D ( 'NONE', #56, #2338, #442 ) ;
#484 = DIRECTION ( 'NONE',  ( -0.03489949670250101776, -0.7066760308408360780, -0.7066760308408329694 ) ) ;
#485 = ORIENTED_EDGE ( 'NONE', *, *, #1848, .T. ) ;
#486 = CARTESIAN_POINT ( 'NONE',  ( 17.13642529999999553, -2.484514925569484500, -2.484514925569473842 ) ) ;
#487 = CARTESIAN_POINT ( 'NONE',  ( 17.20387935514345656, -6.802987922390869358, 21.28583095905808875 ) ) ;
#488 = DIRECTION ( 'NONE',  ( -0.03489949670250101083, 0.9993907563517935300, -0.0003758304166849604192 ) ) ;
#489 = VERTEX_POINT ( 'NONE', #52 ) ;
#490 = CARTESIAN_POINT ( 'NONE',  ( -16.65957470000000029, 0.000000000000000000, 0.000000000000000000 ) ) ;
#491 = DIRECTION ( 'NONE',  ( -0.1002431020034338927, -0.9943568698760766322, 0.03472370704548224246 ) ) ;
#492 = VERTEX_POINT ( 'NONE', #622 ) ;
#493 = FACE_OUTER_BOUND ( 'NONE', #473, .T. ) ;
#494 = ORIENTED_EDGE ( 'NONE', *, *, #415, .F. ) ;
#495 = CARTESIAN_POINT ( 'NONE',  ( 33.85504292931359061, -12.39367858612522433, 15.23528210858402154 ) ) ;
#496 = EDGE_CURVE ( 'NONE', #761, #911, #2309, .T. ) ;
#497 = DIRECTION ( 'NONE',  ( -0.7808688120615044914, 0.000000000000000000, -0.6246950442813313797 ) ) ;
#498 = DIRECTION ( 'NONE',  ( 0.000000000000000000, 0.2360552113388397211, 0.9717396447607640209 ) ) ;
#499 = ORIENTED_EDGE ( 'NONE', *, *, #1404, .F. ) ;
#500 = CARTESIAN_POINT ( 'NONE',  ( 19.57774689051207773, -10.86642579127103936, 17.75326975706220622 ) ) ;
#501 = DIRECTION ( 'NONE',  ( 0.000000000000000000, 0.03489949670250510477, -0.9993908270190955401 ) ) ;
#502 = ORIENTED_EDGE ( 'NONE', *, *, #191, .F. ) ;
#503 = CARTESIAN_POINT ( 'NONE',  ( -16.65957517244094532, -12.93659963729631635, 11.50323049536290121 ) ) ;
#504 = ORIENTED_EDGE ( 'NONE', *, *, #359, .T. ) ;
#505 = LINE ( 'NONE', #2260, #1155 ) ;
#506 = LINE ( 'NONE', #1664, #164 ) ;
#507 = EDGE_CURVE ( 'NONE', #742, #1322, #226, .T. ) ;
#508 = PLANE ( 'NONE',  #1988 ) ;
#509 = ORIENTED_EDGE ( 'NONE', *, *, #230, .F. ) ;
#510 = DIRECTION ( 'NONE',  ( -0.1002373098269233875, -0.9943574530687379065, -0.03472372741101036747 ) ) ;
#511 = CARTESIAN_POINT ( 'NONE',  ( -0.2322966409086393846, 4.703748869914567088, 2.219817674256892470 ) ) ;
#512 = AXIS2_PLACEMENT_3D ( 'NONE', #2158, #424, #841 ) ;
#513 = AXIS2_PLACEMENT_3D ( 'NONE', #987, #2298, #1376 ) ;
#514 = DIRECTION ( 'NONE',  ( -0.03489949670250101083, 0.8186530389963597720, 0.5732270290835358439 ) ) ;
#515 = VECTOR ( 'NONE', #1950, 39.37007874015748143 ) ;
#516 = ORIENTED_EDGE ( 'NONE', *, *, #1331, .F. ) ;
#517 = CARTESIAN_POINT ( 'NONE',  ( 17.21421571266566986, -9.680914174378129289, 11.76007104411342574 ) ) ;
#518 = ORIENTED_EDGE ( 'NONE', *, *, #705, .T. ) ;
#519 = VECTOR ( 'NONE', #416, 39.37007874015748854 ) ;
#520 = CARTESIAN_POINT ( 'NONE',  ( -5.200641096457208512, 7.832374705468822640, -9.508708592537319149 ) ) ;
#521 = CARTESIAN_POINT ( 'NONE',  ( 22.94456922423461265, -10.09670143932359565, 16.39631244712844094 ) ) ;
#522 = VERTEX_POINT ( 'NONE', #1556 ) ;
#523 = EDGE_CURVE ( 'NONE', #836, #522, #39, .T. ) ;
#524 = CARTESIAN_POINT ( 'NONE',  ( 29.54579915676417201, 11.95192558573300801, 15.44517236222239731 ) ) ;
#525 = CARTESIAN_POINT ( 'NONE',  ( 39.27237459426810773, 12.42357780284722679, 15.15145032731811803 ) ) ;
#526 = ADVANCED_FACE ( 'NONE', ( #1208 ), #800, .T. ) ;
#527 = LINE ( 'NONE', #168, #2187 ) ;
#528 = ORIENTED_EDGE ( 'NONE', *, *, #1635, .F. ) ;
#529 = DIRECTION ( 'NONE',  ( 0.9949571670058384720, -0.1003006919069382996, 8.382544588872628251E-05 ) ) ;
#530 = EDGE_LOOP ( 'NONE', ( #1065, #1283, #264, #977, #2336 ) ) ;
#531 = DIRECTION ( 'NONE',  ( -0.000000000000000000, 0.7071067811865459074, 0.7071067811865490160 ) ) ;
#532 = CARTESIAN_POINT ( 'NONE',  ( 38.20071843711919968, -9.629613728402347306, 2.761507316985591043 ) ) ;
#533 = ORIENTED_EDGE ( 'NONE', *, *, #2405, .T. ) ;
#534 = CARTESIAN_POINT ( 'NONE',  ( -15.50957469999999994, 8.937249792103054702, 0.3120956398802375853 ) ) ;
#535 = EDGE_CURVE ( 'NONE', #681, #1642, #975, .T. ) ;
#536 = DIRECTION ( 'NONE',  ( 0.000000000000000000, -1.000000000000000000, 0.000000000000000000 ) ) ;
#537 = EDGE_CURVE ( 'NONE', #618, #1695, #2130, .T. ) ;
#538 = EDGE_CURVE ( 'NONE', #1325, #2367, #1942, .T. ) ;
#539 = PLANE ( 'NONE',  #1547 ) ;
#540 = ORIENTED_EDGE ( 'NONE', *, *, #1684, .F. ) ;
#541 = DIRECTION ( 'NONE',  ( 0.000000000000000000, -0.5735764363510441610, 0.8191520442889930198 ) ) ;
#542 = ORIENTED_EDGE ( 'NONE', *, *, #1092, .T. ) ;
#543 = FACE_OUTER_BOUND ( 'NONE', #2039, .T. ) ;
#544 = CARTESIAN_POINT ( 'NONE',  ( -16.65957470000000029, 4.260402639897955979, 15.95250000000000057 ) ) ;
#545 = ORIENTED_EDGE ( 'NONE', *, *, #2149, .T. ) ;
#546 = CARTESIAN_POINT ( 'NONE',  ( 23.44889193264007687, 11.30837477219955467, 16.27302981823441996 ) ) ;
#547 = DIRECTION ( 'NONE',  ( 0.000000000000000000, 0.7071067811865421326, -0.7071067811865529018 ) ) ;
#548 = ADVANCED_FACE ( 'NONE', ( #1757 ), #811, .T. ) ;
#549 = VECTOR ( 'NONE', #1899, 39.37007874015748854 ) ;
#550 = DIRECTION ( 'NONE',  ( 0.000000000000000000, -0.5735764363510441610, -0.8191520442889930198 ) ) ;
#551 = VERTEX_POINT ( 'NONE', #789 ) ;
#552 = DIRECTION ( 'NONE',  ( 0.1617202194053004582, 0.3315087861676206948, 0.9294882975751614929 ) ) ;
#553 = VECTOR ( 'NONE', #2373, 39.37007874015748143 ) ;
#554 = ORIENTED_EDGE ( 'NONE', *, *, #2311, .T. ) ;
#555 = DIRECTION ( 'NONE',  ( 0.9949571670058384720, 0.1003006919069382719, 8.382544588868402573E-05 ) ) ;
#556 = CARTESIAN_POINT ( 'NONE',  ( 40.00110505332693123, 11.93099183195193014, 13.10924427300641071 ) ) ;
#557 = ORIENTED_EDGE ( 'NONE', *, *, #1698, .F. ) ;
#558 = VECTOR ( 'NONE', #775, 39.37007874015748143 ) ;
#559 = DIRECTION ( 'NONE',  ( -0.9992964041483339832, -0.03439521383019556594, 0.01495546461279635177 ) ) ;
#560 = VECTOR ( 'NONE', #1407, 39.37007874015748143 ) ;
#561 = ORIENTED_EDGE ( 'NONE', *, *, #2218, .T. ) ;
#562 = CARTESIAN_POINT ( 'NONE',  ( -16.16681598950226473, 2.981002738083502024, 24.71250000000000213 ) ) ;
#563 = LINE ( 'NONE', #669, #594 ) ;
#564 = DIRECTION ( 'NONE',  ( 0.000000000000000000, -0.03489949670249775648, -0.9993908270190957621 ) ) ;
#565 = VERTEX_POINT ( 'NONE', #1356 ) ;
#566 = ADVANCED_FACE ( 'NONE', ( #2118 ), #2332, .T. ) ;
#567 = CARTESIAN_POINT ( 'NONE',  ( 18.80841244866414286, -10.44533866293098257, 18.32695144171599466 ) ) ;
#568 = CARTESIAN_POINT ( 'NONE',  ( 19.25562058278187294, 10.73814553776771419, 17.97320223186696708 ) ) ;
#569 = FACE_OUTER_BOUND ( 'NONE', #118, .T. ) ;
#570 = VERTEX_POINT ( 'NONE', #1743 ) ;
#571 = EDGE_CURVE ( 'NONE', #1882, #1923, #411, .T. ) ;
#572 = DIMENSIONAL_EXPONENTS ( 1.000000000000000000, 0.000000000000000000, 0.000000000000000000, 0.000000000000000000, 0.000000000000000000, 0.000000000000000000, 0.000000000000000000 ) ;
#573 = LINE ( 'NONE', #408, #2272 ) ;
#574 = DIRECTION ( 'NONE',  ( -0.1620776619278826436, -0.3255134819336769070, -0.9315427014278006013 ) ) ;
#575 = ORIENTED_EDGE ( 'NONE', *, *, #2446, .T. ) ;
#576 = DIRECTION ( 'NONE',  ( -0.1002373098269233875, -0.9943574530687379065, -0.03472372741101036747 ) ) ;
#577 = LINE ( 'NONE', #192, #2466 ) ;
#578 = EDGE_LOOP ( 'NONE', ( #433, #756, #1453, #1645 ) ) ;
#579 = CARTESIAN_POINT ( 'NONE',  ( -16.66057470000000151, 4.514538163254539604, 7.244569152799043010 ) ) ;
#580 = CARTESIAN_POINT ( 'NONE',  ( -15.50957469999999994, 0.8647281566409371623, -0.8647281566409330544 ) ) ;
#581 = DIRECTION ( 'NONE',  ( -0.9992259388286606203, 0.01816453062737671126, -0.03489373868001090923 ) ) ;
#582 = VERTEX_POINT ( 'NONE', #1174 ) ;
#583 = EDGE_CURVE ( 'NONE', #1862, #399, #588, .T. ) ;
#584 = CARTESIAN_POINT ( 'NONE',  ( 17.09705214552262476, -6.034878354894930297, 1.069814357056572129 ) ) ;
#585 = ADVANCED_FACE ( 'NONE', ( #1164 ), #1996, .F. ) ;
#586 = DIRECTION ( 'NONE',  ( 0.000000000000000000, 0.000000000000000000, -1.000000000000000000 ) ) ;
#587 = VERTEX_POINT ( 'NONE', #837 ) ;
#588 = LINE ( 'NONE', #401, #435 ) ;
#589 = CARTESIAN_POINT ( 'NONE',  ( 36.14694653673299740, 11.19180132853352028, 15.18179544291328043 ) ) ;
#590 = ORIENTED_EDGE ( 'NONE', *, *, #1357, .T. ) ;
#591 = VECTOR ( 'NONE', #536, 39.37007874015748143 ) ;
#592 = CARTESIAN_POINT ( 'NONE',  ( 19.44691944166542541, 10.85018174881642850, 17.84075540212126043 ) ) ;
#593 = CARTESIAN_POINT ( 'NONE',  ( -16.66057470000000151, 4.514538163254539604, 7.244569152799043010 ) ) ;
#594 = VECTOR ( 'NONE', #1421, 39.37007874015748854 ) ;
#595 = VERTEX_POINT ( 'NONE', #90 ) ;
#596 = VECTOR ( 'NONE', #1806, 39.37007874015748143 ) ;
#597 = DIRECTION ( 'NONE',  ( 0.1210582060863020365, -0.7079766041525220599, 0.6957830399713904601 ) ) ;
#598 = CARTESIAN_POINT ( 'NONE',  ( 17.13642529999999553, 14.91153719807240563, 24.71250000000000213 ) ) ;
#599 = EDGE_LOOP ( 'NONE', ( #1742, #1138, #1535, #369 ) ) ;
#600 = VECTOR ( 'NONE', #321, 39.37007874015748143 ) ;
#601 = CARTESIAN_POINT ( 'NONE',  ( 37.90638399428492988, -1.156231185323510318E-14, 1.069817674256892559 ) ) ;
#602 = EDGE_CURVE ( 'NONE', #1325, #2114, #1629, .T. ) ;
#603 = VECTOR ( 'NONE', #2116, 39.37007874015748143 ) ;
#604 = CARTESIAN_POINT ( 'NONE',  ( 17.09705214552262476, -10.61329384699660316, 17.84055742508223474 ) ) ;
#605 = EDGE_CURVE ( 'NONE', #1913, #145, #1233, .T. ) ;
#606 = VERTEX_POINT ( 'NONE', #1643 ) ;
#607 = CARTESIAN_POINT ( 'NONE',  ( 38.42306964307586270, 9.940057367045016079, 4.039472710851946147 ) ) ;
#608 = SURFACE_STYLE_FILL_AREA ( #1350 ) ;
#609 = VERTEX_POINT ( 'NONE', #294 ) ;
#610 = FACE_OUTER_BOUND ( 'NONE', #1682, .T. ) ;
#611 = CARTESIAN_POINT ( 'NONE',  ( -0.3821326652403339019, 3.793828798026569693, 2.219817674256892470 ) ) ;
#612 = ORIENTED_EDGE ( 'NONE', *, *, #801, .T. ) ;
#613 = CARTESIAN_POINT ( 'NONE',  ( -16.65957470000000029, 4.355893024780289835, 8.282524328506799094 ) ) ;
#614 = EDGE_CURVE ( 'NONE', #1792, #1959, #1066, .T. ) ;
#615 = CARTESIAN_POINT ( 'NONE',  ( 19.06447865185392487, -9.209851567642587611, 18.11650114569726000 ) ) ;
#616 = ADVANCED_FACE ( 'NONE', ( #2412 ), #1053, .T. ) ;
#617 = FACE_OUTER_BOUND ( 'NONE', #657, .T. ) ;
#618 = VERTEX_POINT ( 'NONE', #1428 ) ;
#619 = DIRECTION ( 'NONE',  ( -0.1667056002818076144, 0.2327520235877492405, -0.9581418153647663916 ) ) ;
#620 = CARTESIAN_POINT ( 'NONE',  ( 15.13642529999999553, 14.91153719807240563, 24.71250000000000213 ) ) ;
#621 = ORIENTED_EDGE ( 'NONE', *, *, #878, .F. ) ;
#622 = CARTESIAN_POINT ( 'NONE',  ( -16.65957470000000029, 4.355893024780289835, 8.282524328506799094 ) ) ;
#623 = DIRECTION ( 'NONE',  ( 0.1713881501090771253, 0.01712089021603179287, 0.9850548091961172092 ) ) ;
#624 = CARTESIAN_POINT ( 'NONE',  ( 17.18423589662644702, -8.128200167490161832, 21.40219822183752640 ) ) ;
#625 = EDGE_LOOP ( 'NONE', ( #427, #323, #133, #1519, #1516 ) ) ;
#626 = UNCERTAINTY_MEASURE_WITH_UNIT (LENGTH_MEASURE( 1.000000000000000082E-05 ), #1188, 'distance_accuracy_value', 'NONE');
#627 = CARTESIAN_POINT ( 'NONE',  ( 17.18713936000536080, 8.129931394559735125, 21.40014403031845447 ) ) ;
#628 = LINE ( 'NONE', #2161, #2435 ) ;
#629 = ORIENTED_EDGE ( 'NONE', *, *, #1450, .T. ) ;
#630 = CARTESIAN_POINT ( 'NONE',  ( -11.19679049821234962, 6.209423722413357716, 29.15144533523212900 ) ) ;
#631 = ADVANCED_FACE ( 'NONE', ( #1260 ), #114, .F. ) ;
#632 = DIRECTION ( 'NONE',  ( 0.000000000000000000, 0.7071067811865421326, -0.7071067811865529018 ) ) ;
#633 = VECTOR ( 'NONE', #1524, 39.37007874015748854 ) ;
#634 = PLANE ( 'NONE',  #2234 ) ;
#635 = VERTEX_POINT ( 'NONE', #1038 ) ;
#636 = DIRECTION ( 'NONE',  ( -0.03489949670250101083, -0.9993907563517936410, -0.0003758304166849607986 ) ) ;
#637 = VECTOR ( 'NONE', #2380, 39.37007874015748854 ) ;
#638 = VECTOR ( 'NONE', #724, 39.37007874015748854 ) ;
#639 = CARTESIAN_POINT ( 'NONE',  ( 17.57290501006388084, -9.161892931234209669, 19.98192149708206955 ) ) ;
#640 = VECTOR ( 'NONE', #597, 39.37007874015748143 ) ;
#641 = EDGE_LOOP ( 'NONE', ( #335, #1106, #1954, #1471, #1445, #732 ) ) ;
#642 = DIRECTION ( 'NONE',  ( 0.9993908270190957621, 0.000000000000000000, 0.03489949670250101083 ) ) ;
#643 = EDGE_CURVE ( 'NONE', #779, #1638, #690, .T. ) ;
#644 = CARTESIAN_POINT ( 'NONE',  ( 17.09705214552262476, 6.034878354894930297, 1.069814357056572129 ) ) ;
#645 = EDGE_LOOP ( 'NONE', ( #1720, #2025, #545, #1259, #1075 ) ) ;
#646 = CARTESIAN_POINT ( 'NONE',  ( 25.87265183758154308, -11.56820770424284284, 15.82948703651951128 ) ) ;
#647 = CARTESIAN_POINT ( 'NONE',  ( 37.90668845683607913, 8.132678129168267489, 1.071567575285881535 ) ) ;
#648 = ADVANCED_FACE ( 'NONE', ( #104, #1783 ), #314, .F. ) ;
#649 = DIRECTION ( 'NONE',  ( 0.000000000000000000, 0.9418866831479490997, -0.3359307608846726079 ) ) ;
#650 = ORIENTED_EDGE ( 'NONE', *, *, #1680, .T. ) ;
#651 = DIRECTION ( 'NONE',  ( -0.08234565470292448675, 0.8163700643541040858, 0.5716284730294867167 ) ) ;
#652 = B_SPLINE_CURVE_WITH_KNOTS ( 'NONE', 3,
 ( #1558, #1725, #217, #1544, #412, #965, #8, #1932, #1345, #813, #767, #803, #2325, #1199, #1151, #20, #1533, #404, #778, #241, #615, #1367, #227, #988, #1745, #2131, #1185, #1760 ),
 .UNSPECIFIED., .F., .F.,
 ( 4, 2, 2, 2, 2, 2, 2, 2, 2, 2, 2, 2, 2, 4 ),
 ( 1.477100288498229386, 1.486271845756961030, 1.490857624386326741, 1.495443403015692674, 1.513786517533156406, 1.522958074791888272, 1.527543853421254205, 1.532129632050620360, 1.550472746568084537, 1.587158975603013111, 1.591744754232379044, 1.596330532861744977, 1.605502090120476844, 1.623845204637940576 ),
 .UNSPECIFIED. ) ;
#653 = CARTESIAN_POINT ( 'NONE',  ( 27.04996325017395620, 10.53575001548111523, 15.67537744522270948 ) ) ;
#654 = ORIENTED_EDGE ( 'NONE', *, *, #815, .T. ) ;
#655 = CARTESIAN_POINT ( 'NONE',  ( -16.61944027879212271, 0.000000000000000000, 19.91320054892803526 ) ) ;
#656 = CARTESIAN_POINT ( 'NONE',  ( -16.65957470000000029, 3.811699451946195971, 7.738330755672703454 ) ) ;
#657 = EDGE_LOOP ( 'NONE', ( #2308, #1663, #1856, #2261 ) ) ;
#658 = CARTESIAN_POINT ( 'NONE',  ( 30.77645876726895580, -12.07878234847445675, 15.36523398895983128 ) ) ;
#659 = LINE ( 'NONE', #1952, #287 ) ;
#660 = CARTESIAN_POINT ( 'NONE',  ( 17.15649862466746001, 5.562501928666775619, 2.219817674256892470 ) ) ;
#661 = ORIENTED_EDGE ( 'NONE', *, *, #1316, .F. ) ;
#662 = DIRECTION ( 'NONE',  ( -0.9992864213068273216, 0.01445433466142401376, 0.03489585077468926322 ) ) ;
#663 = B_SPLINE_CURVE_WITH_KNOTS ( 'NONE', 3,
 ( #1587, #1204, #110, #1439, #2163, #495 ),
 .UNSPECIFIED., .F., .F.,
 ( 4, 2, 4 ),
 ( 0.000000000000000000, 0.08256018799947112408, 0.1651203759989422482 ),
 .UNSPECIFIED. ) ;
#664 = EDGE_CURVE ( 'NONE', #742, #228, #852, .T. ) ;
#665 = DIRECTION ( 'NONE',  ( -0.9971589187987941472, -0.03246923831049174092, 0.06796939917018805788 ) ) ;
#666 = VERTEX_POINT ( 'NONE', #304 ) ;
#667 = FACE_OUTER_BOUND ( 'NONE', #1574, .T. ) ;
#668 = CARTESIAN_POINT ( 'NONE',  ( -16.67434810151021907, -9.646786134616542441, 11.79999999999999538 ) ) ;
#669 = CARTESIAN_POINT ( 'NONE',  ( -16.65957470000000029, -1.650000000000020561, -1.650000000000013456 ) ) ;
#670 = LINE ( 'NONE', #2152, #1711 ) ;
#671 = CARTESIAN_POINT ( 'NONE',  ( -16.65957470000000029, 0.000000000000000000, 21.06250000000000000 ) ) ;
#672 = CARTESIAN_POINT ( 'NONE',  ( -16.61944027879212271, -1.842886343733256745E-16, 3.399299451071959854 ) ) ;
#673 = ORIENTED_EDGE ( 'NONE', *, *, #1273, .T. ) ;
#674 = CARTESIAN_POINT ( 'NONE',  ( 40.16843916235031742, -12.80892885256593772, 14.07099844755776807 ) ) ;
#675 = CARTESIAN_POINT ( 'NONE',  ( 15.13642529999999908, -4.914979902152333047, 25.86250000000000071 ) ) ;
#676 = EDGE_CURVE ( 'NONE', #379, #1747, #1271, .T. ) ;
#677 = VECTOR ( 'NONE', #275, 39.37007874015748143 ) ;
#678 = LINE ( 'NONE', #317, #2264 ) ;
#679 = VECTOR ( 'NONE', #1703, 39.37007874015748854 ) ;
#680 = ADVANCED_FACE ( 'NONE', ( #875 ), #863, .T. ) ;
#681 = VERTEX_POINT ( 'NONE', #474 ) ;
#682 = VECTOR ( 'NONE', #771, 39.37007874015748143 ) ;
#683 = FACE_OUTER_BOUND ( 'NONE', #2422, .T. ) ;
#684 = CARTESIAN_POINT ( 'NONE',  ( 38.61673433398567568, 14.76880060108701542, 5.152562122405614176 ) ) ;
#685 = LINE ( 'NONE', #1660, #952 ) ;
#686 = LINE ( 'NONE', #486, #838 ) ;
#687 = CARTESIAN_POINT ( 'NONE',  ( 17.17875185823200823, -5.223760250996606125, 1.880932460954883645 ) ) ;
#688 = CARTESIAN_POINT ( 'NONE',  ( -16.66057470000000151, 4.514538163254539604, 7.244569152799043010 ) ) ;
#689 = ORIENTED_EDGE ( 'NONE', *, *, #1193, .F. ) ;
#690 = LINE ( 'NONE', #1810, #1985 ) ;
#691 = CARTESIAN_POINT ( 'NONE',  ( -15.50957469999999994, 0.000000000000000000, 0.000000000000000000 ) ) ;
#692 = VERTEX_POINT ( 'NONE', #674 ) ;
#693 = EDGE_CURVE ( 'NONE', #67, #595, #2167, .T. ) ;
#694 = EDGE_CURVE ( 'NONE', #1592, #1600, #2021, .T. ) ;
#695 = DIRECTION ( 'NONE',  ( 0.1667056002818076976, 0.2327520235877502397, 0.9581418153647660585 ) ) ;
#696 = ORIENTED_EDGE ( 'NONE', *, *, #2312, .F. ) ;
#697 = CARTESIAN_POINT ( 'NONE',  ( 17.09705214552262476, -6.034878354894930297, 1.069814357056572129 ) ) ;
#698 = CARTESIAN_POINT ( 'NONE',  ( 17.65821545262362235, 7.914332534911273420, 19.76411552590151288 ) ) ;
#699 = FACE_OUTER_BOUND ( 'NONE', #1402, .T. ) ;
#700 = VERTEX_POINT ( 'NONE', #1454 ) ;
#701 = CARTESIAN_POINT ( 'NONE',  ( 20.11530900216720852, -10.93150664315622755, 17.44147417131378930 ) ) ;
#702 = LINE ( 'NONE', #142, #1828 ) ;
#703 = CARTESIAN_POINT ( 'NONE',  ( -15.50957469999999994, -3.795065097164408208, 7.778489640588212239 ) ) ;
#704 = ORIENTED_EDGE ( 'NONE', *, *, #193, .T. ) ;
#705 = EDGE_CURVE ( 'NONE', #1494, #1642, #780, .T. ) ;
#706 = DIRECTION ( 'NONE',  ( 0.9949571670058384720, -0.1003006919069382719, 8.382544588868402573E-05 ) ) ;
#707 = DIRECTION ( 'NONE',  ( 0.7239835013049950030, -0.3746872630602897658, 0.5791867960671664983 ) ) ;
#708 = DIRECTION ( 'NONE',  ( 0.000000000000000000, 0.000000000000000000, -1.000000000000000000 ) ) ;
#709 = ORIENTED_EDGE ( 'NONE', *, *, #115, .T. ) ;
#710 = EDGE_CURVE ( 'NONE', #1962, #1984, #2395, .T. ) ;
#711 = LINE ( 'NONE', #1332, #124 ) ;
#712 = DIRECTION ( 'NONE',  ( 0.000000000000000000, -0.5735764363510441610, 0.8191520442889931308 ) ) ;
#713 = VECTOR ( 'NONE', #1275, 39.37007874015748143 ) ;
#714 = VECTOR ( 'NONE', #1245, 39.37007874015748143 ) ;
#715 = PLANE ( 'NONE',  #1234 ) ;
#716 = VECTOR ( 'NONE', #417, 39.37007874015748143 ) ;
#717 = ORIENTED_EDGE ( 'NONE', *, *, #1938, .F. ) ;
#718 = DIRECTION ( 'NONE',  ( -0.000000000000000000, -0.7071067811865472397, 0.7071067811865479058 ) ) ;
#719 = FACE_OUTER_BOUND ( 'NONE', #269, .T. ) ;
#720 = ORIENTED_EDGE ( 'NONE', *, *, #726, .F. ) ;
#721 = AXIS2_PLACEMENT_3D ( 'NONE', #620, #586, #1341 ) ;
#722 = CARTESIAN_POINT ( 'NONE',  ( 24.32036781079709087, -6.092357029870377971, 15.15145032731811803 ) ) ;
#723 = EDGE_CURVE ( 'NONE', #1600, #635, #686, .T. ) ;
#724 = DIRECTION ( 'NONE',  ( 0.8948775276453770910, 0.1053542230182278744, 0.4336988565900570247 ) ) ;
#725 = ORIENTED_EDGE ( 'NONE', *, *, #2356, .F. ) ;
#726 = EDGE_CURVE ( 'NONE', #1592, #1555, #1398, .T. ) ;
#727 = CARTESIAN_POINT ( 'NONE',  ( 26.78346487342603055, 11.66422544956436624, 15.70930457366265109 ) ) ;
#728 = CARTESIAN_POINT ( 'NONE',  ( -16.65957470000000029, -4.900716284520176380, 7.244569152799041234 ) ) ;
#729 = DIRECTION ( 'NONE',  ( -0.000000000000000000, 1.000000000000000000, 2.321210124542035954E-16 ) ) ;
#730 = ORIENTED_EDGE ( 'NONE', *, *, #2218, .F. ) ;
#731 = DIRECTION ( 'NONE',  ( 0.000000000000000000, 0.5735764363510441610, 0.8191520442889931308 ) ) ;
#732 = ORIENTED_EDGE ( 'NONE', *, *, #1714, .F. ) ;
#733 = CARTESIAN_POINT ( 'NONE',  ( 17.27138525765731458, 7.081217739806076494, 20.89820212903261876 ) ) ;
#734 = LINE ( 'NONE', #1485, #1116 ) ;
#735 = ORIENTED_EDGE ( 'NONE', *, *, #2374, .T. ) ;
#736 = CARTESIAN_POINT ( 'NONE',  ( 33.85504292931400272, 12.39367858612526696, 15.23528210858401089 ) ) ;
#737 = DIRECTION ( 'NONE',  ( 0.1210582060863020365, -0.7079766041525220599, 0.6957830399713904601 ) ) ;
#738 = EDGE_CURVE ( 'NONE', #333, #1642, #663, .T. ) ;
#739 = DIRECTION ( 'NONE',  ( 0.000000000000000000, 0.5735764363510444941, 0.8191520442889929088 ) ) ;
#740 = ORIENTED_EDGE ( 'NONE', *, *, #2295, .F. ) ;
#741 = DIRECTION ( 'NONE',  ( 0.000000000000000000, -0.0003760595019727749097, 0.9999999292896228908 ) ) ;
#742 = VERTEX_POINT ( 'NONE', #2174 ) ;
#743 = CARTESIAN_POINT ( 'NONE',  ( 17.13642529999999553, 2.484514925569484500, -2.484514925569473842 ) ) ;
#744 = LINE ( 'NONE', #1879, #1040 ) ;
#745 = EDGE_LOOP ( 'NONE', ( #1905, #1692, #1838, #1615 ) ) ;
#746 = CARTESIAN_POINT ( 'NONE',  ( 19.97324975354561261, 10.91465536145883775, 17.51392403873779102 ) ) ;
#747 = ORIENTED_EDGE ( 'NONE', *, *, #865, .F. ) ;
#748 = CARTESIAN_POINT ( 'NONE',  ( 10.73473523250988038, -6.819473511809738930, 20.86842940659502688 ) ) ;
#749 = EDGE_CURVE ( 'NONE', #1654, #1999, #1033, .T. ) ;
#750 = VECTOR ( 'NONE', #2074, 39.37007874015748854 ) ;
#751 = EDGE_CURVE ( 'NONE', #1055, #383, #670, .T. ) ;
#752 = LINE ( 'NONE', #1699, #2313 ) ;
#753 = VERTEX_POINT ( 'NONE', #71 ) ;
#754 = CARTESIAN_POINT ( 'NONE',  ( 17.14543425064941573, -7.831716353037290190, 21.82003143871262907 ) ) ;
#755 = VECTOR ( 'NONE', #1594, 39.37007874015748143 ) ;
#756 = ORIENTED_EDGE ( 'NONE', *, *, #1759, .F. ) ;
#757 = APPLICATION_CONTEXT ( 'automotive_design' ) ;
#758 = CARTESIAN_POINT ( 'NONE',  ( 19.35054829861374515, 10.79471373289288216, 17.90608924153291426 ) ) ;
#759 = AXIS2_PLACEMENT_3D ( 'NONE', #2221, #514, #1093 ) ;
#760 = CARTESIAN_POINT ( 'NONE',  ( 17.19736232454836156, -9.481155519989458824, 6.136453194360239394 ) ) ;
#761 = VERTEX_POINT ( 'NONE', #1228 ) ;
#762 = VECTOR ( 'NONE', #61, 39.37007874015748854 ) ;
#763 = LINE ( 'NONE', #1353, #325 ) ;
#764 = DIRECTION ( 'NONE',  ( 0.000000000000000000, 0.000000000000000000, -1.000000000000000000 ) ) ;
#765 = ORIENTED_EDGE ( 'NONE', *, *, #372, .T. ) ;
#766 = LINE ( 'NONE', #1488, #2224 ) ;
#767 = CARTESIAN_POINT ( 'NONE',  ( 17.58779510614181163, -7.777824211712117020, 19.94892524767698916 ) ) ;
#768 = ORIENTED_EDGE ( 'NONE', *, *, #2018, .F. ) ;
#769 = CARTESIAN_POINT ( 'NONE',  ( -16.65957470000000029, 9.647302347628347263, 11.79999999999999893 ) ) ;
#770 = EDGE_CURVE ( 'NONE', #183, #1782, #858, .T. ) ;
#771 = DIRECTION ( 'NONE',  ( 0.7239835013049950030, 0.3746872630602897658, 0.5791867960671664983 ) ) ;
#772 = FACE_OUTER_BOUND ( 'NONE', #1619, .T. ) ;
#773 = EDGE_LOOP ( 'NONE', ( #935, #1383, #846, #2162 ) ) ;
#774 = CARTESIAN_POINT ( 'NONE',  ( 17.13642529999999553, 5.000240678183375920, 25.86250000000000071 ) ) ;
#775 = DIRECTION ( 'NONE',  ( 0.000000000000000000, 0.000000000000000000, -1.000000000000000000 ) ) ;
#776 = EDGE_LOOP ( 'NONE', ( #1132, #289, #2151, #2237 ) ) ;
#777 = DIRECTION ( 'NONE',  ( -0.03489949670250101083, 0.9987820251299119878, 0.03487823687206677986 ) ) ;
#778 = CARTESIAN_POINT ( 'NONE',  ( 18.64618108086283854, -8.931208018877930144, 18.45418772640577743 ) ) ;
#779 = VERTEX_POINT ( 'NONE', #1255 ) ;
#780 = B_SPLINE_CURVE_WITH_KNOTS ( 'NONE', 3,
 ( #2178, #500, #129, #890, #701, #141, #1089, #1655, #900, #1845, #329, #848, #2204, #2357, #1623, #871, #819, #1793, #2341, #646, #1216, #59, #85, #1990, #2004, #658, #1410, #1601, #1008, #300 ),
 .UNSPECIFIED., .F., .F.,
 ( 4, 2, 2, 2, 2, 2, 2, 2, 2, 2, 2, 2, 2, 2, 4 ),
 ( 0.001685664442314329390, 0.01342357240042772910, 0.02516148035854113077, 0.04863729627476798961, 0.07211311219099485192, 0.09558892810722170730, 0.1190647440234485765, 0.1308026519815619904, 0.1425405599396754042, 0.1660163758559022318, 0.1894921917721290594, 0.2364438236045829922, 0.2833954554370369250, 0.3303470872694908578, 0.3772987191019447906 ),
 .UNSPECIFIED. ) ;
#781 = CARTESIAN_POINT ( 'NONE',  ( 17.13642529999999553, 4.400732836429532391, 24.71250000000000213 ) ) ;
#782 = EDGE_CURVE ( 'NONE', #1195, #1541, #290, .T. ) ;
#783 = LENGTH_MEASURE_WITH_UNIT ( LENGTH_MEASURE( 0.02539999999999999897 ), #991 );
#784 = EDGE_LOOP ( 'NONE', ( #2156, #33, #377, #480, #1336, #2100, #351, #867, #313, #2111 ) ) ;
#785 = PLANE ( 'NONE',  #1549 ) ;
#786 = EDGE_CURVE ( 'NONE', #333, #565, #1386, .T. ) ;
#787 = CARTESIAN_POINT ( 'NONE',  ( -16.66057470000000151, -4.900716284520176380, 16.43171165450023352 ) ) ;
#788 = ORIENTED_EDGE ( 'NONE', *, *, #1922, .T. ) ;
#789 = CARTESIAN_POINT ( 'NONE',  ( 17.19736232454835800, -5.564519999886123003, 2.219817674256892470 ) ) ;
#790 = CARTESIAN_POINT ( 'NONE',  ( -15.50957470000000171, 5.089998404309985958, 3.360542091028135392 ) ) ;
#791 = AXIS2_PLACEMENT_3D ( 'NONE', #1366, #777, #1184 ) ;
#792 = CARTESIAN_POINT ( 'NONE',  ( 37.42177888551693599, 5.296813938525604115, -1.715454193425386187 ) ) ;
#793 = AXIS2_PLACEMENT_3D ( 'NONE', #1799, #1076, #277 ) ;
#794 = ORIENTED_EDGE ( 'NONE', *, *, #1891, .T. ) ;
#795 = VECTOR ( 'NONE', #2236, 39.37007874015748143 ) ;
#796 = DIRECTION ( 'NONE',  ( -0.9993900848364122291, -0.03492074355835943222, 0.000000000000000000 ) ) ;
#797 = PLANE ( 'NONE',  #721 ) ;
#798 = ORIENTED_EDGE ( 'NONE', *, *, #1528, .F. ) ;
#799 = VECTOR ( 'NONE', #707, 39.37007874015748143 ) ;
#800 = PLANE ( 'NONE',  #1505 ) ;
#801 = EDGE_CURVE ( 'NONE', #522, #1195, #1612, .T. ) ;
#802 = AXIS2_PLACEMENT_3D ( 'NONE', #1045, #1436, #2201 ) ;
#803 = CARTESIAN_POINT ( 'NONE',  ( 17.65317184919179994, -7.879995457958639982, 19.81242740013084713 ) ) ;
#804 = ORIENTED_EDGE ( 'NONE', *, *, #230, .T. ) ;
#805 = CARTESIAN_POINT ( 'NONE',  ( 17.96446666930525282, 9.695369201014548466, 19.27644464536414048 ) ) ;
#806 = CARTESIAN_POINT ( 'NONE',  ( -15.50957469999999994, -1.809546896176957501E-16, 3.360542091028134948 ) ) ;
#807 = VERTEX_POINT ( 'NONE', #1963 ) ;
#808 = CARTESIAN_POINT ( 'NONE',  ( 39.15347732154315707, -11.20207025339893292, 15.15300330861888334 ) ) ;
#809 = LINE ( 'NONE', #611, #1311 ) ;
#810 = ORIENTED_EDGE ( 'NONE', *, *, #479, .T. ) ;
#811 = PLANE ( 'NONE',  #877 ) ;
#812 = EDGE_CURVE ( 'NONE', #228, #919, #1766, .T. ) ;
#813 = CARTESIAN_POINT ( 'NONE',  ( 17.54744930375009204, -7.709335741342482784, 20.04092492567063388 ) ) ;
#814 = CARTESIAN_POINT ( 'NONE',  ( -16.66057470000000151, 4.514538163254539604, 16.43171165450023352 ) ) ;
#815 = EDGE_CURVE ( 'NONE', #1555, #1119, #832, .T. ) ;
#816 = ORIENTED_EDGE ( 'NONE', *, *, #101, .T. ) ;
#817 = CARTESIAN_POINT ( 'NONE',  ( -15.50957469999999994, -8.937249792102933910, 0.3120956398801668641 ) ) ;
#818 = EDGE_LOOP ( 'NONE', ( #629, #963, #1933, #1936, #1885, #1853 ) ) ;
#819 = CARTESIAN_POINT ( 'NONE',  ( 24.50162488615237777, -11.42209748278599335, 16.05554895764107215 ) ) ;
#820 = FACE_OUTER_BOUND ( 'NONE', #530, .T. ) ;
#821 = DIRECTION ( 'NONE',  ( 0.9949571670058384720, -0.1003006919069382719, 8.382544588868402573E-05 ) ) ;
#822 = ORIENTED_EDGE ( 'NONE', *, *, #2419, .T. ) ;
#823 = DIRECTION ( 'NONE',  ( 0.000000000000000000, 0.7071067811865421326, 0.7071067811865529018 ) ) ;
#824 = SHAPE_DEFINITION_REPRESENTATION ( #1498, #1496 ) ;
#825 = LINE ( 'NONE', #1957, #1709 ) ;
#826 = DIRECTION ( 'NONE',  ( 0.9907571504889544078, 0.03202032059657611285, -0.1318141412136795421 ) ) ;
#827 = EDGE_LOOP ( 'NONE', ( #2404, #1916, #1537, #1562 ) ) ;
#828 = EDGE_CURVE ( 'NONE', #1320, #2159, #273, .T. ) ;
#829 = CARTESIAN_POINT ( 'NONE',  ( 17.47453770950541596, 9.020127269287902649, 20.17021359217319443 ) ) ;
#830 = DIRECTION ( 'NONE',  ( 0.9993908270190957621, 0.000000000000000000, 0.03489949670250101083 ) ) ;
#831 = ORIENTED_EDGE ( 'NONE', *, *, #602, .F. ) ;
#832 = LINE ( 'NONE', #457, #1908 ) ;
#833 = DIRECTION ( 'NONE',  ( -0.9992863102342089965, -0.03490128300881888135, -0.01444889694192579531 ) ) ;
#834 = VECTOR ( 'NONE', #2209, 39.37007874015748143 ) ;
#835 = DIRECTION ( 'NONE',  ( -0.03489949670250101083, 5.418068439322054206E-17, -0.9993908270190957621 ) ) ;
#836 = VERTEX_POINT ( 'NONE', #1449 ) ;
#837 = CARTESIAN_POINT ( 'NONE',  ( 39.84121094544005359, 13.10349094919256885, 12.19025156647538388 ) ) ;
#838 = VECTOR ( 'NONE', #1060, 39.37007874015748854 ) ;
#839 = DIRECTION ( 'NONE',  ( 0.9993900848364122291, -0.03492074355835943222, 0.000000000000000000 ) ) ;
#840 = AXIS2_PLACEMENT_3D ( 'NONE', #2433, #139, #327 ) ;
#841 = DIRECTION ( 'NONE',  ( 0.000000000000000000, -0.3298750886475278477, -0.9440245896637361467 ) ) ;
#842 = VECTOR ( 'NONE', #531, 39.37007874015748854 ) ;
#843 = ORIENTED_EDGE ( 'NONE', *, *, #738, .F. ) ;
#844 = LINE ( 'NONE', #1948, #1198 ) ;
#845 = CARTESIAN_POINT ( 'NONE',  ( -16.65957470000000029, 4.514538163254539604, 16.43171165450023352 ) ) ;
#846 = ORIENTED_EDGE ( 'NONE', *, *, #1238, .F. ) ;
#847 = ADVANCED_FACE ( 'NONE', ( #719 ), #2248, .T. ) ;
#848 = CARTESIAN_POINT ( 'NONE',  ( 23.13997726174545733, -11.27466821994836899, 16.34646025360278898 ) ) ;
#849 = FACE_OUTER_BOUND ( 'NONE', #1887, .T. ) ;
#850 = CARTESIAN_POINT ( 'NONE',  ( -9.918827232017438433, -7.557665652062738104, -5.767828156040391008 ) ) ;
#851 = ORIENTED_EDGE ( 'NONE', *, *, #66, .T. ) ;
#852 = LINE ( 'NONE', #75, #553 ) ;
#853 = DIRECTION ( 'NONE',  ( 0.000000000000000000, 0.000000000000000000, 1.000000000000000000 ) ) ;
#854 = ORIENTED_EDGE ( 'NONE', *, *, #982, .F. ) ;
#855 = CARTESIAN_POINT ( 'NONE',  ( 17.13642529999999553, 7.534864300642477808, 22.24268232574310034 ) ) ;
#856 = CARTESIAN_POINT ( 'NONE',  ( -16.65957470000000029, -10.04711537089506024, 0.3508529999239896613 ) ) ;
#857 = ORIENTED_EDGE ( 'NONE', *, *, #693, .T. ) ;
#858 = LINE ( 'NONE', #1816, #1671 ) ;
#859 = DIRECTION ( 'NONE',  ( 0.9990925616714499968, -0.04259170356747566527, 0.000000000000000000 ) ) ;
#860 = EDGE_CURVE ( 'NONE', #2293, #635, #1852, .T. ) ;
#861 = DIRECTION ( 'NONE',  ( 0.000000000000000000, -0.000000000000000000, 1.000000000000000000 ) ) ;
#862 = ORIENTED_EDGE ( 'NONE', *, *, #384, .F. ) ;
#863 = PLANE ( 'NONE',  #1466 ) ;
#864 = PRODUCT_CONTEXT ( 'NONE', #757, 'mechanical' ) ;
#865 = EDGE_CURVE ( 'NONE', #1084, #84, #334, .T. ) ;
#866 = LINE ( 'NONE', #279, #1624 ) ;
#867 = ORIENTED_EDGE ( 'NONE', *, *, #341, .T. ) ;
#868 = CARTESIAN_POINT ( 'NONE',  ( -16.61944027879212271, -8.898516041995661041, 0.3107430275211213178 ) ) ;
#869 = FACE_OUTER_BOUND ( 'NONE', #578, .T. ) ;
#870 = ORIENTED_EDGE ( 'NONE', *, *, #132, .T. ) ;
#871 = CARTESIAN_POINT ( 'NONE',  ( 24.34960489329282396, -11.40576577117965940, 16.08436483206653378 ) ) ;
#872 = DIRECTION ( 'NONE',  ( 0.000000000000000000, -1.000000000000000000, 0.000000000000000000 ) ) ;
#873 = PLANE ( 'NONE',  #2106 ) ;
#874 = VERTEX_POINT ( 'NONE', #2040 ) ;
#875 = FACE_OUTER_BOUND ( 'NONE', #1232, .T. ) ;
#876 = AXIS2_PLACEMENT_3D ( 'NONE', #1708, #1672, #547 ) ;
#877 = AXIS2_PLACEMENT_3D ( 'NONE', #1566, #1967, #450 ) ;
#878 = EDGE_CURVE ( 'NONE', #183, #1413, #1458, .T. ) ;
#879 = LINE ( 'NONE', #511, #713 ) ;
#880 = EDGE_CURVE ( 'NONE', #1346, #807, #1639, .T. ) ;
#881 = AXIS2_PLACEMENT_3D ( 'NONE', #339, #201, #1656 ) ;
#882 = ORIENTED_EDGE ( 'NONE', *, *, #2370, .T. ) ;
#883 = VECTOR ( 'NONE', #1690, 39.37007874015748854 ) ;
#884 = CARTESIAN_POINT ( 'NONE',  ( 15.13642529999999553, 14.91153719807240563, 25.86250000000000071 ) ) ;
#885 = ORIENTED_EDGE ( 'NONE', *, *, #2149, .F. ) ;
#886 = CARTESIAN_POINT ( 'NONE',  ( 38.10647070091832944, -7.670585860269022227, 2.219817674256892470 ) ) ;
#887 = CARTESIAN_POINT ( 'NONE',  ( 17.39126114236411524, 7.396447666188440628, 20.46527579881275827 ) ) ;
#888 = DIRECTION ( 'NONE',  ( 0.000000000000000000, -0.7071067811865472397, 0.7071067811865479058 ) ) ;
#889 = ORIENTED_EDGE ( 'NONE', *, *, #1847, .T. ) ;
#890 = CARTESIAN_POINT ( 'NONE',  ( 19.97928929522895913, -10.91522446400173507, 17.51506249350492794 ) ) ;
#891 = DIRECTION ( 'NONE',  ( 0.9949568783728308663, -0.1003035900583417461, 0.000000000000000000 ) ) ;
#892 = EDGE_CURVE ( 'NONE', #582, #1984, #1096, .T. ) ;
#893 = ORIENTED_EDGE ( 'NONE', *, *, #2415, .T. ) ;
#894 = CARTESIAN_POINT ( 'NONE',  ( 17.15649862466744580, -2.663507858579561273E-14, 2.219817674256892470 ) ) ;
#895 = VERTEX_POINT ( 'NONE', #356 ) ;
#896 = CARTESIAN_POINT ( 'NONE',  ( 17.21117837863851818, -9.481507597213884253, 17.46155988163077666 ) ) ;
#897 = CARTESIAN_POINT ( 'NONE',  ( 17.43819749702258193, 7.501216261110403849, 20.32241213197649543 ) ) ;
#898 = LINE ( 'NONE', #1463, #2270 ) ;
#899 = ORIENTED_EDGE ( 'NONE', *, *, #1480, .F. ) ;
#900 = CARTESIAN_POINT ( 'NONE',  ( 21.66555369350984250, -11.11100744435675303, 16.77661088159607061 ) ) ;
#901 = CARTESIAN_POINT ( 'NONE',  ( 29.25868825579462040, 10.76569156619059342, 15.46703233470545058 ) ) ;
#902 = EDGE_CURVE ( 'NONE', #183, #944, #2026, .T. ) ;
#903 = CARTESIAN_POINT ( 'NONE',  ( 40.35642529999999795, 6.092357029870377971, 15.15145032731811803 ) ) ;
#904 = ORIENTED_EDGE ( 'NONE', *, *, #193, .F. ) ;
#905 = CARTESIAN_POINT ( 'NONE',  ( 32.55455218277143814, -11.09880998206958580, 15.44252569176479106 ) ) ;
#906 = PLANE ( 'NONE',  #2390 ) ;
#907 = VERTEX_POINT ( 'NONE', #1289 ) ;
#908 = ADVANCED_FACE ( 'NONE', ( #1841 ), #1121, .T. ) ;
#909 = DIRECTION ( 'NONE',  ( -0.03489949670250101776, 0.8186530389963617704, -0.5732270290835329574 ) ) ;
#910 = CARTESIAN_POINT ( 'NONE',  ( 28.69334581542100082, -10.70711516070711866, 15.51236652917467751 ) ) ;
#911 = VERTEX_POINT ( 'NONE', #886 ) ;
#912 = CARTESIAN_POINT ( 'NONE',  ( 30.77587641910169935, 12.07872260956252575, 15.36526351952652369 ) ) ;
#913 = LINE ( 'NONE', #1113, #2346 ) ;
#914 = AXIS2_PLACEMENT_3D ( 'NONE', #613, #636, #216 ) ;
#915 = VECTOR ( 'NONE', #1827, 39.37007874015748143 ) ;
#916 = AXIS2_PLACEMENT_3D ( 'NONE', #88, #1452, #1247 ) ;
#917 = LINE ( 'NONE', #1675, #1235 ) ;
#918 = VECTOR ( 'NONE', #2280, 39.37007874015748143 ) ;
#919 = VERTEX_POINT ( 'NONE', #2408 ) ;
#920 = CARTESIAN_POINT ( 'NONE',  ( -16.65957470000000029, 4.355893024780289835, 8.282524328506799094 ) ) ;
#921 = VECTOR ( 'NONE', #833, 39.37007874015748854 ) ;
#922 = PLANE ( 'NONE',  #1277 ) ;
#923 = CARTESIAN_POINT ( 'NONE',  ( 17.13642529999999553, -11.22657876145278344, 0.3920407691096073899 ) ) ;
#924 = ORIENTED_EDGE ( 'NONE', *, *, #723, .F. ) ;
#925 = LINE ( 'NONE', #1146, #1748 ) ;
#926 = FACE_OUTER_BOUND ( 'NONE', #2427, .T. ) ;
#927 = CARTESIAN_POINT ( 'NONE',  ( -15.50957469999999994, -8.114123401922435974, -0.2833514329460362080 ) ) ;
#928 = ORIENTED_EDGE ( 'NONE', *, *, #175, .F. ) ;
#929 = DIRECTION ( 'NONE',  ( -1.093962385306809952E-13, -0.03489949670249394009, -0.9993908270190959842 ) ) ;
#930 = CARTESIAN_POINT ( 'NONE',  ( -15.50957469999999994, 0.000000000000000000, 19.95195790897185972 ) ) ;
#931 = DIRECTION ( 'NONE',  ( 2.120759153318305855E-15, 0.03489949670250517416, -0.9993908270190955401 ) ) ;
#932 = ORIENTED_EDGE ( 'NONE', *, *, #1582, .F. ) ;
#933 = CARTESIAN_POINT ( 'NONE',  ( 33.23879068720007979, 12.33090212278804287, 15.25391984271104029 ) ) ;
#934 = ORIENTED_EDGE ( 'NONE', *, *, #268, .F. ) ;
#935 = ORIENTED_EDGE ( 'NONE', *, *, #375, .T. ) ;
#936 = CARTESIAN_POINT ( 'NONE',  ( 17.13642529999999553, 9.961715388534848614, 18.77677978191010055 ) ) ;
#937 = EDGE_CURVE ( 'NONE', #1600, #1292, #1280, .T. ) ;
#938 = CARTESIAN_POINT ( 'NONE',  ( 17.13642529999999553, 6.092357029870377971, 16.26118847723761007 ) ) ;
#939 = ORIENTED_EDGE ( 'NONE', *, *, #937, .T. ) ;
#940 = PLANE ( 'NONE',  #1153 ) ;
#941 = B_SPLINE_CURVE_WITH_KNOTS ( 'NONE', 3,
 ( #1373, #1529, #808, #49, #2, #995, #2137, #2321, #1145, #984 ),
 .UNSPECIFIED., .F., .F.,
 ( 4, 2, 2, 2, 4 ),
 ( 1.526769017026088804, 1.572601409546408036, 1.618433802066727045, 1.664266194587046055, 1.710098587107365287 ),
 .UNSPECIFIED. ) ;
#942 = CARTESIAN_POINT ( 'NONE',  ( 17.19050172912091767, 9.677129350525405016, 11.79999484389743181 ) ) ;
#943 = DIRECTION ( 'NONE',  ( -0.1667056002818076144, 0.2327520235877492405, -0.9581418153647663916 ) ) ;
#944 = VERTEX_POINT ( 'NONE', #1472 ) ;
#945 = DIRECTION ( 'NONE',  ( 0.9949571670058384720, 0.1003006919069382719, 8.382544588868402573E-05 ) ) ;
#946 = CARTESIAN_POINT ( 'NONE',  ( 21.23294149189645807, 11.06179982312256449, 16.93683418848320699 ) ) ;
#947 = ORIENTED_EDGE ( 'NONE', *, *, #1150, .F. ) ;
#948 = PLANE ( 'NONE',  #1983 ) ;
#949 = ADVANCED_FACE ( 'NONE', ( #147 ), #906, .T. ) ;
#950 = EDGE_CURVE ( 'NONE', #2463, #1984, #344, .T. ) ;
#951 = DIRECTION ( 'NONE',  ( 0.9949571670058384720, -0.1003006919069382719, 8.382544588868402573E-05 ) ) ;
#952 = VECTOR ( 'NONE', #718, 39.37007874015748143 ) ;
#953 = EDGE_LOOP ( 'NONE', ( #2340, #893, #1239, #1379 ) ) ;
#954 = CARTESIAN_POINT ( 'NONE',  ( -16.65957470000000029, 6.920500268217390172, 21.06250000000000000 ) ) ;
#955 = AXIS2_PLACEMENT_3D ( 'NONE', #2238, #157, #541 ) ;
#956 = FACE_OUTER_BOUND ( 'NONE', #1339, .T. ) ;
#957 = VECTOR ( 'NONE', #581, 39.37007874015748143 ) ;
#958 = DIRECTION ( 'NONE',  ( -0.03489949670250101776, 0.7066760308408360780, -0.7066760308408329694 ) ) ;
#959 = ORIENTED_EDGE ( 'NONE', *, *, #280, .T. ) ;
#960 = VECTOR ( 'NONE', #872, 39.37007874015748143 ) ;
#961 = CARTESIAN_POINT ( 'NONE',  ( 36.70362305263794411, 0.5335941476922725357, -5.843060778124920418 ) ) ;
#962 = DIRECTION ( 'NONE',  ( 1.000000000000000000, 0.000000000000000000, -0.000000000000000000 ) ) ;
#963 = ORIENTED_EDGE ( 'NONE', *, *, #496, .F. ) ;
#964 = DIRECTION ( 'NONE',  ( 1.000000000000000000, 0.000000000000000000, 0.000000000000000000 ) ) ;
#965 = CARTESIAN_POINT ( 'NONE',  ( 17.29799464086725536, -7.152975526098948045, 20.79955459100271042 ) ) ;
#966 = EDGE_CURVE ( 'NONE', #895, #1787, #505, .T. ) ;
#967 = EDGE_CURVE ( 'NONE', #692, #333, #2452, .T. ) ;
#968 = DIRECTION ( 'NONE',  ( -0.03489949670250101083, 5.418068439322054206E-17, -0.9993908270190957621 ) ) ;
#969 = LINE ( 'NONE', #1719, #5 ) ;
#970 = ORIENTED_EDGE ( 'NONE', *, *, #1240, .T. ) ;
#971 = DIMENSIONAL_EXPONENTS ( 1.000000000000000000, 0.000000000000000000, 0.000000000000000000, 0.000000000000000000, 0.000000000000000000, 0.000000000000000000, 0.000000000000000000 ) ;
#972 = CARTESIAN_POINT ( 'NONE',  ( 17.21232505182358352, 9.465758855278346928, 5.684138214991717675 ) ) ;
#973 = DIRECTION ( 'NONE',  ( -0.9992864213068273216, 0.01445433466142401376, 0.03489585077468926322 ) ) ;
#974 = ORIENTED_EDGE ( 'NONE', *, *, #1315, .T. ) ;
#975 = LINE ( 'NONE', #2157, #2348 ) ;
#976 = LINE ( 'NONE', #1377, #1077 ) ;
#977 = ORIENTED_EDGE ( 'NONE', *, *, #235, .F. ) ;
#978 = ORIENTED_EDGE ( 'NONE', *, *, #1369, .F. ) ;
#979 = CARTESIAN_POINT ( 'NONE',  ( 17.93414528771070948, 9.660507194705209244, 19.32186481867664796 ) ) ;
#980 = PLANE ( 'NONE',  #2109 ) ;
#981 = ORIENTED_EDGE ( 'NONE', *, *, #782, .T. ) ;
#982 = EDGE_CURVE ( 'NONE', #492, #1346, #1861, .T. ) ;
#983 = EDGE_CURVE ( 'NONE', #1880, #1654, #1266, .T. ) ;
#984 = CARTESIAN_POINT ( 'NONE',  ( 33.14110231685502583, -11.16435928845543124, 15.25873776293143536 ) ) ;
#985 = CARTESIAN_POINT ( 'NONE',  ( 17.09705214552262476, -10.82423487627877812, 11.79999668279964631 ) ) ;
#986 = ORIENTED_EDGE ( 'NONE', *, *, #1489, .T. ) ;
#987 = CARTESIAN_POINT ( 'NONE',  ( 17.09705214552262476, 10.61329384699660316, 17.84055742508223474 ) ) ;
#988 = CARTESIAN_POINT ( 'NONE',  ( 19.32722059343231535, -9.372870124988319063, 17.92153567736884767 ) ) ;
#989 = ORIENTED_EDGE ( 'NONE', *, *, #614, .T. ) ;
#990 = CARTESIAN_POINT ( 'NONE',  ( 19.39849995722935816, 10.82262602910866711, 17.87313400360481452 ) ) ;
#991 =( LENGTH_UNIT ( ) NAMED_UNIT ( * ) SI_UNIT ( $, .METRE. ) );
#992 = VECTOR ( 'NONE', #731, 39.37007874015748143 ) ;
#993 = ORIENTED_EDGE ( 'NONE', *, *, #25, .T. ) ;
#994 = STYLED_ITEM ( 'NONE', ( #2113 ), #1257 ) ;
#995 = CARTESIAN_POINT ( 'NONE',  ( 36.14620699454657426, -11.19179715585900681, 15.18180714230785178 ) ) ;
#996 = CARTESIAN_POINT ( 'NONE',  ( -16.65957470000000029, -4.260402639897959531, 15.95250000000000057 ) ) ;
#997 = EDGE_LOOP ( 'NONE', ( #2249, #816, #2297, #10 ) ) ;
#998 = VECTOR ( 'NONE', #2017, 39.37007874015748143 ) ;
#999 = PLANE ( 'NONE',  #914 ) ;
#1000 = B_SPLINE_CURVE_WITH_KNOTS ( 'NONE', 3,
 ( #487, #1217, #458, #249 ),
 .UNSPECIFIED., .F., .F.,
 ( 4, 4 ),
 ( 0.000000000000000000, 0.02976104898514017952 ),
 .UNSPECIFIED. ) ;
#1001 = VECTOR ( 'NONE', #1380, 39.37007874015748854 ) ;
#1002 = LINE ( 'NONE', #604, #2064 ) ;
#1003 = LINE ( 'NONE', #1761, #153 ) ;
#1004 = ORIENTED_EDGE ( 'NONE', *, *, #1859, .F. ) ;
#1005 = DIRECTION ( 'NONE',  ( 0.000000000000000000, -1.000000000000000000, -1.433401572240657238E-16 ) ) ;
#1006 = DIRECTION ( 'NONE',  ( 0.000000000000000000, 0.7071067811865461294, 0.7071067811865489050 ) ) ;
#1007 = ORIENTED_EDGE ( 'NONE', *, *, #1104, .T. ) ;
#1008 = CARTESIAN_POINT ( 'NONE',  ( 33.23869735728857933, -12.33089261544451531, 15.25392266535079422 ) ) ;
#1009 = DIRECTION ( 'NONE',  ( -0.03489949670250101083, 0.9987820251299123209, -0.03487823687205848094 ) ) ;
#1010 = CARTESIAN_POINT ( 'NONE',  ( -10.99471022023668887, -6.219657527891912174, 29.44176857526567304 ) ) ;
#1011 = ORIENTED_EDGE ( 'NONE', *, *, #950, .F. ) ;
#1012 = CARTESIAN_POINT ( 'NONE',  ( -16.65957470000000029, -4.355893024780288947, 8.282524328506799094 ) ) ;
#1013 = EDGE_CURVE ( 'NONE', #1600, #2367, #324, .T. ) ;
#1014 = LINE ( 'NONE', #1771, #2306 ) ;
#1015 = DIRECTION ( 'NONE',  ( -0.000000000000000000, -0.000000000000000000, 1.000000000000000000 ) ) ;
#1016 = ADVANCED_FACE ( 'NONE', ( #1650 ), #1448, .T. ) ;
#1017 = ORIENTED_EDGE ( 'NONE', *, *, #602, .T. ) ;
#1018 = CARTESIAN_POINT ( 'NONE',  ( 17.14542629819659680, 7.832007158822606563, 21.81961497942334915 ) ) ;
#1019 = PLANE ( 'NONE',  #1589 ) ;
#1020 = EDGE_LOOP ( 'NONE', ( #1219, #78, #1527, #2093, #51, #1898, #1409, #181, #1947 ) ) ;
#1021 = CARTESIAN_POINT ( 'NONE',  ( -16.65957470000000029, 0.000000000000000000, 21.06250000000000000 ) ) ;
#1022 = DIRECTION ( 'NONE',  ( 0.9949571670058384720, 0.1003006919069382857, 8.382544588871144249E-05 ) ) ;
#1023 = CARTESIAN_POINT ( 'NONE',  ( -16.65957470000000029, -4.355893024780288947, 8.282524328506799094 ) ) ;
#1024 = ORIENTED_EDGE ( 'NONE', *, *, #1837, .T. ) ;
#1025 = CARTESIAN_POINT ( 'NONE',  ( -15.50957469999999994, 4.318848248444588478, 0.001624144036249900542 ) ) ;
#1026 = FACE_OUTER_BOUND ( 'NONE', #1435, .T. ) ;
#1027 = ADVANCED_FACE ( 'NONE', ( #1641 ), #2410, .T. ) ;
#1028 = ADVANCED_FACE ( 'NONE', ( #1441 ), #873, .T. ) ;
#1029 = VERTEX_POINT ( 'NONE', #73 ) ;
#1030 = LINE ( 'NONE', #2185, #1001 ) ;
#1031 = LINE ( 'NONE', #1621, #1713 ) ;
#1032 = ORIENTED_EDGE ( 'NONE', *, *, #571, .F. ) ;
#1033 = LINE ( 'NONE', #1422, #158 ) ;
#1034 = DIRECTION ( 'NONE',  ( -0.7808688120615044914, 0.000000000000000000, -0.6246950442813313797 ) ) ;
#1035 = AXIS2_PLACEMENT_3D ( 'NONE', #691, #131, #853 ) ;
#1036 = CARTESIAN_POINT ( 'NONE',  ( 33.85504292931400272, 12.39367858612526696, 15.23528210858401089 ) ) ;
#1037 = ORIENTED_EDGE ( 'NONE', *, *, #535, .F. ) ;
#1038 = CARTESIAN_POINT ( 'NONE',  ( 17.13642529999999553, -10.61323909680799460, 5.644209245669372876 ) ) ;
#1039 = VECTOR ( 'NONE', #1072, 39.37007874015748854 ) ;
#1040 = VECTOR ( 'NONE', #1110, 39.37007874015748854 ) ;
#1041 = FACE_OUTER_BOUND ( 'NONE', #2009, .T. ) ;
#1042 = AXIS2_PLACEMENT_3D ( 'NONE', #687, #1992, #632 ) ;
#1043 = ORIENTED_EDGE ( 'NONE', *, *, #1924, .F. ) ;
#1044 = ADVANCED_FACE ( 'NONE', ( #1074 ), #508, .F. ) ;
#1045 = CARTESIAN_POINT ( 'NONE',  ( -16.65957517244094532, 12.13841676567515648, 13.08919022805996946 ) ) ;
#1046 = CARTESIAN_POINT ( 'NONE',  ( -16.65957470000000029, 4.353058419861325135, 15.82017383253217702 ) ) ;
#1047 = ORIENTED_EDGE ( 'NONE', *, *, #1120, .T. ) ;
#1048 = CARTESIAN_POINT ( 'NONE',  ( 40.35642529999999084, -13.16899030704432860, 15.15145032731811803 ) ) ;
#1049 = ADVANCED_FACE ( 'NONE', ( #263 ), #1426, .T. ) ;
#1050 = CARTESIAN_POINT ( 'NONE',  ( 17.20387935514339972, 6.802987922390622444, 21.28583095905845113 ) ) ;
#1051 = LINE ( 'NONE', #850, #2066 ) ;
#1052 = VERTEX_POINT ( 'NONE', #1604 ) ;
#1053 = PLANE ( 'NONE',  #1079 ) ;
#1054 = CARTESIAN_POINT ( 'NONE',  ( 17.21421236375321584, 9.465948876135227508, 5.684131579317176275 ) ) ;
#1055 = VERTEX_POINT ( 'NONE', #126 ) ;
#1056 = DIRECTION ( 'NONE',  ( -0.8948775276453762029, 0.1053542230182278466, -0.4336988565900590786 ) ) ;
#1057 = ADVANCED_FACE ( 'NONE', ( #1258 ), #2019, .F. ) ;
#1058 = DIRECTION ( 'NONE',  ( -0.9993900848364122291, 0.03492074355835943222, -1.990170016481177858E-16 ) ) ;
#1059 = LINE ( 'NONE', #905, #2141 ) ;
#1060 = DIRECTION ( 'NONE',  ( 0.000000000000000000, -0.7071067811865459074, 0.7071067811865490160 ) ) ;
#1061 = CARTESIAN_POINT ( 'NONE',  ( 17.13642529999999553, -5.000240678183378584, 25.86250000000000071 ) ) ;
#1062 = EDGE_CURVE ( 'NONE', #1862, #155, #1401, .T. ) ;
#1063 = EDGE_CURVE ( 'NONE', #1978, #456, #292, .T. ) ;
#1064 = CARTESIAN_POINT ( 'NONE',  ( 40.35642529999999795, -3.220456399262374703, 37.53194764656030458 ) ) ;
#1065 = ORIENTED_EDGE ( 'NONE', *, *, #643, .T. ) ;
#1066 = LINE ( 'NONE', #2219, #1230 ) ;
#1067 =( NAMED_UNIT ( * ) PLANE_ANGLE_UNIT ( ) SI_UNIT ( $, .RADIAN. ) );
#1068 = CARTESIAN_POINT ( 'NONE',  ( 30.36605001712980467, 10.88000984739620058, 15.39020326027785757 ) ) ;
#1069 = VERTEX_POINT ( 'NONE', #2398 ) ;
#1070 = DIRECTION ( 'NONE',  ( 0.9993900848364122291, -0.03492074355835943222, 0.000000000000000000 ) ) ;
#1071 = ORIENTED_EDGE ( 'NONE', *, *, #156, .T. ) ;
#1072 = DIRECTION ( 'NONE',  ( -0.000000000000000000, -0.5735764363510441610, 0.8191520442889930198 ) ) ;
#1073 = CARTESIAN_POINT ( 'NONE',  ( 18.66233650705236258, 8.932034046407691719, 18.45533529870124312 ) ) ;
#1074 = FACE_OUTER_BOUND ( 'NONE', #1651, .T. ) ;
#1075 = ORIENTED_EDGE ( 'NONE', *, *, #614, .F. ) ;
#1076 = DIRECTION ( 'NONE',  ( -0.03489949670250101776, -0.7066760308408360780, -0.7066760308408329694 ) ) ;
#1077 = VECTOR ( 'NONE', #390, 39.37007874015748143 ) ;
#1078 = APPLICATION_PROTOCOL_DEFINITION ( 'draft international standard', 'automotive_design', 1998, #2286 ) ;
#1079 = AXIS2_PLACEMENT_3D ( 'NONE', #1220, #510, #1414 ) ;
#1080 = CARTESIAN_POINT ( 'NONE',  ( 20.32761048647191160, 9.800313240797859038, 17.32891966050930677 ) ) ;
#1081 = VERTEX_POINT ( 'NONE', #2192 ) ;
#1082 = VECTOR ( 'NONE', #1590, 39.37007874015748143 ) ;
#1083 = LINE ( 'NONE', #927, #1276 ) ;
#1084 = VERTEX_POINT ( 'NONE', #660 ) ;
#1085 = DIRECTION ( 'NONE',  ( 0.9949655324626824893, -0.1002177090700575313, 0.000000000000000000 ) ) ;
#1086 = PLANE ( 'NONE',  #82 ) ;
#1087 = CARTESIAN_POINT ( 'NONE',  ( 27.86148283136905590, -10.62050541727926856, 15.59105822556842291 ) ) ;
#1088 = ORIENTED_EDGE ( 'NONE', *, *, #331, .T. ) ;
#1089 = CARTESIAN_POINT ( 'NONE',  ( 20.80788715561474334, -11.01300920068099920, 17.10693484662073871 ) ) ;
#1090 = ADVANCED_FACE ( 'NONE', ( #699 ), #2206, .F. ) ;
#1091 = CARTESIAN_POINT ( 'NONE',  ( 23.35231034535131300, 10.14126782057470066, 16.29719709164681163 ) ) ;
#1092 = EDGE_CURVE ( 'NONE', #1738, #1359, #1231, .T. ) ;
#1093 = DIRECTION ( 'NONE',  ( 0.000000000000000000, -0.5735764363510441610, 0.8191520442889930198 ) ) ;
#1094 = VERTEX_POINT ( 'NONE', #1796 ) ;
#1095 = ORIENTED_EDGE ( 'NONE', *, *, #693, .F. ) ;
#1096 = LINE ( 'NONE', #309, #992 ) ;
#1097 = VERTEX_POINT ( 'NONE', #1218 ) ;
#1098 = B_SPLINE_CURVE_WITH_KNOTS ( 'NONE', 3,
 ( #1123, #1291, #1282, #173, #1131, #1691, #2454, #1497, #521, #2053, #149, #1515, #1475, #1319, #373, #1889, #185, #2030, #1087, #910, #1665, #1179, #1158, #2327, #1737, #406 ),
 .UNSPECIFIED., .F., .F.,
 ( 4, 2, 2, 2, 2, 2, 2, 2, 2, 2, 2, 2, 4 ),
 ( 0.000000000000000000, 0.02114685362144433020, 0.04229370724288865346, 0.06344056086433297326, 0.08458741448577729305, 0.1057342681072216128, 0.1268811217286659465, 0.1691748289715548914, 0.1903216825929993639, 0.2114685362144438641, 0.2537622434573328367, 0.2960559507002217816, 0.3383496579431107820 ),
 .UNSPECIFIED. ) ;
#1099 = CARTESIAN_POINT ( 'NONE',  ( 19.31776878658695296, 9.379185191628316431, 17.91115525221147564 ) ) ;
#1100 = CARTESIAN_POINT ( 'NONE',  ( 40.03414474123232480, 13.08421774778033964, 13.29914015230048285 ) ) ;
#1101 = ORIENTED_EDGE ( 'NONE', *, *, #2057, .T. ) ;
#1102 = PLANE ( 'NONE',  #881 ) ;
#1103 = DIRECTION ( 'NONE',  ( 1.000000000000000000, 0.000000000000000000, 0.000000000000000000 ) ) ;
#1104 = EDGE_CURVE ( 'NONE', #1055, #1769, #1977, .T. ) ;
#1105 = CARTESIAN_POINT ( 'NONE',  ( 39.85920337190310647, -11.94516715917018423, 12.29366318627094934 ) ) ;
#1106 = ORIENTED_EDGE ( 'NONE', *, *, #143, .T. ) ;
#1107 = CARTESIAN_POINT ( 'NONE',  ( 44.21399040740976716, -4.515990668581442158, 37.32283766315644868 ) ) ;
#1108 = EDGE_LOOP ( 'NONE', ( #2103, #1927, #109, #740, #2434, #2364, #1560, #1203, #1994, #1473, #1756, #1397, #2411, #222, #2320, #2075, #1850, #1147, #1017, #2117, #2145, #1826, #1351, #1212 ) ) ;
#1109 = CARTESIAN_POINT ( 'NONE',  ( 18.13511686244213550, 8.469079902765292545, 19.04055397309262077 ) ) ;
#1110 = DIRECTION ( 'NONE',  ( -0.1620776619278826436, -0.3255134819336769070, -0.9315427014278006013 ) ) ;
#1111 = VERTEX_POINT ( 'NONE', #1036 ) ;
#1112 = LINE ( 'NONE', #534, #240 ) ;
#1113 = CARTESIAN_POINT ( 'NONE',  ( -16.65957470000000029, -1.219808473211220499E-16, 2.250000000000000444 ) ) ;
#1114 = VECTOR ( 'NONE', #2107, 39.37007874015748143 ) ;
#1115 = VECTOR ( 'NONE', #2359, 39.37007874015748143 ) ;
#1116 = VECTOR ( 'NONE', #337, 39.37007874015748854 ) ;
#1117 = DIRECTION ( 'NONE',  ( -2.330584605230175468E-15, 0.5735764363510442720, 0.8191520442889930198 ) ) ;
#1118 = VECTOR ( 'NONE', #1554, 39.37007874015748143 ) ;
#1119 = VERTEX_POINT ( 'NONE', #1993 ) ;
#1120 = EDGE_CURVE ( 'NONE', #1578, #178, #1051, .T. ) ;
#1121 = PLANE ( 'NONE',  #2228 ) ;
#1122 = CARTESIAN_POINT ( 'NONE',  ( -16.65957470000000029, -4.353058419861323358, 15.82017383253218412 ) ) ;
#1123 = CARTESIAN_POINT ( 'NONE',  ( 20.08007022706712519, -9.770717873742173154, 17.46180158664721205 ) ) ;
#1124 = ORIENTED_EDGE ( 'NONE', *, *, #2245, .T. ) ;
#1125 = CARTESIAN_POINT ( 'NONE',  ( 28.00998396641456978, 11.79251623770969637, 15.57634791726446721 ) ) ;
#1126 = DIRECTION ( 'NONE',  ( 0.000000000000000000, 0.5735764363510413855, 0.8191520442889951292 ) ) ;
#1127 = DIRECTION ( 'NONE',  ( 0.000000000000000000, -0.5735764363510441610, -0.8191520442889931308 ) ) ;
#1128 = EDGE_LOOP ( 'NONE', ( #338, #2268, #418 ) ) ;
#1129 = CARTESIAN_POINT ( 'NONE',  ( -16.66057470000000151, 4.514538163254539604, 7.244569152799043010 ) ) ;
#1130 = CARTESIAN_POINT ( 'NONE',  ( 18.71907241348023021, 10.38357576862362031, 18.40228816188280092 ) ) ;
#1131 = CARTESIAN_POINT ( 'NONE',  ( 21.35990747200773399, -9.919824242786711821, 16.88668767720247388 ) ) ;
#1132 = ORIENTED_EDGE ( 'NONE', *, *, #1254, .T. ) ;
#1133 = ADVANCED_FACE ( 'NONE', ( #2176 ), #2382, .T. ) ;
#1134 = EDGE_CURVE ( 'NONE', #328, #2293, #2008, .T. ) ;
#1135 = CARTESIAN_POINT ( 'NONE',  ( 21.66879061143758989, 11.11128749891314094, 16.77793575517191726 ) ) ;
#1136 = ORIENTED_EDGE ( 'NONE', *, *, #101, .F. ) ;
#1137 = DIRECTION ( 'NONE',  ( 0.9990925616714499968, 0.04259170356747566527, -0.000000000000000000 ) ) ;
#1138 = ORIENTED_EDGE ( 'NONE', *, *, #156, .F. ) ;
#1139 = EDGE_LOOP ( 'NONE', ( #2383, #2303, #970, #1154 ) ) ;
#1140 = CARTESIAN_POINT ( 'NONE',  ( 39.11392895368621225, 13.17614308487983621, 8.010192308219194146 ) ) ;
#1141 = EDGE_LOOP ( 'NONE', ( #516, #293, #245, #2023, #1011, #162, #1418 ) ) ;
#1142 = LINE ( 'NONE', #46, #1469 ) ;
#1143 = LINE ( 'NONE', #806, #1387 ) ;
#1144 = EDGE_LOOP ( 'NONE', ( #260, #533, #93, #2139 ) ) ;
#1145 = CARTESIAN_POINT ( 'NONE',  ( 33.74180311438874469, -11.17197669695591244, 15.23737998191784371 ) ) ;
#1146 = CARTESIAN_POINT ( 'NONE',  ( -5.740911758197094983, -7.768768464359026460, -9.770548633221162405 ) ) ;
#1147 = ORIENTED_EDGE ( 'NONE', *, *, #538, .F. ) ;
#1148 = FACE_OUTER_BOUND ( 'NONE', #103, .T. ) ;
#1149 = B_SPLINE_CURVE_WITH_KNOTS ( 'NONE', 3,
 ( #138, #1300, #1099, #1474, #1073, #2240, #2052, #1290, #360, #1256, #1109, #1864, #698, #159, #897, #887, #1877, #172, #2442, #733, #1829, #1484 ),
 .UNSPECIFIED., .F., .F.,
 ( 4, 2, 2, 2, 2, 2, 2, 2, 2, 2, 4 ),
 ( 0.5187597159168139127, 0.5556104483283483830, 0.5740358145341156737, 0.5832484976369993745, 0.5878548391884412805, 0.5924611807398831864, 0.6293119131514187670, 0.6385245962543025788, 0.6431309378057445958, 0.6477372793571867238, 0.6661626455629543475 ),
 .UNSPECIFIED. ) ;
#1150 = EDGE_CURVE ( 'NONE', #2407, #836, #1843, .T. ) ;
#1151 = CARTESIAN_POINT ( 'NONE',  ( 17.74692284023542044, -8.015508251883591839, 19.63240032587507500 ) ) ;
#1152 = ADVANCED_FACE ( 'NONE', ( #347 ), #1865, .F. ) ;
#1153 = AXIS2_PLACEMENT_3D ( 'NONE', #1785, #76, #1701 ) ;
#1154 = ORIENTED_EDGE ( 'NONE', *, *, #206, .F. ) ;
#1155 = VECTOR ( 'NONE', #1689, 39.37007874015748143 ) ;
#1156 = DIRECTION ( 'NONE',  ( -0.03489949670250101776, 0.7066760308408360780, -0.7066760308408329694 ) ) ;
#1157 = VECTOR ( 'NONE', #1637, 39.37007874015748143 ) ;
#1158 = CARTESIAN_POINT ( 'NONE',  ( 30.91537178843898914, -10.93651349690559016, 15.35797531562861096 ) ) ;
#1159 = VERTEX_POINT ( 'NONE', #1681 ) ;
#1160 = VECTOR ( 'NONE', #1548, 39.37007874015748854 ) ;
#1161 = FACE_OUTER_BOUND ( 'NONE', #1930, .T. ) ;
#1162 = CARTESIAN_POINT ( 'NONE',  ( 38.41653473282108422, -11.11437798067889737, 4.001913260154541518 ) ) ;
#1163 = VERTEX_POINT ( 'NONE', #1100 ) ;
#1164 = FACE_OUTER_BOUND ( 'NONE', #2457, .T. ) ;
#1165 = EDGE_CURVE ( 'NONE', #247, #2389, #744, .T. ) ;
#1166 = CARTESIAN_POINT ( 'NONE',  ( 17.15649862466743869, -5.562501928666773843, 2.219817674256892470 ) ) ;
#1167 = EDGE_CURVE ( 'NONE', #1999, #2277, #734, .T. ) ;
#1168 = ORIENTED_EDGE ( 'NONE', *, *, #2005, .F. ) ;
#1169 = DIRECTION ( 'NONE',  ( 0.000000000000000000, -0.5735764363510449382, 0.8191520442889924647 ) ) ;
#1170 = EDGE_LOOP ( 'NONE', ( #1844, #485, #1288, #1312, #414, #735, #704, #518, #843 ) ) ;
#1171 = PLANE ( 'NONE',  #1750 ) ;
#1172 = DIRECTION ( 'NONE',  ( 0.9949571670058384720, -0.1003006919069382719, 8.382544588868402573E-05 ) ) ;
#1173 = ORIENTED_EDGE ( 'NONE', *, *, #130, .F. ) ;
#1174 = CARTESIAN_POINT ( 'NONE',  ( 17.13642529999999553, -7.534864300642476032, 22.24268232574310034 ) ) ;
#1175 = CARTESIAN_POINT ( 'NONE',  ( -16.65957470000000029, -9.223988980714562302, -0.3221087929898480140 ) ) ;
#1176 = ORIENTED_EDGE ( 'NONE', *, *, #1759, .T. ) ;
#1177 = EDGE_CURVE ( 'NONE', #1882, #469, #2443, .T. ) ;
#1178 = CARTESIAN_POINT ( 'NONE',  ( 17.09705214552262476, 10.60926992630739463, 5.644205928469054889 ) ) ;
#1179 = CARTESIAN_POINT ( 'NONE',  ( 30.35946407188047402, -10.87933206180414203, 15.39059968046239035 ) ) ;
#1180 = ORIENTED_EDGE ( 'NONE', *, *, #1523, .T. ) ;
#1181 = CARTESIAN_POINT ( 'NONE',  ( 17.20387935514345656, 9.481488382779202695, 17.46053586549663805 ) ) ;
#1182 = CARTESIAN_POINT ( 'NONE',  ( -15.50957469999999994, 4.312904296347081612, 15.80750498476985832 ) ) ;
#1183 = ORIENTED_EDGE ( 'NONE', *, *, #1896, .F. ) ;
#1184 = DIRECTION ( 'NONE',  ( -0.9993900848364122291, -0.03492074355835943916, 0.000000000000000000 ) ) ;
#1185 = CARTESIAN_POINT ( 'NONE',  ( 19.88397422197233766, -9.677229887229634286, 17.56706775598709314 ) ) ;
#1186 = DIRECTION ( 'NONE',  ( 1.000000000000000000, 0.000000000000000000, 0.000000000000000000 ) ) ;
#1187 = DIRECTION ( 'NONE',  ( 0.9949571670058384720, 0.1003006919069382857, 8.382544588870472044E-05 ) ) ;
#1188 =( CONVERSION_BASED_UNIT ( 'INCH', #783 ) LENGTH_UNIT ( ) NAMED_UNIT ( #572 ) );
#1189 = VECTOR ( 'NONE', #2032, 39.37007874015748854 ) ;
#1190 = ORIENTED_EDGE ( 'NONE', *, *, #284, .F. ) ;
#1191 = PRESENTATION_LAYER_ASSIGNMENT (  '', '', ( #994 ) ) ;
#1192 = LINE ( 'NONE', #1399, #2352 ) ;
#1193 = EDGE_CURVE ( 'NONE', #1362, #807, #2077, .T. ) ;
#1194 = LINE ( 'NONE', #1354, #439 ) ;
#1195 = VERTEX_POINT ( 'NONE', #556 ) ;
#1196 = AXIS2_PLACEMENT_3D ( 'NONE', #1976, #1009, #1613 ) ;
#1197 = DIRECTION ( 'NONE',  ( 1.000000000000000000, 0.000000000000000000, 0.000000000000000000 ) ) ;
#1198 = VECTOR ( 'NONE', #1972, 39.37007874015748854 ) ;
#1199 = CARTESIAN_POINT ( 'NONE',  ( 17.72263367290670999, -7.981694578241445903, 19.67719229259732217 ) ) ;
#1200 = CARTESIAN_POINT ( 'NONE',  ( 17.21421571266629513, -9.481813787987356079, 17.46156013752709768 ) ) ;
#1201 = PLANE ( 'NONE',  #2071 ) ;
#1202 = DIRECTION ( 'NONE',  ( 0.9949655324626824893, -0.1002177090700575313, 0.000000000000000000 ) ) ;
#1203 = ORIENTED_EDGE ( 'NONE', *, *, #1896, .T. ) ;
#1204 = CARTESIAN_POINT ( 'NONE',  ( 39.27237459426802957, -12.42357780284719482, 15.15145032731811803 ) ) ;
#1205 = CARTESIAN_POINT ( 'NONE',  ( 17.15687328842585657, 6.578808480190073915, 21.60313053556023632 ) ) ;
#1206 = DIRECTION ( 'NONE',  ( 0.000000000000000000, 0.000000000000000000, 1.000000000000000000 ) ) ;
#1207 = ORIENTED_EDGE ( 'NONE', *, *, #1062, .T. ) ;
#1208 = FACE_OUTER_BOUND ( 'NONE', #2177, .T. ) ;
#1209 = EDGE_CURVE ( 'NONE', #666, #2423, #1301, .T. ) ;
#1210 = DIRECTION ( 'NONE',  ( 0.000000000000000000, 0.000000000000000000, 1.000000000000000000 ) ) ;
#1211 = CARTESIAN_POINT ( 'NONE',  ( 18.48213498301366542, -10.19394712004223180, 18.63897403495229810 ) ) ;
#1212 = ORIENTED_EDGE ( 'NONE', *, *, #1209, .F. ) ;
#1213 = DIRECTION ( 'NONE',  ( -0.000000000000000000, -0.03489949670249761771, -0.9993908270190957621 ) ) ;
#1214 = DIRECTION ( 'NONE',  ( 0.000000000000000000, 0.000000000000000000, 1.000000000000000000 ) ) ;
#1215 = EDGE_LOOP ( 'NONE', ( #2239, #171, #725, #1565 ) ) ;
#1216 = CARTESIAN_POINT ( 'NONE',  ( 26.17798792596267532, -11.60047270077351378, 15.78700642516239050 ) ) ;
#1217 = CARTESIAN_POINT ( 'NONE',  ( 17.15687328842587434, -6.578808480190237340, 21.60313053555999119 ) ) ;
#1218 = CARTESIAN_POINT ( 'NONE',  ( 17.13642529999999553, -4.400732836429532391, 24.71250000000000213 ) ) ;
#1219 = ORIENTED_EDGE ( 'NONE', *, *, #95, .F. ) ;
#1220 = CARTESIAN_POINT ( 'NONE',  ( 17.09705214552262476, -10.60926992630739463, 5.644205928469054889 ) ) ;
#1221 = ADVANCED_FACE ( 'NONE', ( #569 ), #2421, .T. ) ;
#1222 = CARTESIAN_POINT ( 'NONE',  ( 22.67535383932402127, 10.06708096051001711, 16.46734003941821811 ) ) ;
#1223 = EDGE_CURVE ( 'NONE', #944, #178, #161, .T. ) ;
#1224 = VERTEX_POINT ( 'NONE', #760 ) ;
#1225 = PLANE ( 'NONE',  #802 ) ;
#1226 = FACE_OUTER_BOUND ( 'NONE', #1108, .T. ) ;
#1227 = ORIENTED_EDGE ( 'NONE', *, *, #1461, .F. ) ;
#1228 = CARTESIAN_POINT ( 'NONE',  ( 38.10647070091832944, 7.670585860269024003, 2.219817674256892026 ) ) ;
#1229 = CARTESIAN_POINT ( 'NONE',  ( 17.21233171282657182, 9.680724475921291372, 11.76006441969734162 ) ) ;
#1230 = VECTOR ( 'NONE', #1833, 39.37007874015748854 ) ;
#1231 = LINE ( 'NONE', #2165, #1746 ) ;
#1232 = EDGE_LOOP ( 'NONE', ( #2354, #499, #2059, #822 ) ) ;
#1233 = LINE ( 'NONE', #2401, #755 ) ;
#1234 = AXIS2_PLACEMENT_3D ( 'NONE', #503, #354, #2416 ) ;
#1235 = VECTOR ( 'NONE', #729, 39.37007874015748143 ) ;
#1236 = DIRECTION ( 'NONE',  ( -0.03489949670250102470, -0.8186530389963592169, -0.5732270290835366211 ) ) ;
#1237 = AXIS2_PLACEMENT_3D ( 'NONE', #291, #1246, #1034 ) ;
#1238 = EDGE_CURVE ( 'NONE', #2467, #895, #898, .T. ) ;
#1239 = ORIENTED_EDGE ( 'NONE', *, *, #1891, .F. ) ;
#1240 = EDGE_CURVE ( 'NONE', #1578, #1464, #2043, .T. ) ;
#1241 = EDGE_CURVE ( 'NONE', #1413, #753, #1098, .T. ) ;
#1242 = CARTESIAN_POINT ( 'NONE',  ( 37.90638399428492988, -8.130897561208231039, 1.069817674256889228 ) ) ;
#1243 = DIRECTION ( 'NONE',  ( -0.9992864213068273216, 0.01445433466142401376, -0.03489585077468925628 ) ) ;
#1244 = ORIENTED_EDGE ( 'NONE', *, *, #1450, .F. ) ;
#1245 = DIRECTION ( 'NONE',  ( 0.000000000000000000, -1.000000000000000000, 0.000000000000000000 ) ) ;
#1246 = DIRECTION ( 'NONE',  ( 0.6246950442813314908, 0.000000000000000000, -0.7808688120615046024 ) ) ;
#1247 = DIRECTION ( 'NONE',  ( 0.9949568783728308663, -0.1003035900583417461, 0.000000000000000000 ) ) ;
#1248 = VERTEX_POINT ( 'NONE', #196 ) ;
#1249 = DIRECTION ( 'NONE',  ( 1.000000000000000000, -0.000000000000000000, 0.000000000000000000 ) ) ;
#1250 = CARTESIAN_POINT ( 'NONE',  ( 33.14110231685544505, 11.16435928845546677, 15.25873776293141937 ) ) ;
#1251 = ORIENTED_EDGE ( 'NONE', *, *, #1489, .F. ) ;
#1252 = CARTESIAN_POINT ( 'NONE',  ( -15.50957469999999994, 4.239497247624042231, 15.91234111508449089 ) ) ;
#1253 = ORIENTED_EDGE ( 'NONE', *, *, #1165, .T. ) ;
#1254 = EDGE_CURVE ( 'NONE', #272, #2372, #1550, .T. ) ;
#1255 = CARTESIAN_POINT ( 'NONE',  ( -15.50957470000000171, 8.536083332000025337, 11.79999999999995097 ) ) ;
#1256 = CARTESIAN_POINT ( 'NONE',  ( 18.16710003269298923, 8.500986523368608161, 18.99959391612172865 ) ) ;
#1257 = MANIFOLD_SOLID_BREP ( 'Boss-Extrude7', #1866 ) ;
#1258 = FACE_OUTER_BOUND ( 'NONE', #1897, .T. ) ;
#1259 = ORIENTED_EDGE ( 'NONE', *, *, #2213, .T. ) ;
#1260 = FACE_OUTER_BOUND ( 'NONE', #1728, .T. ) ;
#1261 = DIRECTION ( 'NONE',  ( 1.000000000000000000, 0.000000000000000000, 0.000000000000000000 ) ) ;
#1262 = CARTESIAN_POINT ( 'NONE',  ( 27.60129345780102739, 10.59342054928085197, 15.61553241687559712 ) ) ;
#1263 = VERTEX_POINT ( 'NONE', #2125 ) ;
#1264 = CARTESIAN_POINT ( 'NONE',  ( -16.54946217104885520, -3.810106712057068634, 7.742175969914358191 ) ) ;
#1265 = ORIENTED_EDGE ( 'NONE', *, *, #130, .T. ) ;
#1266 = LINE ( 'NONE', #2016, #1039 ) ;
#1267 = LINE ( 'NONE', #520, #166 ) ;
#1268 = EDGE_CURVE ( 'NONE', #2084, #492, #969, .T. ) ;
#1269 = CARTESIAN_POINT ( 'NONE',  ( 40.35642529999999795, -4.303626084882515634, 37.91826802157767418 ) ) ;
#1270 = VERTEX_POINT ( 'NONE', #1926 ) ;
#1271 = LINE ( 'NONE', #1025, #199 ) ;
#1272 = VECTOR ( 'NONE', #1906, 39.37007874015748143 ) ;
#1273 = EDGE_CURVE ( 'NONE', #1747, #1346, #14, .T. ) ;
#1274 = VECTOR ( 'NONE', #2214, 39.37007874015749564 ) ;
#1275 = DIRECTION ( 'NONE',  ( -0.9987827659587182882, -0.04932531220227834995, 0.000000000000000000 ) ) ;
#1276 = VECTOR ( 'NONE', #134, 39.37007874015748143 ) ;
#1277 = AXIS2_PLACEMENT_3D ( 'NONE', #310, #909, #2226 ) ;
#1278 = FACE_OUTER_BOUND ( 'NONE', #2455, .T. ) ;
#1279 = VERTEX_POINT ( 'NONE', #426 ) ;
#1280 = LINE ( 'NONE', #697, #2432 ) ;
#1281 = DIRECTION ( 'NONE',  ( 0.8948775276453770910, 0.1053542230182278744, 0.4336988565900570247 ) ) ;
#1282 = CARTESIAN_POINT ( 'NONE',  ( 20.58580616026489096, -9.830620581200543384, 17.20641036544368063 ) ) ;
#1283 = ORIENTED_EDGE ( 'NONE', *, *, #2304, .F. ) ;
#1284 = CARTESIAN_POINT ( 'NONE',  ( -16.65957517244094532, -11.81909904582143866, 11.77469398840256609 ) ) ;
#1285 = CARTESIAN_POINT ( 'NONE',  ( 36.02128722744333800, 12.41268229049472183, 15.18199929509908053 ) ) ;
#1286 = ADVANCED_FACE ( 'NONE', ( #772 ), #57, .T. ) ;
#1287 = CARTESIAN_POINT ( 'NONE',  ( 24.32036781079709087, 6.092357029870377971, 15.15145032731811803 ) ) ;
#1288 = ORIENTED_EDGE ( 'NONE', *, *, #1241, .F. ) ;
#1289 = CARTESIAN_POINT ( 'NONE',  ( 17.19736232454834735, 5.564519999886122115, 2.219817674256892470 ) ) ;
#1290 = CARTESIAN_POINT ( 'NONE',  ( 18.26643559807555661, 8.596145262682032495, 18.87800288759565248 ) ) ;
#1291 = CARTESIAN_POINT ( 'NONE',  ( 20.33119864632713103, -9.800742233267403236, 17.32699350283385797 ) ) ;
#1292 = VERTEX_POINT ( 'NONE', #231 ) ;
#1293 = LINE ( 'NONE', #1904, #1630 ) ;
#1294 = CARTESIAN_POINT ( 'NONE',  ( -16.57674702619692297, -4.350166356692379388, 15.81926137062790616 ) ) ;
#1295 = EDGE_CURVE ( 'NONE', #1913, #570, #221, .T. ) ;
#1296 = ADVANCED_FACE ( 'NONE', ( #1573 ), #980, .F. ) ;
#1297 = LINE ( 'NONE', #2058, #41 ) ;
#1298 = EDGE_LOOP ( 'NONE', ( #1797, #989, #1324, #391 ) ) ;
#1299 = CARTESIAN_POINT ( 'NONE',  ( -16.65957470000000029, 4.353058419861325135, 15.82017383253217702 ) ) ;
#1300 = CARTESIAN_POINT ( 'NONE',  ( 19.68482551852541107, 9.582286538981220403, 17.67397264234992704 ) ) ;
#1301 = LINE ( 'NONE', #2229, #918 ) ;
#1302 = B_SPLINE_SURFACE_WITH_KNOTS ( 'NONE', 3, 1, ( 
 ( #1652, #1460 ),
 ( #326, #2042 ),
 ( #2028, #722 ),
 ( #1854, #2250 ) ),
 .UNSPECIFIED., .F., .F., .F.,
 ( 4, 4 ),
 ( 2, 2 ),
 ( 0.000000000000000000, 1.000000000000000000 ),
 ( 0.000000000000000000, 1.000000000000000000 ),
 .UNSPECIFIED. ) ;
#1303 = ORIENTED_EDGE ( 'NONE', *, *, #1092, .F. ) ;
#1304 = CARTESIAN_POINT ( 'NONE',  ( 23.14965289034005735, 11.27572679334009642, 16.34407903606582479 ) ) ;
#1305 = CARTESIAN_POINT ( 'NONE',  ( -15.50957469999999994, 4.315727883870139614, 8.299152427293943646 ) ) ;
#1306 = VECTOR ( 'NONE', #2425, 39.37007874015748854 ) ;
#1307 = VECTOR ( 'NONE', #552, 39.37007874015748854 ) ;
#1308 = PRODUCT_DEFINITION ( 'UNKNOWN', '', #44, #2123 ) ;
#1309 = VECTOR ( 'NONE', #1961, 39.37007874015748143 ) ;
#1310 = LINE ( 'NONE', #894, #600 ) ;
#1311 = VECTOR ( 'NONE', #1953, 39.37007874015748143 ) ;
#1312 = ORIENTED_EDGE ( 'NONE', *, *, #53, .F. ) ;
#1313 = CARTESIAN_POINT ( 'NONE',  ( 17.35155977930221027, -8.720058849208903951, 20.58104018376920052 ) ) ;
#1314 = EDGE_LOOP ( 'NONE', ( #146, #460, #2183, #2360, #889, #1971, #237 ) ) ;
#1315 = EDGE_CURVE ( 'NONE', #84, #595, #1143, .T. ) ;
#1316 = EDGE_CURVE ( 'NONE', #383, #1815, #1901, .T. ) ;
#1317 = AXIS2_PLACEMENT_3D ( 'NONE', #2362, #1210, #1261 ) ;
#1318 = PLANE ( 'NONE',  #402 ) ;
#1319 = CARTESIAN_POINT ( 'NONE',  ( 25.38011262366783782, -10.35955995943614916, 15.90014566880512525 ) ) ;
#1320 = VERTEX_POINT ( 'NONE', #2099 ) ;
#1321 = CARTESIAN_POINT ( 'NONE',  ( 24.35113897862373378, 11.40597302290212589, 16.08285863626632306 ) ) ;
#1322 = VERTEX_POINT ( 'NONE', #393 ) ;
#1323 = DIRECTION ( 'NONE',  ( 0.000000000000000000, 0.7071067811865461294, 0.7071067811865489050 ) ) ;
#1324 = ORIENTED_EDGE ( 'NONE', *, *, #2121, .T. ) ;
#1325 = VERTEX_POINT ( 'NONE', #211 ) ;
#1326 = CARTESIAN_POINT ( 'NONE',  ( 17.45428994104286247, -8.941511655944948345, 20.27957154147617302 ) ) ;
#1327 = CARTESIAN_POINT ( 'NONE',  ( -15.50957469999999994, 10.32110011457915100, 7.226912102845400199 ) ) ;
#1328 = FILL_AREA_STYLE_COLOUR ( '', #1991 ) ;
#1329 = ORIENTED_EDGE ( 'NONE', *, *, #253, .F. ) ;
#1330 = CARTESIAN_POINT ( 'NONE',  ( 26.06685879220343693, 11.51350765911450047, 5.644961637424804834 ) ) ;
#1331 = EDGE_CURVE ( 'NONE', #874, #919, #23, .T. ) ;
#1332 = CARTESIAN_POINT ( 'NONE',  ( -16.81109805762584131, 9.444784652217121490, 6.152267697755715581 ) ) ;
#1333 = ORIENTED_EDGE ( 'NONE', *, *, #2337, .T. ) ;
#1334 = DIRECTION ( 'NONE',  ( 0.000000000000000000, 0.9418866831479494328, 0.3359307608846714421 ) ) ;
#1335 = CARTESIAN_POINT ( 'NONE',  ( 33.74217089089656696, 11.17198136068190095, 15.23736690570727426 ) ) ;
#1336 = ORIENTED_EDGE ( 'NONE', *, *, #253, .T. ) ;
#1337 = LINE ( 'NONE', #1569, #750 ) ;
#1338 = CARTESIAN_POINT ( 'NONE',  ( 19.20857837922871525, 10.70944753682170436, 18.00741058353503732 ) ) ;
#1339 = EDGE_LOOP ( 'NONE', ( #654, #355, #885, #1501 ) ) ;
#1340 = PLANE ( 'NONE',  #1835 ) ;
#1341 = DIRECTION ( 'NONE',  ( -1.000000000000000000, 0.000000000000000000, -0.000000000000000000 ) ) ;
#1342 = EDGE_LOOP ( 'NONE', ( #296, #2451, #2230, #62, #212, #215, #494, #730 ) ) ;
#1343 = LINE ( 'NONE', #252, #2181 ) ;
#1344 = EDGE_CURVE ( 'NONE', #570, #587, #628, .T. ) ;
#1345 = CARTESIAN_POINT ( 'NONE',  ( 17.43569657406738571, -7.502797270074279545, 20.31979394796657701 ) ) ;
#1346 = VERTEX_POINT ( 'NONE', #1046 ) ;
#1347 = AXIS2_PLACEMENT_3D ( 'NONE', #1023, #488, #1781 ) ;
#1348 = FACE_OUTER_BOUND ( 'NONE', #363, .T. ) ;
#1349 = VECTOR ( 'NONE', #2366, 39.37007874015748143 ) ;
#1350 = FILL_AREA_STYLE ('',( #1328 ) ) ;
#1351 = ORIENTED_EDGE ( 'NONE', *, *, #1400, .T. ) ;
#1352 = VECTOR ( 'NONE', #859, 39.37007874015748854 ) ;
#1353 = CARTESIAN_POINT ( 'NONE',  ( 36.64793526222077702, -12.26595811656790502, -6.163126813781524049 ) ) ;
#1354 = CARTESIAN_POINT ( 'NONE',  ( 17.09705214552262476, 10.61329384699660316, 17.84055742508223474 ) ) ;
#1355 = ORIENTED_EDGE ( 'NONE', *, *, #643, .F. ) ;
#1356 = CARTESIAN_POINT ( 'NONE',  ( 40.35642529999999084, -11.20262413551589553, 15.15145032731811803 ) ) ;
#1357 = EDGE_CURVE ( 'NONE', #1592, #2114, #2392, .T. ) ;
#1358 = CARTESIAN_POINT ( 'NONE',  ( 33.14110231685544505, 11.16435928845546677, 15.25873776293141937 ) ) ;
#1359 = VERTEX_POINT ( 'NONE', #845 ) ;
#1360 = CARTESIAN_POINT ( 'NONE',  ( -16.65957470000000029, -1.219808473211220499E-16, 2.250000000000000444 ) ) ;
#1361 = SURFACE_STYLE_USAGE ( .BOTH. , #1915 ) ;
#1362 = VERTEX_POINT ( 'NONE', #1252 ) ;
#1363 = DIRECTION ( 'NONE',  ( -0.07104322844294129469, 0.7053200903463686666, -0.7053200903463578975 ) ) ;
#1364 = CARTESIAN_POINT ( 'NONE',  ( -16.73973901297683042, -5.548840450762718035, 2.252799399494928245 ) ) ;
#1365 = ORIENTED_EDGE ( 'NONE', *, *, #359, .F. ) ;
#1366 = CARTESIAN_POINT ( 'NONE',  ( -16.65957470000000029, 10.04711537089518103, 0.3508529999240677100 ) ) ;
#1367 = CARTESIAN_POINT ( 'NONE',  ( 19.15060736845346412, -9.264733353103299152, 18.05052906251628286 ) ) ;
#1368 = ADVANCED_FACE ( 'NONE', ( #869 ), #1420, .T. ) ;
#1369 = EDGE_CURVE ( 'NONE', #1094, #399, #1584, .T. ) ;
#1370 = LINE ( 'NONE', #286, #366 ) ;
#1371 = CARTESIAN_POINT ( 'NONE',  ( -16.65957470000000029, 4.353058419861325135, 15.82017383253217702 ) ) ;
#1372 = ORIENTED_EDGE ( 'NONE', *, *, #2337, .F. ) ;
#1373 = CARTESIAN_POINT ( 'NONE',  ( 40.35642529999999084, -11.20262413551589553, 15.15145032731811803 ) ) ;
#1374 = DIRECTION ( 'NONE',  ( -0.9488720523415136165, -0.1060402193532424125, 0.2973168346473505363 ) ) ;
#1375 = ORIENTED_EDGE ( 'NONE', *, *, #710, .T. ) ;
#1376 = DIRECTION ( 'NONE',  ( 0.000000000000000000, -0.5735764363510441610, 0.8191520442889931308 ) ) ;
#1377 = CARTESIAN_POINT ( 'NONE',  ( 15.13642529999999553, 14.91153719807240563, 25.86250000000000071 ) ) ;
#1378 = CARTESIAN_POINT ( 'NONE',  ( 17.29768910363139156, -8.572242989625054932, 20.78438279567163605 ) ) ;
#1379 = ORIENTED_EDGE ( 'NONE', *, *, #342, .F. ) ;
#1380 = DIRECTION ( 'NONE',  ( 0.000000000000000000, 0.03489949670250509783, -0.9993908270190955401 ) ) ;
#1381 = PLANE ( 'NONE',  #1834 ) ;
#1382 = VECTOR ( 'NONE', #1779, 39.37007874015748854 ) ;
#1383 = ORIENTED_EDGE ( 'NONE', *, *, #966, .F. ) ;
#1384 = EDGE_CURVE ( 'NONE', #1195, #666, #2186, .T. ) ;
#1385 = ADVANCED_FACE ( 'NONE', ( #2014 ), #1019, .F. ) ;
#1386 = LINE ( 'NONE', #1048, #596 ) ;
#1387 = VECTOR ( 'NONE', #2339, 39.37007874015748143 ) ;
#1388 = PLANE ( 'NONE',  #1552 ) ;
#1389 = LINE ( 'NONE', #1940, #481 ) ;
#1390 = ORIENTED_EDGE ( 'NONE', *, *, #507, .T. ) ;
#1391 = VECTOR ( 'NONE', #1172, 39.37007874015748854 ) ;
#1392 = CARTESIAN_POINT ( 'NONE',  ( -10.19984382022382796, 17.65386423266075866, 4.120766308317181270 ) ) ;
#1393 = CARTESIAN_POINT ( 'NONE',  ( 18.11605344666135053, -9.863953821399050526, 19.05751761343467621 ) ) ;
#1394 = ORIENTED_EDGE ( 'NONE', *, *, #254, .F. ) ;
#1395 = DIRECTION ( 'NONE',  ( 0.000000000000000000, -0.7071067811865471286, 0.7071067811865477948 ) ) ;
#1396 = DIRECTION ( 'NONE',  ( 0.9368232497939066317, 0.08257284128151773372, 0.3399175260681341904 ) ) ;
#1397 = ORIENTED_EDGE ( 'NONE', *, *, #967, .F. ) ;
#1398 = LINE ( 'NONE', #261, #1382 ) ;
#1399 = CARTESIAN_POINT ( 'NONE',  ( -16.57061763720188452, -9.453061851502662094, 6.148668669076347904 ) ) ;
#1400 = EDGE_CURVE ( 'NONE', #1163, #2423, #69, .T. ) ;
#1401 = LINE ( 'NONE', #688, #1115 ) ;
#1402 = EDGE_LOOP ( 'NONE', ( #2020, #1824, #1801, #374, #1183, #1047, #2379, #1820 ) ) ;
#1403 = DIRECTION ( 'NONE',  ( 0.000000000000000000, -0.5735764363510441610, 0.8191520442889931308 ) ) ;
#1404 = EDGE_CURVE ( 'NONE', #1052, #2084, #298, .T. ) ;
#1405 = CARTESIAN_POINT ( 'NONE',  ( 23.89694952117308091, 10.20041670335198347, 16.17570149578228111 ) ) ;
#1406 = EDGE_LOOP ( 'NONE', ( #1007, #1004, #502, #444, #2284, #1902, #348, #1492 ) ) ;
#1407 = DIRECTION ( 'NONE',  ( 0.000000000000000000, -1.000000000000000000, 0.000000000000000000 ) ) ;
#1408 = CARTESIAN_POINT ( 'NONE',  ( -16.65957470000000029, 3.811699451946195971, 7.738330755672703454 ) ) ;
#1409 = ORIENTED_EDGE ( 'NONE', *, *, #2037, .F. ) ;
#1410 = CARTESIAN_POINT ( 'NONE',  ( 31.39157396385616750, -12.14194654104889004, 15.33221063060381262 ) ) ;
#1411 = CARTESIAN_POINT ( 'NONE',  ( -16.65957470000000029, 3.811699451946195971, 7.738330755672703454 ) ) ;
#1412 = CARTESIAN_POINT ( 'NONE',  ( -16.65957517244094532, 13.25591735715003416, 12.81772673502030280 ) ) ;
#1413 = VERTEX_POINT ( 'NONE', #1790 ) ;
#1414 = DIRECTION ( 'NONE',  ( 0.9949574626218488094, -0.1002977944577658209, 0.000000000000000000 ) ) ;
#1415 = ADVANCED_FACE ( 'NONE', ( #307 ), #2172, .F. ) ;
#1416 = FACE_OUTER_BOUND ( 'NONE', #1723, .T. ) ;
#1417 = ADVANCED_FACE ( 'NONE', ( #96 ), #443, .T. ) ;
#1418 = ORIENTED_EDGE ( 'NONE', *, *, #1477, .T. ) ;
#1419 = CARTESIAN_POINT ( 'NONE',  ( -16.65957470000000029, -9.449999999999997513, 6.149999999999998579 ) ) ;
#1420 = PLANE ( 'NONE',  #2350 ) ;
#1421 = DIRECTION ( 'NONE',  ( 0.000000000000000000, -0.7071067811865459074, 0.7071067811865490160 ) ) ;
#1422 = CARTESIAN_POINT ( 'NONE',  ( 17.13642529999999553, 0.000000000000000000, 22.24268232574310744 ) ) ;
#1423 = VECTOR ( 'NONE', #30, 39.37007874015748143 ) ;
#1424 = CARTESIAN_POINT ( 'NONE',  ( 17.32943922757842259, -9.485456174939184137, 6.127450429029686951 ) ) ;
#1425 = AXIS2_PLACEMENT_3D ( 'NONE', #1412, #1614, #498 ) ;
#1426 = PLANE ( 'NONE',  #1347 ) ;
#1427 = ORIENTED_EDGE ( 'NONE', *, *, #1635, .T. ) ;
#1428 = CARTESIAN_POINT ( 'NONE',  ( 26.06685879220323088, -11.51350765911447915, 5.644961637424809275 ) ) ;
#1429 = VECTOR ( 'NONE', #564, 39.37007874015748854 ) ;
#1430 = APPLICATION_PROTOCOL_DEFINITION ( 'draft international standard', 'automotive_design', 1998, #757 ) ;
#1431 = VECTOR ( 'NONE', #1374, 39.37007874015748143 ) ;
#1432 = CARTESIAN_POINT ( 'NONE',  ( -16.65957470000000029, -9.647302347628308183, 11.79999999999999893 ) ) ;
#1433 = VECTOR ( 'NONE', #1005, 39.37007874015748143 ) ;
#1434 = ADVANCED_FACE ( 'NONE', ( #1437 ), #1777, .T. ) ;
#1435 = EDGE_LOOP ( 'NONE', ( #2247, #1571, #2394, #2126, #2275, #345, #2081, #2217 ) ) ;
#1436 = DIRECTION ( 'NONE',  ( 0.000000000000000000, 0.9717396447607640209, -0.2360552113388397211 ) ) ;
#1437 = FACE_OUTER_BOUND ( 'NONE', #174, .T. ) ;
#1438 = CARTESIAN_POINT ( 'NONE',  ( 17.19736232454838287, -5.224697518790367923, 1.879995193161130507 ) ) ;
#1439 = CARTESIAN_POINT ( 'NONE',  ( 36.02128722744306089, -12.41268229049468275, 15.18199929509908586 ) ) ;
#1440 = FACE_OUTER_BOUND ( 'NONE', #827, .T. ) ;
#1441 = FACE_OUTER_BOUND ( 'NONE', #1141, .T. ) ;
#1442 = ORIENTED_EDGE ( 'NONE', *, *, #770, .F. ) ;
#1443 = CARTESIAN_POINT ( 'NONE',  ( -16.69272843759379654, -5.072884492107785803, 3.401858729971947159 ) ) ;
#1444 = LINE ( 'NONE', #1054, #834 ) ;
#1445 = ORIENTED_EDGE ( 'NONE', *, *, #2387, .F. ) ;
#1446 = ADVANCED_FACE ( 'NONE', ( #1226 ), #1381, .F. ) ;
#1447 = CARTESIAN_POINT ( 'NONE',  ( 40.35642529999999795, 12.46133856292462205, 15.15145032731811803 ) ) ;
#1448 = PLANE ( 'NONE',  #1425 ) ;
#1449 = CARTESIAN_POINT ( 'NONE',  ( 38.50358692423568385, 11.82568133108417108, 11.80179047784931257 ) ) ;
#1450 = EDGE_CURVE ( 'NONE', #551, #911, #1031, .T. ) ;
#1451 = DIRECTION ( 'NONE',  ( -1.000000000000000000, 0.000000000000000000, 0.000000000000000000 ) ) ;
#1452 = DIRECTION ( 'NONE',  ( -0.1002431020034338927, -0.9943568698760766322, 0.03472370704548224246 ) ) ;
#1453 = ORIENTED_EDGE ( 'NONE', *, *, #723, .T. ) ;
#1454 = CARTESIAN_POINT ( 'NONE',  ( 15.13642529999999553, 4.914979902152334823, 25.86250000000000071 ) ) ;
#1455 = DIRECTION ( 'NONE',  ( -1.000000000000000000, 0.000000000000000000, 0.000000000000000000 ) ) ;
#1456 = DIRECTION ( 'NONE',  ( -0.9992864213068273216, -0.01445433466142397733, -0.03489585077468926322 ) ) ;
#1457 = VERTEX_POINT ( 'NONE', #2353 ) ;
#1458 = LINE ( 'NONE', #896, #40 ) ;
#1459 = VERTEX_POINT ( 'NONE', #468 ) ;
#1460 = CARTESIAN_POINT ( 'NONE',  ( 17.13642529999999553, -6.092357029870377971, 22.24268232574310744 ) ) ;
#1461 = EDGE_CURVE ( 'NONE', #2293, #272, #2378, .T. ) ;
#1462 = ADVANCED_FACE ( 'NONE', ( #493 ), #108, .T. ) ;
#1463 = CARTESIAN_POINT ( 'NONE',  ( -15.50957469999999994, -10.32110011457914567, 7.226912102845328256 ) ) ;
#1464 = VERTEX_POINT ( 'NONE', #154 ) ;
#1465 = CARTESIAN_POINT ( 'NONE',  ( -15.50957470000000171, 8.355401351336315230, 6.625945038054477543 ) ) ;
#1466 = AXIS2_PLACEMENT_3D ( 'NONE', #2384, #2010, #1606 ) ;
#1467 = CARTESIAN_POINT ( 'NONE',  ( 38.18849732859591484, 12.42180300345352073, 15.15642653107450677 ) ) ;
#1468 = VECTOR ( 'NONE', #362, 39.37007874015748854 ) ;
#1469 = VECTOR ( 'NONE', #2124, 39.37007874015748143 ) ;
#1470 = CARTESIAN_POINT ( 'NONE',  ( 24.32036781079709087, 12.46133856292462205, 15.15145032731811803 ) ) ;
#1471 = ORIENTED_EDGE ( 'NONE', *, *, #311, .T. ) ;
#1472 = CARTESIAN_POINT ( 'NONE',  ( 17.21421236375261898, -9.679519707495662928, 11.79999999999999361 ) ) ;
#1473 = ORIENTED_EDGE ( 'NONE', *, *, #2356, .T. ) ;
#1474 = CARTESIAN_POINT ( 'NONE',  ( 18.81962485110092942, 9.047240948674339478, 18.31346088485368284 ) ) ;
#1475 = CARTESIAN_POINT ( 'NONE',  ( 24.56282723700347503, -10.27216865885658414, 16.04330197728555518 ) ) ;
#1476 = VERTEX_POINT ( 'NONE', #2211 ) ;
#1477 = EDGE_CURVE ( 'NONE', #1322, #919, #332, .T. ) ;
#1478 = CARTESIAN_POINT ( 'NONE',  ( 26.17243919090108761, 11.59988702051163756, 15.78775959293732711 ) ) ;
#1479 = LINE ( 'NONE', #1895, #1543 ) ;
#1480 = EDGE_CURVE ( 'NONE', #1084, #67, #1310, .T. ) ;
#1481 = DIRECTION ( 'NONE',  ( -0.9949574626218488094, -0.1002977944577658209, 0.000000000000000000 ) ) ;
#1482 = CARTESIAN_POINT ( 'NONE',  ( 15.56180934465841048, -4.933114189031734931, 25.86250000000000071 ) ) ;
#1483 = ORIENTED_EDGE ( 'NONE', *, *, #1740, .F. ) ;
#1484 = CARTESIAN_POINT ( 'NONE',  ( 17.20387935514339972, 6.802987922390622444, 21.28583095905845113 ) ) ;
#1485 = CARTESIAN_POINT ( 'NONE',  ( 17.13642529999999553, 14.56401300152743872, 10.19783169025368608 ) ) ;
#1486 = ORIENTED_EDGE ( 'NONE', *, *, #1786, .T. ) ;
#1487 = PLANE ( 'NONE',  #1798 ) ;
#1488 = CARTESIAN_POINT ( 'NONE',  ( -16.65957470000000029, -4.353058419861323358, 15.82017383253218412 ) ) ;
#1489 = EDGE_CURVE ( 'NONE', #1782, #1815, #527, .T. ) ;
#1490 = ADVANCED_FACE ( 'NONE', ( #2024 ), #715, .T. ) ;
#1491 = CARTESIAN_POINT ( 'NONE',  ( 17.09705214552262476, -10.61329384699660316, 17.84055742508223474 ) ) ;
#1492 = ORIENTED_EDGE ( 'NONE', *, *, #479, .F. ) ;
#1493 = CARTESIAN_POINT ( 'NONE',  ( -16.65957517244094532, 12.80892885256596436, 14.07099844755778939 ) ) ;
#1494 = VERTEX_POINT ( 'NONE', #2072 ) ;
#1495 = CARTESIAN_POINT ( 'NONE',  ( 15.53982351555520580, -4.332669082852377507, 24.71250000000000213 ) ) ;
#1496 = ADVANCED_BREP_SHAPE_REPRESENTATION ( '27_CH_Monocoque', ( #1257, #1317 ), #2400 ) ;
#1497 = CARTESIAN_POINT ( 'NONE',  ( 22.67769453581714956, -10.06733792350689782, 16.46673888689999998 ) ) ;
#1498 = PRODUCT_DEFINITION_SHAPE ( 'NONE', 'NONE',  #1308 ) ;
#1499 = EDGE_LOOP ( 'NONE', ( #1778, #1227, #407, #45 ) ) ;
#1500 = CARTESIAN_POINT ( 'NONE',  ( 19.70554268554633381, 10.88229341185339649, 17.66781140972784314 ) ) ;
#1501 = ORIENTED_EDGE ( 'NONE', *, *, #726, .T. ) ;
#1502 = ORIENTED_EDGE ( 'NONE', *, *, #1859, .T. ) ;
#1503 = CARTESIAN_POINT ( 'NONE',  ( -15.50957469999999994, 0.000000000000000000, 15.91234111508448912 ) ) ;
#1504 = AXIS2_PLACEMENT_3D ( 'NONE', #1686, #2082, #1103 ) ;
#1505 = AXIS2_PLACEMENT_3D ( 'NONE', #2324, #63, #823 ) ;
#1506 = DIRECTION ( 'NONE',  ( -0.9488720523415139496, 0.1060402193532424125, 0.2973168346473493706 ) ) ;
#1507 = VECTOR ( 'NONE', #120, 39.37007874015748854 ) ;
#1508 = LINE ( 'NONE', #2274, #1429 ) ;
#1509 = AXIS2_PLACEMENT_3D ( 'NONE', #2102, #1206, #962 ) ;
#1510 = VERTEX_POINT ( 'NONE', #703 ) ;
#1511 = CARTESIAN_POINT ( 'NONE',  ( 17.51148545291151848, -9.052117665718183659, 20.12984906003284635 ) ) ;
#1512 = ADVANCED_FACE ( 'NONE', ( #1278 ), #2038, .F. ) ;
#1513 = VECTOR ( 'NONE', #482, 39.37007874015748143 ) ;
#1514 = CARTESIAN_POINT ( 'NONE',  ( 18.25742629600853917, 10.00149794657141378, 18.88144964056344222 ) ) ;
#1515 = CARTESIAN_POINT ( 'NONE',  ( 24.29128268466096685, -10.24300112915974381, 16.09463478199102937 ) ) ;
#1516 = ORIENTED_EDGE ( 'NONE', *, *, #2047, .F. ) ;
#1517 = CARTESIAN_POINT ( 'NONE',  ( -15.50957469999999994, 13.63016046943614157, 9.543941107707132332 ) ) ;
#1518 = CARTESIAN_POINT ( 'NONE',  ( -16.65957470000000029, 9.449999999999953104, 17.44999999999999929 ) ) ;
#1519 = ORIENTED_EDGE ( 'NONE', *, *, #342, .T. ) ;
#1520 = CARTESIAN_POINT ( 'NONE',  ( -16.65957517244094532, 11.72575916694582254, 13.68467807254041801 ) ) ;
#1521 = CARTESIAN_POINT ( 'NONE',  ( 40.35642529999999084, 11.20262413551593816, 15.15145032731811803 ) ) ;
#1522 = ORIENTED_EDGE ( 'NONE', *, *, #284, .T. ) ;
#1523 = EDGE_CURVE ( 'NONE', #2222, #489, #1083, .T. ) ;
#1524 = DIRECTION ( 'NONE',  ( -0.9993374298092839725, -0.03451561201968986886, -0.01154876223153775833 ) ) ;
#1525 = DIRECTION ( 'NONE',  ( 0.7239835013049950030, 0.3746872630602898213, 0.5791867960671664983 ) ) ;
#1526 = CARTESIAN_POINT ( 'NONE',  ( -16.73419141440022884, -6.320126827551454163, 19.90919335097255072 ) ) ;
#1527 = ORIENTED_EDGE ( 'NONE', *, *, #384, .T. ) ;
#1528 = EDGE_CURVE ( 'NONE', #1510, #1978, #1884, .T. ) ;
#1529 = CARTESIAN_POINT ( 'NONE',  ( 39.75495033254175326, -11.20262413551589376, 15.15145032731811980 ) ) ;
#1530 = DIRECTION ( 'NONE',  ( -0.9993900848364122291, 0.03492074355835943222, -1.990170016481177858E-16 ) ) ;
#1531 = ORIENTED_EDGE ( 'NONE', *, *, #176, .T. ) ;
#1532 = DIRECTION ( 'NONE',  ( 0.7239835013049950030, -0.3746872630602898213, 0.5791867960671664983 ) ) ;
#1533 = CARTESIAN_POINT ( 'NONE',  ( 17.98414933995414700, -8.314046532427219915, 19.24021702073069662 ) ) ;
#1534 = B_SPLINE_CURVE_WITH_KNOTS ( 'NONE', 3,
 ( #736, #933, #2092, #2080, #912, #524, #2424, #1125, #1670, #2436, #727, #1478, #2243, #2055, #165, #1321, #2253, #546, #1304, #1893, #2067, #1881, #1135, #177, #946, #1694, #2456, #746, #1500, #1918 ),
 .UNSPECIFIED., .F., .F.,
 ( 4, 2, 2, 2, 2, 2, 2, 2, 2, 2, 2, 2, 2, 2, 4 ),
 ( 0.04494029048134375037, 0.09215000922345084611, 0.1393597279655579557, 0.1865694467076650653, 0.2101743060787187867, 0.2337791654497725080, 0.2573840248208261738, 0.2809888841918799507, 0.3045937435629336165, 0.3281986029339873379, 0.3518034623050410592, 0.3636058919905678088, 0.3754083216760945585, 0.3990131810471480023, 0.4226180404182015571 ),
 .UNSPECIFIED. ) ;
#1535 = ORIENTED_EDGE ( 'NONE', *, *, #1062, .F. ) ;
#1536 = PLANE ( 'NONE',  #364 ) ;
#1537 = ORIENTED_EDGE ( 'NONE', *, *, #812, .T. ) ;
#1538 = FACE_OUTER_BOUND ( 'NONE', #641, .T. ) ;
#1539 = ADVANCED_FACE ( 'NONE', ( #2426 ), #2256, .T. ) ;
#1540 = LINE ( 'NONE', #1564, #43 ) ;
#1541 = VERTEX_POINT ( 'NONE', #1658 ) ;
#1542 = DIRECTION ( 'NONE',  ( -0.000000000000000000, -1.000000000000000000, -0.000000000000000000 ) ) ;
#1543 = VECTOR ( 'NONE', #1323, 39.37007874015748143 ) ;
#1544 = CARTESIAN_POINT ( 'NONE',  ( 17.26490423705707755, -7.047731355230009598, 20.94509202222638322 ) ) ;
#1545 = VECTOR ( 'NONE', #123, 39.37007874015748854 ) ;
#1546 = EDGE_LOOP ( 'NONE', ( #1989, #689, #1716, #449 ) ) ;
#1547 = AXIS2_PLACEMENT_3D ( 'NONE', #1491, #368, #1127 ) ;
#1548 = DIRECTION ( 'NONE',  ( 0.1667056002818076976, 0.2327520235877502397, 0.9581418153647660585 ) ) ;
#1549 = AXIS2_PLACEMENT_3D ( 'NONE', #26, #200, #796 ) ;
#1550 = LINE ( 'NONE', #2319, #515 ) ;
#1551 = ORIENTED_EDGE ( 'NONE', *, *, #2312, .T. ) ;
#1552 = AXIS2_PLACEMENT_3D ( 'NONE', #1229, #2153, #1576 ) ;
#1553 = DIRECTION ( 'NONE',  ( -0.9992964041483339832, 0.03439521383019567002, 0.01495546461279625289 ) ) ;
#1554 = DIRECTION ( 'NONE',  ( 0.9469058927224552891, -0.1060584220223809576, -0.3035141536166188203 ) ) ;
#1555 = VERTEX_POINT ( 'NONE', #2050 ) ;
#1556 = CARTESIAN_POINT ( 'NONE',  ( 39.85920337190309937, 11.94516715917018601, 12.29366318627083388 ) ) ;
#1557 = ADVANCED_FACE ( 'NONE', ( #1687 ), #2246, .F. ) ;
#1558 = CARTESIAN_POINT ( 'NONE',  ( 17.20387935514345656, -6.802987922390869358, 21.28583095905808875 ) ) ;
#1559 = ADVANCED_FACE ( 'NONE', ( #1849 ), #539, .T. ) ;
#1560 = ORIENTED_EDGE ( 'NONE', *, *, #1240, .F. ) ;
#1561 = CARTESIAN_POINT ( 'NONE',  ( 17.24644731343602189, 8.391190252272640038, 21.03557129109614010 ) ) ;
#1562 = ORIENTED_EDGE ( 'NONE', *, *, #1477, .F. ) ;
#1563 = LINE ( 'NONE', #2329, #1593 ) ;
#1564 = CARTESIAN_POINT ( 'NONE',  ( -16.65957470000000029, 4.514538163254539604, 16.43171165450023352 ) ) ;
#1565 = ORIENTED_EDGE ( 'NONE', *, *, #2119, .T. ) ;
#1566 = CARTESIAN_POINT ( 'NONE',  ( 17.09705214552262476, 6.034878354894930297, 1.069814357056572129 ) ) ;
#1567 = PRODUCT_RELATED_PRODUCT_CATEGORY ( 'part', '', ( #2444 ) ) ;
#1568 = DIRECTION ( 'NONE',  ( 0.9990925616714499968, 0.04259170356747566527, 0.000000000000000000 ) ) ;
#1569 = CARTESIAN_POINT ( 'NONE',  ( -16.82129002990881972, 11.85960015264527279, 11.94141994600444256 ) ) ;
#1570 = EDGE_CURVE ( 'NONE', #1792, #587, #343, .T. ) ;
#1571 = ORIENTED_EDGE ( 'NONE', *, *, #982, .T. ) ;
#1572 = CARTESIAN_POINT ( 'NONE',  ( 40.35642529999999795, 12.42357780284718771, 15.15145032731823704 ) ) ;
#1573 = FACE_OUTER_BOUND ( 'NONE', #189, .T. ) ;
#1574 = EDGE_LOOP ( 'NONE', ( #978, #2242, #1667, #2136 ) ) ;
#1575 = DIRECTION ( 'NONE',  ( -0.000000000000000000, -1.000000000000000000, -0.000000000000000000 ) ) ;
#1576 = DIRECTION ( 'NONE',  ( -0.9949568783728308663, -0.1003035900583417461, 0.000000000000000000 ) ) ;
#1577 = LINE ( 'NONE', #1768, #762 ) ;
#1578 = VERTEX_POINT ( 'NONE', #1105 ) ;
#1579 = CARTESIAN_POINT ( 'NONE',  ( 17.21421571266625961, 9.679519934800127956, 11.79999684180779873 ) ) ;
#1580 = LINE ( 'NONE', #370, #353 ) ;
#1581 = ORIENTED_EDGE ( 'NONE', *, *, #465, .T. ) ;
#1582 = EDGE_CURVE ( 'NONE', #399, #97, #917, .T. ) ;
#1583 = CARTESIAN_POINT ( 'NONE',  ( -16.65957470000000029, 3.811699451946195971, 7.738330755672703454 ) ) ;
#1584 = LINE ( 'NONE', #2150, #2393 ) ;
#1585 = VECTOR ( 'NONE', #929, 39.37007874015748854 ) ;
#1586 = ORIENTED_EDGE ( 'NONE', *, *, #2121, .F. ) ;
#1587 = CARTESIAN_POINT ( 'NONE',  ( 40.35642529999999795, -12.42357780284719304, 15.15145032731811803 ) ) ;
#1588 = EDGE_CURVE ( 'NONE', #183, #18, #1297, .T. ) ;
#1589 = AXIS2_PLACEMENT_3D ( 'NONE', #1987, #1214, #288 ) ;
#1590 = DIRECTION ( 'NONE',  ( 0.000000000000000000, -0.03489949670249679892, -0.9993908270190959842 ) ) ;
#1591 = DIRECTION ( 'NONE',  ( -0.9993908270190957621, 0.000000000000000000, 0.03489949670250101083 ) ) ;
#1592 = VERTEX_POINT ( 'NONE', #1874 ) ;
#1593 = VECTOR ( 'NONE', #619, 39.37007874015747433 ) ;
#1594 = DIRECTION ( 'NONE',  ( -0.9993900848364122291, -0.03492074355835943916, -9.929166034938053320E-17 ) ) ;
#1595 = CARTESIAN_POINT ( 'NONE',  ( 38.50358692423537121, -11.82568133108414088, 11.80179047784931079 ) ) ;
#1596 = ORIENTED_EDGE ( 'NONE', *, *, #100, .T. ) ;
#1597 = LINE ( 'NONE', #258, #1513 ) ;
#1598 = EDGE_CURVE ( 'NONE', #874, #272, #1508, .T. ) ;
#1599 = DIRECTION ( 'NONE',  ( 0.000000000000000000, 0.000000000000000000, -1.000000000000000000 ) ) ;
#1600 = VERTEX_POINT ( 'NONE', #2461 ) ;
#1601 = CARTESIAN_POINT ( 'NONE',  ( 32.62269266630271147, -12.26800185669002552, 15.27654804187313964 ) ) ;
#1602 = LINE ( 'NONE', #1424, #2437 ) ;
#1603 = EDGE_CURVE ( 'NONE', #328, #582, #752, .T. ) ;
#1604 = CARTESIAN_POINT ( 'NONE',  ( -15.50957469999999994, 3.795065097164411316, 7.778489640588214016 ) ) ;
#1605 = ORIENTED_EDGE ( 'NONE', *, *, #967, .T. ) ;
#1606 = DIRECTION ( 'NONE',  ( 0.000000000000000000, -0.7071067811865461294, -0.7071067811865489050 ) ) ;
#1607 = LINE ( 'NONE', #2375, #2430 ) ;
#1608 = EDGE_LOOP ( 'NONE', ( #1329, #928, #2054, #2086 ) ) ;
#1609 = CARTESIAN_POINT ( 'NONE',  ( 17.34194463252559970, 8.727116040717039169, 20.56957636460827743 ) ) ;
#1610 = DIRECTION ( 'NONE',  ( 0.1714132746983141886, 0.000000000000000000, 0.9851992129804003628 ) ) ;
#1611 = ORIENTED_EDGE ( 'NONE', *, *, #1063, .T. ) ;
#1612 = LINE ( 'NONE', #445, #637 ) ;
#1613 = DIRECTION ( 'NONE',  ( -0.9993900848364122291, -0.03492074355835943222, 0.000000000000000000 ) ) ;
#1614 = DIRECTION ( 'NONE',  ( 0.000000000000000000, 0.9717396447607640209, -0.2360552113388397211 ) ) ;
#1615 = ORIENTED_EDGE ( 'NONE', *, *, #191, .T. ) ;
#1616 = DIRECTION ( 'NONE',  ( 0.000000000000000000, 0.000000000000000000, -1.000000000000000000 ) ) ;
#1617 = EDGE_CURVE ( 'NONE', #2367, #1292, #188, .T. ) ;
#1618 = CARTESIAN_POINT ( 'NONE',  ( 25.94960887887624068, 10.41990726382314847, 15.81609112098677450 ) ) ;
#1619 = EDGE_LOOP ( 'NONE', ( #932, #319, #1207, #1531 ) ) ;
#1620 = DIRECTION ( 'NONE',  ( -0.03489949670250101083, -0.9987820251299122098, 0.03487823687205944545 ) ) ;
#1621 = CARTESIAN_POINT ( 'NONE',  ( -0.3821326652403339019, -3.793828798026569693, 2.219817674256892470 ) ) ;
#1622 = VERTEX_POINT ( 'NONE', #1518 ) ;
#1623 = CARTESIAN_POINT ( 'NONE',  ( 24.04579559855840643, -11.37303143271755168, 16.14469330466458175 ) ) ;
#1624 = VECTOR ( 'NONE', #501, 39.37007874015748143 ) ;
#1625 = CARTESIAN_POINT ( 'NONE',  ( 38.15353631752450525, -11.72451868993955948, 13.68815613679936938 ) ) ;
#1626 = AXIS2_PLACEMENT_3D ( 'NONE', #1808, #102, #861 ) ;
#1627 = DIRECTION ( 'NONE',  ( 0.000000000000000000, 0.9418866831479490997, -0.3359307608846726079 ) ) ;
#1628 = EDGE_LOOP ( 'NONE', ( #2045, #1707, #2044, #509, #1596, #1190, #306, #2349 ) ) ;
#1629 = LINE ( 'NONE', #2195, #1189 ) ;
#1630 = VECTOR ( 'NONE', #574, 39.37007874015748854 ) ;
#1631 = AXIS2_PLACEMENT_3D ( 'NONE', #972, #1739, #2282 ) ;
#1632 = ADVANCED_FACE ( 'NONE', ( #2283 ), #2447, .F. ) ;
#1633 = CARTESIAN_POINT ( 'NONE',  ( 21.35097596471931070, 9.918808108426722114, 16.89000178722167078 ) ) ;
#1634 = VECTOR ( 'NONE', #1213, 39.37007874015748854 ) ;
#1635 = EDGE_CURVE ( 'NONE', #1029, #618, #925, .T. ) ;
#1636 = ORIENTED_EDGE ( 'NONE', *, *, #175, .T. ) ;
#1637 = DIRECTION ( 'NONE',  ( 0.1617202194053003472, -0.3315087861676196956, 0.9294882975751620480 ) ) ;
#1638 = VERTEX_POINT ( 'NONE', #1465 ) ;
#1639 = LINE ( 'NONE', #1299, #1274 ) ;
#1640 = CARTESIAN_POINT ( 'NONE',  ( -16.56790458629956575, -9.453166147873437453, 17.45105937825931974 ) ) ;
#1641 = FACE_OUTER_BOUND ( 'NONE', #1215, .T. ) ;
#1642 = VERTEX_POINT ( 'NONE', #151 ) ;
#1643 = CARTESIAN_POINT ( 'NONE',  ( 40.03122372714028643, -13.08450954369246766, 13.28235159966573065 ) ) ;
#1644 = CARTESIAN_POINT ( 'NONE',  ( 32.58537511610384030, 11.10764532851014685, 15.27849651788176821 ) ) ;
#1645 = ORIENTED_EDGE ( 'NONE', *, *, #2091, .T. ) ;
#1646 = EDGE_CURVE ( 'NONE', #1459, #779, #1112, .T. ) ;
#1647 = EDGE_CURVE ( 'NONE', #692, #606, #1293, .T. ) ;
#1648 = CARTESIAN_POINT ( 'NONE',  ( -16.61944027879212271, -13.59841229872499824, 9.521710799250826085 ) ) ;
#1649 = ORIENTED_EDGE ( 'NONE', *, *, #1400, .F. ) ;
#1650 = FACE_OUTER_BOUND ( 'NONE', #1298, .T. ) ;
#1651 = EDGE_LOOP ( 'NONE', ( #1037, #934, #1605, #2265 ) ) ;
#1652 = CARTESIAN_POINT ( 'NONE',  ( 17.13642529999999553, -12.46133856292459008, 22.24268232574310744 ) ) ;
#1653 = DIRECTION ( 'NONE',  ( -0.000000000000000000, 0.5735764363510413855, 0.8191520442889951292 ) ) ;
#1654 = VERTEX_POINT ( 'NONE', #365 ) ;
#1655 = CARTESIAN_POINT ( 'NONE',  ( 21.37688664717282805, -11.07832095748294776, 16.87928288604000571 ) ) ;
#1656 = DIRECTION ( 'NONE',  ( 0.000000000000000000, -0.5735764363510441610, -0.8191520442889931308 ) ) ;
#1657 = CARTESIAN_POINT ( 'NONE',  ( 28.70565431533285761, 10.70839168256891760, 15.51134486202936458 ) ) ;
#1658 = CARTESIAN_POINT ( 'NONE',  ( 33.14110231685544505, 11.16435928845546677, 15.25873776293141937 ) ) ;
#1659 = ORIENTED_EDGE ( 'NONE', *, *, #2182, .T. ) ;
#1660 = CARTESIAN_POINT ( 'NONE',  ( -15.50957469999999994, 1.991712271711900684, 1.991712271711898685 ) ) ;
#1661 = ADVANCED_FACE ( 'NONE', ( #376 ), #1102, .F. ) ;
#1662 = DIRECTION ( 'NONE',  ( 0.9990925616714499968, -0.04259170356747566527, 0.000000000000000000 ) ) ;
#1663 = ORIENTED_EDGE ( 'NONE', *, *, #2133, .F. ) ;
#1664 = CARTESIAN_POINT ( 'NONE',  ( 40.35642529999999795, -11.72451868993945645, 13.68815613679966425 ) ) ;
#1665 = CARTESIAN_POINT ( 'NONE',  ( 29.24845166989029011, -10.76463264873851244, 15.46780398958938996 ) ) ;
#1666 = VECTOR ( 'NONE', #737, 39.37007874015748143 ) ;
#1667 = ORIENTED_EDGE ( 'NONE', *, *, #1805, .T. ) ;
#1668 = ADVANCED_FACE ( 'NONE', ( #2233 ), #1487, .F. ) ;
#1669 = VECTOR ( 'NONE', #1137, 39.37007874015748854 ) ;
#1670 = CARTESIAN_POINT ( 'NONE',  ( 27.70300067063741523, 11.76050436608021421, 15.60682469323307942 ) ) ;
#1671 = VECTOR ( 'NONE', #98, 39.37007874015748854 ) ;
#1672 = DIRECTION ( 'NONE',  ( -0.07104322844294129469, -0.7053200903463686666, -0.7053200903463578975 ) ) ;
#1673 = AXIS2_PLACEMENT_3D ( 'NONE', #856, #83, #1070 ) ;
#1674 = VECTOR ( 'NONE', #821, 39.37007874015748854 ) ;
#1675 = CARTESIAN_POINT ( 'NONE',  ( -16.65957470000000029, 4.514538163254539604, 7.244569152799043010 ) ) ;
#1676 = ORIENTED_EDGE ( 'NONE', *, *, #880, .F. ) ;
#1677 = B_SPLINE_CURVE_WITH_KNOTS ( 'NONE', 3,
 ( #1521, #2299, #1712, #589, #423, #1910, #1335, #1358 ),
 .UNSPECIFIED., .F., .F.,
 ( 4, 2, 2, 4 ),
 ( 0.000000000000000000, 0.09164601991932787295, 0.1374690298789918164, 0.1832920398386557459 ),
 .UNSPECIFIED. ) ;
#1678 = CARTESIAN_POINT ( 'NONE',  ( 15.53982351555520580, 14.91153719807240563, 24.71250000000000213 ) ) ;
#1679 = LINE ( 'NONE', #346, #2316 ) ;
#1680 = EDGE_CURVE ( 'NONE', #609, #1119, #711, .T. ) ;
#1681 = CARTESIAN_POINT ( 'NONE',  ( 19.44691944166542541, 10.85018174881642850, 17.84075540212126043 ) ) ;
#1682 = EDGE_LOOP ( 'NONE', ( #2073, #924, #939, #765, #2061 ) ) ;
#1683 = EDGE_CURVE ( 'NONE', #1111, #1159, #1534, .T. ) ;
#1684 = EDGE_CURVE ( 'NONE', #2293, #1029, #2128, .T. ) ;
#1685 = CARTESIAN_POINT ( 'NONE',  ( -16.66057470000000151, 0.000000000000000000, 0.000000000000000000 ) ) ;
#1686 = CARTESIAN_POINT ( 'NONE',  ( -16.66057470000000151, 4.514538163254539604, 16.43171165450023352 ) ) ;
#1687 = FACE_OUTER_BOUND ( 'NONE', #1406, .T. ) ;
#1688 = EDGE_LOOP ( 'NONE', ( #1867, #28, #410 ) ) ;
#1689 = DIRECTION ( 'NONE',  ( -0.9992259388286606203, -0.01816453062737679799, 0.03489373868001090923 ) ) ;
#1690 = DIRECTION ( 'NONE',  ( -0.9993374298092839725, 0.03451561201968995213, -0.01154876223153764210 ) ) ;
#1691 = CARTESIAN_POINT ( 'NONE',  ( 21.88337731174761203, -9.978982688829953318, 16.70380493702700520 ) ) ;
#1692 = ORIENTED_EDGE ( 'NONE', *, *, #2168, .F. ) ;
#1693 = B_SPLINE_CURVE_WITH_KNOTS ( 'NONE', 3,
 ( #1871, #525, #1467, #1285, #167, #340 ),
 .UNSPECIFIED., .F., .F.,
 ( 4, 2, 4 ),
 ( 0.000000000000000000, 0.08256018799946589215, 0.1651203759989317843 ),
 .UNSPECIFIED. ) ;
#1694 = CARTESIAN_POINT ( 'NONE',  ( 20.80333834463742804, 11.01248424258052161, 17.10883581792919372 ) ) ;
#1695 = VERTEX_POINT ( 'NONE', #1162 ) ;
#1696 = ORIENTED_EDGE ( 'NONE', *, *, #664, .F. ) ;
#1697 = FACE_OUTER_BOUND ( 'NONE', #1688, .T. ) ;
#1698 = EDGE_CURVE ( 'NONE', #2015, #2389, #2307, .T. ) ;
#1699 = CARTESIAN_POINT ( 'NONE',  ( 17.13642529999999553, -15.50661205833701572, 10.85784665534111149 ) ) ;
#1700 = EDGE_LOOP ( 'NONE', ( #2269, #1731, #788, #650 ) ) ;
#1701 = DIRECTION ( 'NONE',  ( 0.000000000000000000, 0.000000000000000000, -1.000000000000000000 ) ) ;
#1702 = DIRECTION ( 'NONE',  ( -0.000000000000000000, 0.7071067811865459074, 0.7071067811865492381 ) ) ;
#1703 = DIRECTION ( 'NONE',  ( -0.000000000000000000, -0.03489949670249776342, -0.9993908270190957621 ) ) ;
#1704 = ORIENTED_EDGE ( 'NONE', *, *, #902, .T. ) ;
#1705 = CARTESIAN_POINT ( 'NONE',  ( 17.21071514748074449, -9.481351635666680266, 6.135304349553666547 ) ) ;
#1706 = DIRECTION ( 'NONE',  ( 1.000000000000000000, 0.000000000000000000, 0.000000000000000000 ) ) ;
#1707 = ORIENTED_EDGE ( 'NONE', *, *, #1134, .T. ) ;
#1708 = CARTESIAN_POINT ( 'NONE',  ( 17.09705214552262476, -6.034878354894930297, 1.069814357056572129 ) ) ;
#1709 = VECTOR ( 'NONE', #255, 39.37007874015748854 ) ;
#1710 = ADVANCED_FACE ( 'NONE', ( #250 ), #17, .T. ) ;
#1711 = VECTOR ( 'NONE', #2189, 39.37007874015748143 ) ;
#1712 = CARTESIAN_POINT ( 'NONE',  ( 37.95082038741603014, 11.20045030248083506, 15.15754534636832140 ) ) ;
#1713 = VECTOR ( 'NONE', #1202, 39.37007874015748143 ) ;
#1714 = EDGE_CURVE ( 'NONE', #761, #907, #809, .T. ) ;
#1715 = VECTOR ( 'NONE', #2090, 39.37007874015748143 ) ;
#1716 = ORIENTED_EDGE ( 'NONE', *, *, #415, .T. ) ;
#1717 = LINE ( 'NONE', #11, #633 ) ;
#1718 = CARTESIAN_POINT ( 'NONE',  ( -16.65957470000000029, 1.650000000000020561, -1.650000000000013456 ) ) ;
#1719 = CARTESIAN_POINT ( 'NONE',  ( -16.65957470000000029, 3.811699451946195971, 7.738330755672703454 ) ) ;
#1720 = ORIENTED_EDGE ( 'NONE', *, *, #2232, .F. ) ;
#1721 = FACE_OUTER_BOUND ( 'NONE', #625, .T. ) ;
#1722 = DIRECTION ( 'NONE',  ( -0.9993900848364122291, -0.03492074355835943916, 0.000000000000000000 ) ) ;
#1723 = EDGE_LOOP ( 'NONE', ( #1676, #2132, #561, #2193 ) ) ;
#1724 = CARTESIAN_POINT ( 'NONE',  ( 10.31384078945086280, 14.91153719807240563, 22.00443242471224892 ) ) ;
#1725 = CARTESIAN_POINT ( 'NONE',  ( 17.21833320391795041, -6.872762394826669841, 21.18826482730682770 ) ) ;
#1726 = ORIENTED_EDGE ( 'NONE', *, *, #749, .F. ) ;
#1727 = DIRECTION ( 'NONE',  ( 0.1210582060863024390, 0.7079766041525219489, 0.6957830399713903491 ) ) ;
#1728 = EDGE_LOOP ( 'NONE', ( #74, #2417, #1032 ) ) ;
#1729 = CARTESIAN_POINT ( 'NONE',  ( 17.13642529999999553, 10.40345237127223577, -0.3632965621755305241 ) ) ;
#1730 = CARTESIAN_POINT ( 'NONE',  ( -15.50957469999999994, 6.342388647377306121, 19.95195790897186328 ) ) ;
#1731 = ORIENTED_EDGE ( 'NONE', *, *, #605, .F. ) ;
#1732 = CARTESIAN_POINT ( 'NONE',  ( -16.68360931440142281, -12.89516177460747670, 11.33264830935431355 ) ) ;
#1733 = LINE ( 'NONE', #2142, #1423 ) ;
#1734 = ORIENTED_EDGE ( 'NONE', *, *, #80, .T. ) ;
#1735 = CARTESIAN_POINT ( 'NONE',  ( 17.87521400682850725, 9.590275217296364119, 19.41367716093473206 ) ) ;
#1736 = EDGE_CURVE ( 'NONE', #1163, #1111, #236, .T. ) ;
#1737 = CARTESIAN_POINT ( 'NONE',  ( 32.58433293321801472, -11.10753896999762169, 15.27853357245859023 ) ) ;
#1738 = VERTEX_POINT ( 'NONE', #1965 ) ;
#1739 = DIRECTION ( 'NONE',  ( -0.1002373098269233875, 0.9943574530687379065, -0.03472372741101036747 ) ) ;
#1740 = EDGE_CURVE ( 'NONE', #1248, #2467, #1577, .T. ) ;
#1741 = CARTESIAN_POINT ( 'NONE',  ( -16.61944027879212271, 8.898516041995781833, 0.3107430275211909287 ) ) ;
#1742 = ORIENTED_EDGE ( 'NONE', *, *, #2049, .F. ) ;
#1743 = CARTESIAN_POINT ( 'NONE',  ( 38.77068891777625481, 13.00913372065713425, 11.80182269334188661 ) ) ;
#1744 = VECTOR ( 'NONE', #1532, 39.37007874015748143 ) ;
#1745 = CARTESIAN_POINT ( 'NONE',  ( 19.41756057504458610, -9.425455022936825245, 17.85945054119205722 ) ) ;
#1746 = VECTOR ( 'NONE', #459, 39.37007874015748143 ) ;
#1747 = VERTEX_POINT ( 'NONE', #1182 ) ;
#1748 = VECTOR ( 'NONE', #3, 39.37007874015748854 ) ;
#1749 = DIRECTION ( 'NONE',  ( 0.1210582060863024390, 0.7079766041525219489, 0.6957830399713903491 ) ) ;
#1750 = AXIS2_PLACEMENT_3D ( 'NONE', #223, #1363, #1807 ) ;
#1751 = CARTESIAN_POINT ( 'NONE',  ( 17.09705214552262476, 10.82423487627877812, 11.79999668279964631 ) ) ;
#1752 = ORIENTED_EDGE ( 'NONE', *, *, #341, .F. ) ;
#1753 = VECTOR ( 'NONE', #1813, 39.37007874015748854 ) ;
#1754 = LINE ( 'NONE', #1729, #1715 ) ;
#1755 = LINE ( 'NONE', #2343, #1391 ) ;
#1756 = ORIENTED_EDGE ( 'NONE', *, *, #786, .F. ) ;
#1757 = FACE_OUTER_BOUND ( 'NONE', #645, .T. ) ;
#1758 = EDGE_CURVE ( 'NONE', #635, #618, #1755, .T. ) ;
#1759 = EDGE_CURVE ( 'NONE', #1600, #1966, #448, .T. ) ;
#1760 = CARTESIAN_POINT ( 'NONE',  ( 20.08007022706712519, -9.770717873742173154, 17.46180158664721205 ) ) ;
#1761 = CARTESIAN_POINT ( 'NONE',  ( -9.977701633069159470, -8.712386050730637876, -5.886073416723825780 ) ) ;
#1762 = ORIENTED_EDGE ( 'NONE', *, *, #2119, .F. ) ;
#1763 = FACE_OUTER_BOUND ( 'NONE', #1809, .T. ) ;
#1764 =( NAMED_UNIT ( * ) SI_UNIT ( $, .STERADIAN. ) SOLID_ANGLE_UNIT ( ) );
#1765 = ORIENTED_EDGE ( 'NONE', *, *, #1922, .F. ) ;
#1766 = LINE ( 'NONE', #1021, #714 ) ;
#1767 = CARTESIAN_POINT ( 'NONE',  ( 17.13642529999999553, 6.130117789947773232, 22.24268232574310744 ) ) ;
#1768 = CARTESIAN_POINT ( 'NONE',  ( -15.50957469999999994, -4.318848248444586702, 0.001624144036249898374 ) ) ;
#1769 = VERTEX_POINT ( 'NONE', #1730 ) ;
#1770 = CARTESIAN_POINT ( 'NONE',  ( -9.475534385473094900, 7.596738070330529169, -5.606983506044594279 ) ) ;
#1771 = CARTESIAN_POINT ( 'NONE',  ( -16.65957470000000029, 14.53986329357081075, 10.18092188269689125 ) ) ;
#1772 = CARTESIAN_POINT ( 'NONE',  ( 17.86950879846541440, -9.589651870930744337, 19.41374553085782395 ) ) ;
#1773 = ADVANCED_FACE ( 'NONE', ( #420 ), #634, .F. ) ;
#1774 = ORIENTED_EDGE ( 'NONE', *, *, #828, .F. ) ;
#1775 = UNCERTAINTY_MEASURE_WITH_UNIT (LENGTH_MEASURE( 1.000000000000000082E-05 ), #315, 'distance_accuracy_value', 'NONE');
#1776 = LINE ( 'NONE', #2134, #560 ) ;
#1777 = PLANE ( 'NONE',  #322 ) ;
#1778 = ORIENTED_EDGE ( 'NONE', *, *, #1598, .T. ) ;
#1779 = DIRECTION ( 'NONE',  ( -0.9992864213068273216, -0.01445433466142401376, 0.03489585077468926322 ) ) ;
#1780 = LINE ( 'NONE', #72, #921 ) ;
#1781 = DIRECTION ( 'NONE',  ( -0.9993908269330246119, -0.03489949916725208073, 0.000000000000000000 ) ) ;
#1782 = VERTEX_POINT ( 'NONE', #27 ) ;
#1783 = FACE_OUTER_BOUND ( 'NONE', #784, .T. ) ;
#1784 =( LENGTH_UNIT ( ) NAMED_UNIT ( * ) SI_UNIT ( $, .METRE. ) );
#1785 = CARTESIAN_POINT ( 'NONE',  ( -16.65957470000000029, 0.000000000000000000, 0.000000000000000000 ) ) ;
#1786 = EDGE_CURVE ( 'NONE', #944, #2222, #1389, .T. ) ;
#1787 = VERTEX_POINT ( 'NONE', #996 ) ;
#1788 = ADVANCED_FACE ( 'NONE', ( #37 ), #2155, .T. ) ;
#1789 = CARTESIAN_POINT ( 'NONE',  ( 17.23659355155546535, 8.353808575092726230, 21.08753838009410941 ) ) ;
#1790 = CARTESIAN_POINT ( 'NONE',  ( 20.08007022706712519, -9.770717873742173154, 17.46180158664721205 ) ) ;
#1791 = VECTOR ( 'NONE', #1085, 39.37007874015748143 ) ;
#1792 = VERTEX_POINT ( 'NONE', #2138 ) ;
#1793 = CARTESIAN_POINT ( 'NONE',  ( 24.95799564417110972, -11.47099708287245967, 15.97273427345577623 ) ) ;
#1794 = VECTOR ( 'NONE', #47, 39.37007874015748854 ) ;
#1795 = LINE ( 'NONE', #1817, #960 ) ;
#1796 = CARTESIAN_POINT ( 'NONE',  ( -16.65957470000000029, -4.900716284520176380, 16.43171165450023352 ) ) ;
#1797 = ORIENTED_EDGE ( 'NONE', *, *, #1570, .F. ) ;
#1798 = AXIS2_PLACEMENT_3D ( 'NONE', #1685, #1706, #764 ) ;
#1799 = CARTESIAN_POINT ( 'NONE',  ( -16.61944027879212271, -0.8373225645330593103, -0.8373225645330557576 ) ) ;
#1800 = FACE_BOUND ( 'NONE', #1342, .T. ) ;
#1801 = ORIENTED_EDGE ( 'NONE', *, *, #9, .F. ) ;
#1802 = PLANE ( 'NONE',  #483 ) ;
#1803 = DIRECTION ( 'NONE',  ( 0.000000000000000000, 0.000000000000000000, -1.000000000000000000 ) ) ;
#1804 = ORIENTED_EDGE ( 'NONE', *, *, #2213, .F. ) ;
#1805 = EDGE_CURVE ( 'NONE', #2252, #1862, #50, .T. ) ;
#1806 = DIRECTION ( 'NONE',  ( -0.000000000000000000, 1.000000000000000000, -0.000000000000000000 ) ) ;
#1807 = DIRECTION ( 'NONE',  ( 0.000000000000000000, 0.7071067811865421326, 0.7071067811865529018 ) ) ;
#1808 = CARTESIAN_POINT ( 'NONE',  ( -16.66057470000000151, 4.514538163254539604, 16.43171165450023352 ) ) ;
#1809 = EDGE_LOOP ( 'NONE', ( #1611, #24, #1812, #89 ) ) ;
#1810 = CARTESIAN_POINT ( 'NONE',  ( -15.50957469999999994, 8.114123401922388013, -0.2833514329460933845 ) ) ;
#1811 = CARTESIAN_POINT ( 'NONE',  ( 20.08007022706712874, 9.770717873742174930, 17.46180158664721205 ) ) ;
#1812 = ORIENTED_EDGE ( 'NONE', *, *, #12, .F. ) ;
#1813 = DIRECTION ( 'NONE',  ( -0.9992863102342089965, 0.03490128300881887441, -0.01444889694192576929 ) ) ;
#1814 = DIRECTION ( 'NONE',  ( -0.9851992129804003628, 3.005082347015374824E-16, 0.1714132746983141886 ) ) ;
#1815 = VERTEX_POINT ( 'NONE', #409 ) ;
#1816 = CARTESIAN_POINT ( 'NONE',  ( -16.52425333818883502, -8.316569399994937939, 17.07075942625790077 ) ) ;
#1817 = CARTESIAN_POINT ( 'NONE',  ( -16.66057470000000151, 4.514538163254539604, 16.43171165450023352 ) ) ;
#1818 = EDGE_CURVE ( 'NONE', #97, #1359, #1540, .T. ) ;
#1819 = CARTESIAN_POINT ( 'NONE',  ( -16.73419141440022884, 6.320126827551454163, 19.90919335097255072 ) ) ;
#1820 = ORIENTED_EDGE ( 'NONE', *, *, #902, .F. ) ;
#1821 = DIRECTION ( 'NONE',  ( 0.000000000000000000, -0.0003760595019727749097, 0.9999999292896228908 ) ) ;
#1822 = ADVANCED_FACE ( 'NONE', ( #2296 ), #797, .T. ) ;
#1823 = CARTESIAN_POINT ( 'NONE',  ( 23.48838533335806034, 10.15609051808311314, 16.26556244522882366 ) ) ;
#1824 = ORIENTED_EDGE ( 'NONE', *, *, #1241, .T. ) ;
#1825 = DIRECTION ( 'NONE',  ( -0.03489949670250101083, -1.432528382732062490E-16, 0.9993908270190957621 ) ) ;
#1826 = ORIENTED_EDGE ( 'NONE', *, *, #219, .T. ) ;
#1827 = DIRECTION ( 'NONE',  ( 0.000000000000000000, -1.000000000000000000, 0.000000000000000000 ) ) ;
#1828 = VECTOR ( 'NONE', #1455, 39.37007874015748143 ) ;
#1829 = CARTESIAN_POINT ( 'NONE',  ( 17.23264505652728573, 6.941851395339663888, 21.09165719572898468 ) ) ;
#1830 = VECTOR ( 'NONE', #29, 39.37007874015748143 ) ;
#1831 = CARTESIAN_POINT ( 'NONE',  ( -16.65957470000000029, -3.811699451946192418, 7.738330755672702566 ) ) ;
#1832 = ORIENTED_EDGE ( 'NONE', *, *, #1847, .F. ) ;
#1833 = DIRECTION ( 'NONE',  ( -0.9907571504889542968, 0.03202032059657631408, 0.1318141412136797364 ) ) ;
#1834 = AXIS2_PLACEMENT_3D ( 'NONE', #2202, #1814, #1610 ) ;
#1835 = AXIS2_PLACEMENT_3D ( 'NONE', #584, #397, #1917 ) ;
#1836 = CARTESIAN_POINT ( 'NONE',  ( 22.94501361896874769, 10.09675186988509310, 16.39615121812718712 ) ) ;
#1837 = EDGE_CURVE ( 'NONE', #2277, #1097, #432, .T. ) ;
#1838 = ORIENTED_EDGE ( 'NONE', *, *, #1177, .F. ) ;
#1839 = CARTESIAN_POINT ( 'NONE',  ( 17.13642529999999553, 12.46133856292462205, 22.24268232574310744 ) ) ;
#1840 = EDGE_LOOP ( 'NONE', ( #1762, #1253, #557 ) ) ;
#1841 = FACE_OUTER_BOUND ( 'NONE', #1546, .T. ) ;
#1842 = LINE ( 'NONE', #2420, #799 ) ;
#1843 = LINE ( 'NONE', #2263, #638 ) ;
#1844 = ORIENTED_EDGE ( 'NONE', *, *, #786, .T. ) ;
#1845 = CARTESIAN_POINT ( 'NONE',  ( 22.24936115484327104, -11.17642796445382380, 16.58859314823522269 ) ) ;
#1846 = CARTESIAN_POINT ( 'NONE',  ( 21.09153901634425310, 9.889172111942002630, 16.98970289967046554 ) ) ;
#1847 = EDGE_CURVE ( 'NONE', #1880, #1159, #1194, .T. ) ;
#1848 = EDGE_CURVE ( 'NONE', #565, #753, #941, .T. ) ;
#1849 = FACE_OUTER_BOUND ( 'NONE', #2122, .T. ) ;
#1850 = ORIENTED_EDGE ( 'NONE', *, *, #1617, .F. ) ;
#1851 = ORIENTED_EDGE ( 'NONE', *, *, #865, .T. ) ;
#1852 = LINE ( 'NONE', #2441, #1545 ) ;
#1853 = ORIENTED_EDGE ( 'NONE', *, *, #66, .F. ) ;
#1854 = CARTESIAN_POINT ( 'NONE',  ( 40.35642529999999795, -12.46133856292459008, 15.15145032731811803 ) ) ;
#1855 = CARTESIAN_POINT ( 'NONE',  ( 17.21421571266625961, 9.680914174378187909, 11.76007104411342752 ) ) ;
#1856 = ORIENTED_EDGE ( 'NONE', *, *, #1104, .F. ) ;
#1857 = DIRECTION ( 'NONE',  ( 0.000000000000000000, 0.2360552113388386386, -0.9717396447607642429 ) ) ;
#1858 = LINE ( 'NONE', #2438, #1907 ) ;
#1859 = EDGE_CURVE ( 'NONE', #1459, #1769, #430, .T. ) ;
#1860 = CARTESIAN_POINT ( 'NONE',  ( 38.37715073267540333, 11.05939059144069425, 3.775553393826594384 ) ) ;
#1861 = LINE ( 'NONE', #920, #2184 ) ;
#1862 = VERTEX_POINT ( 'NONE', #1903 ) ;
#1863 = ADVANCED_FACE ( 'NONE', ( #610 ), #1340, .T. ) ;
#1864 = CARTESIAN_POINT ( 'NONE',  ( 17.85468026561621713, 8.180551937273600416, 19.41221645775187454 ) ) ;
#1865 = PLANE ( 'NONE',  #840 ) ;
#1866 = CLOSED_SHELL ( 'NONE', ( #2403, #2460, #1878, #585, #1057, #1296, #1970, #1773, #1557, #1512, #2154, #1446, #1385, #1539, #1044, #163, #1490, #949, #1016, #2089, #1417, #35, #1368, #2257, #2278, #1937, #462, #847, #1028, #648, #1221, #1415, #2034, #526, #548, #566, #1710, #1462, #358, #1863, #616, #266, #1559, #1788, #1027, #1152, #1632, #389, #2459, #1822, #2179, #1968, #631, #1982, #1909, #2000, #447, #1090, #1661, #285, #451, #316, #908, #2197, #1049, #2449, #1434, #680, #208, #403, #1133, #1286, #2355, #1668 ) ) ;
#1867 = ORIENTED_EDGE ( 'NONE', *, *, #1384, .T. ) ;
#1868 = VECTOR ( 'NONE', #1662, 39.37007874015748854 ) ;
#1869 = DIRECTION ( 'NONE',  ( 0.000000000000000000, -0.9717396447607642429, -0.2360552113388386386 ) ) ;
#1870 = VECTOR ( 'NONE', #2251, 39.37007874015748143 ) ;
#1871 = CARTESIAN_POINT ( 'NONE',  ( 40.35642529999999795, 12.42357780284718771, 15.15145032731823704 ) ) ;
#1872 = VECTOR ( 'NONE', #213, 39.37007874015748854 ) ;
#1873 = VECTOR ( 'NONE', #1056, 39.37007874015748854 ) ;
#1874 = CARTESIAN_POINT ( 'NONE',  ( 17.13642529999999553, 6.038847525395529381, 1.069817674256889450 ) ) ;
#1875 = ORIENTED_EDGE ( 'NONE', *, *, #2304, .T. ) ;
#1876 = CARTESIAN_POINT ( 'NONE',  ( -16.65957470000000029, 4.260402639897955979, 15.95250000000000057 ) ) ;
#1877 = CARTESIAN_POINT ( 'NONE',  ( 17.37631710196184542, 7.361334412764774626, 20.51326996541003922 ) ) ;
#1878 = ADVANCED_FACE ( 'NONE', ( #1721 ), #2127, .F. ) ;
#1879 = CARTESIAN_POINT ( 'NONE',  ( 38.61134471862561668, -14.71797707772882902, 5.121585263581017067 ) ) ;
#1880 = VERTEX_POINT ( 'NONE', #1928 ) ;
#1881 = CARTESIAN_POINT ( 'NONE',  ( 21.81576829620445324, 11.12784240920628953, 16.72817177888927276 ) ) ;
#1882 = VERTEX_POINT ( 'NONE', #1181 ) ;
#1883 = DIRECTION ( 'NONE',  ( 0.000000000000000000, -1.000000000000000000, -5.421370992049868542E-17 ) ) ;
#1884 = LINE ( 'NONE', #1264, #2231 ) ;
#1885 = ORIENTED_EDGE ( 'NONE', *, *, #1480, .T. ) ;
#1886 = CARTESIAN_POINT ( 'NONE',  ( 18.56114636075746560, -10.25812443899650184, 18.55870126944028797 ) ) ;
#1887 = EDGE_LOOP ( 'NONE', ( #387, #1390, #1919, #1136 ) ) ;
#1888 = CARTESIAN_POINT ( 'NONE',  ( 17.84672023839923938, 9.555045360595748605, 19.45988595495370532 ) ) ;
#1889 = CARTESIAN_POINT ( 'NONE',  ( 26.75483552079981564, -10.50468414161133346, 15.71298996221927169 ) ) ;
#1890 = ORIENTED_EDGE ( 'NONE', *, *, #53, .T. ) ;
#1891 = EDGE_CURVE ( 'NONE', #1270, #1081, #385, .T. ) ;
#1892 = DIRECTION ( 'NONE',  ( 0.1713881501090771253, 0.01712089021603179287, 0.9850548091961172092 ) ) ;
#1893 = CARTESIAN_POINT ( 'NONE',  ( 22.55401910692119216, 11.21021378213151110, 16.50060422061633858 ) ) ;
#1894 = ORIENTED_EDGE ( 'NONE', *, *, #429, .F. ) ;
#1895 = CARTESIAN_POINT ( 'NONE',  ( -15.50957469999999994, -1.991712271711893800, 1.991712271711885807 ) ) ;
#1896 = EDGE_CURVE ( 'NONE', #1578, #2389, #763, .T. ) ;
#1897 = EDGE_LOOP ( 'NONE', ( #974, #1095, #899, #1851 ) ) ;
#1898 = ORIENTED_EDGE ( 'NONE', *, *, #749, .T. ) ;
#1899 = DIRECTION ( 'NONE',  ( 0.1713881501090771253, -0.01712089021603179287, 0.9850548091961172092 ) ) ;
#1900 = LINE ( 'NONE', #942, #519 ) ;
#1901 = LINE ( 'NONE', #1526, #957 ) ;
#1902 = ORIENTED_EDGE ( 'NONE', *, *, #1167, .T. ) ;
#1903 = CARTESIAN_POINT ( 'NONE',  ( -16.66057470000000151, -4.900716284520176380, 7.244569152799041234 ) ) ;
#1904 = CARTESIAN_POINT ( 'NONE',  ( 38.67561447849606537, -15.80708760546153968, 5.490976239596407460 ) ) ;
#1905 = ORIENTED_EDGE ( 'NONE', *, *, #1646, .T. ) ;
#1906 = DIRECTION ( 'NONE',  ( 0.000000000000000000, -0.7071067811865457964, 0.7071067811865492381 ) ) ;
#1907 = VECTOR ( 'NONE', #964, 39.37007874015748143 ) ;
#1908 = VECTOR ( 'NONE', #1975, 39.37007874015748854 ) ;
#1909 = ADVANCED_FACE ( 'NONE', ( #1161 ), #233, .F. ) ;
#1910 = CARTESIAN_POINT ( 'NONE',  ( 34.34331012606421041, 11.17809982050759032, 15.22021189490677884 ) ) ;
#1911 = VECTOR ( 'NONE', #1058, 39.37007874015748143 ) ;
#1912 = VECTOR ( 'NONE', #1749, 39.37007874015748854 ) ;
#1913 = VERTEX_POINT ( 'NONE', #187 ) ;
#1914 = CARTESIAN_POINT ( 'NONE',  ( -10.19984382022382796, -17.65386423266075866, 4.120766308317181270 ) ) ;
#1915 = SURFACE_SIDE_STYLE ('',( #608 ) ) ;
#1916 = ORIENTED_EDGE ( 'NONE', *, *, #664, .T. ) ;
#1917 = DIRECTION ( 'NONE',  ( 0.000000000000000000, 0.7071067811865461294, -0.7071067811865489050 ) ) ;
#1918 = CARTESIAN_POINT ( 'NONE',  ( 19.44691944166542541, 10.85018174881642850, 17.84075540212126043 ) ) ;
#1919 = ORIENTED_EDGE ( 'NONE', *, *, #2291, .T. ) ;
#1920 = DIRECTION ( 'NONE',  ( 0.000000000000000000, 0.0003760595019727745302, 0.9999999292896228908 ) ) ;
#1921 = LINE ( 'NONE', #2287, #234 ) ;
#1922 = EDGE_CURVE ( 'NONE', #1913, #609, #1754, .T. ) ;
#1923 = VERTEX_POINT ( 'NONE', #2115 ) ;
#1924 = EDGE_CURVE ( 'NONE', #1457, #1695, #1563, .T. ) ;
#1925 = DIRECTION ( 'NONE',  ( -0.9993908270190957621, 0.000000000000000000, 0.03489949670250101083 ) ) ;
#1926 = CARTESIAN_POINT ( 'NONE',  ( 17.21421236375323005, -9.481704186734717155, 6.135304644195207047 ) ) ;
#1927 = ORIENTED_EDGE ( 'NONE', *, *, #801, .F. ) ;
#1928 = CARTESIAN_POINT ( 'NONE',  ( 17.13642529999999553, 10.61726301749720314, 17.84056074228255540 ) ) ;
#1929 = DIRECTION ( 'NONE',  ( -0.1002431020034338927, 0.9943568698760766322, 0.03472370704548224246 ) ) ;
#1930 = EDGE_LOOP ( 'NONE', ( #882, #276, #2445, #2170 ) ) ;
#1931 = DIRECTION ( 'NONE',  ( 0.9368232497939066317, 0.08257284128151773372, 0.3399175260681341904 ) ) ;
#1932 = CARTESIAN_POINT ( 'NONE',  ( 17.37357038611774840, -7.363674664161275807, 20.50953206326128253 ) ) ;
#1933 = ORIENTED_EDGE ( 'NONE', *, *, #1714, .T. ) ;
#1934 = LINE ( 'NONE', #580, #244 ) ;
#1935 = DIRECTION ( 'NONE',  ( 0.000000000000000000, 1.000000000000000000, 2.321210124542035954E-16 ) ) ;
#1936 = ORIENTED_EDGE ( 'NONE', *, *, #254, .T. ) ;
#1937 = ADVANCED_FACE ( 'NONE', ( #34 ), #785, .T. ) ;
#1938 = EDGE_CURVE ( 'NONE', #911, #1464, #16, .T. ) ;
#1939 = CARTESIAN_POINT ( 'NONE',  ( -16.61944027879212271, -8.075389651815163106, -0.2819988205869891629 ) ) ;
#1940 = CARTESIAN_POINT ( 'NONE',  ( -16.63416479765848877, -8.496787842676583935, 11.79999999999998650 ) ) ;
#1941 = ORIENTED_EDGE ( 'NONE', *, *, #2405, .F. ) ;
#1942 = LINE ( 'NONE', #601, #119 ) ;
#1943 = VECTOR ( 'NONE', #422, 39.37007874015748143 ) ;
#1944 = PLANE ( 'NONE',  #36 ) ;
#1945 = CARTESIAN_POINT ( 'NONE',  ( 17.49182536347700889, -9.015288568610221986, 20.17961433727553455 ) ) ;
#1946 = AXIS2_PLACEMENT_3D ( 'NONE', #672, #835, #1591 ) ;
#1947 = ORIENTED_EDGE ( 'NONE', *, *, #280, .F. ) ;
#1948 = CARTESIAN_POINT ( 'NONE',  ( 44.14853303787479888, -3.429217459328058659, 36.94662089077915823 ) ) ;
#1949 = VECTOR ( 'NONE', #1525, 39.37007874015748143 ) ;
#1950 = DIRECTION ( 'NONE',  ( 0.000000000000000000, 0.03489949670248946451, -0.9993908270190960952 ) ) ;
#1951 = ORIENTED_EDGE ( 'NONE', *, *, #1818, .F. ) ;
#1952 = CARTESIAN_POINT ( 'NONE',  ( 17.23172541668517610, 9.483578924705216906, 17.46156161272502061 ) ) ;
#1953 = DIRECTION ( 'NONE',  ( -0.9949655324626824893, -0.1002177090700575313, 0.000000000000000000 ) ) ;
#1954 = ORIENTED_EDGE ( 'NONE', *, *, #2370, .F. ) ;
#1955 = LINE ( 'NONE', #1392, #1744 ) ;
#1956 = EDGE_CURVE ( 'NONE', #1224, #489, #573, .T. ) ;
#1957 = CARTESIAN_POINT ( 'NONE',  ( 17.13642529999999553, -14.56401300152743872, 10.19783169025368608 ) ) ;
#1958 = CARTESIAN_POINT ( 'NONE',  ( 18.44325960398587227, -10.16144240528882214, 18.67979540519216641 ) ) ;
#1959 = VERTEX_POINT ( 'NONE', #1330 ) ;
#1960 = CARTESIAN_POINT ( 'NONE',  ( -16.65957470000000029, -3.811699451946192418, 7.738330755672702566 ) ) ;
#1961 = DIRECTION ( 'NONE',  ( 0.1617202194053003472, -0.3315087861676196956, 0.9294882975751620480 ) ) ;
#1962 = VERTEX_POINT ( 'NONE', #774 ) ;
#1963 = CARTESIAN_POINT ( 'NONE',  ( -16.65957470000000029, 4.260402639897955979, 15.95250000000000057 ) ) ;
#1964 = CARTESIAN_POINT ( 'NONE',  ( 17.13642529999999553, 6.354509249667273707, 21.92221810981474661 ) ) ;
#1965 = CARTESIAN_POINT ( 'NONE',  ( -16.66057470000000151, 4.514538163254539604, 16.43171165450023352 ) ) ;
#1966 = VERTEX_POINT ( 'NONE', #2294 ) ;
#1967 = DIRECTION ( 'NONE',  ( -0.07104322844294087835, 0.7053200903463646698, -0.7053200903463618943 ) ) ;
#1968 = ADVANCED_FACE ( 'NONE', ( #1538 ), #1171, .F. ) ;
#1969 = LINE ( 'NONE', #1129, #318 ) ;
#1970 = ADVANCED_FACE ( 'NONE', ( #820 ), #111, .F. ) ;
#1971 = ORIENTED_EDGE ( 'NONE', *, *, #1683, .F. ) ;
#1972 = DIRECTION ( 'NONE',  ( 0.1617202194053004582, 0.3315087861676206948, 0.9294882975751614929 ) ) ;
#1973 = CARTESIAN_POINT ( 'NONE',  ( 38.68219170352064396, 15.85557381034039715, 5.528778894782904629 ) ) ;
#1974 = ORIENTED_EDGE ( 'NONE', *, *, #1736, .T. ) ;
#1975 = DIRECTION ( 'NONE',  ( 0.000000000000000000, 0.7071067811865459074, 0.7071067811865490160 ) ) ;
#1976 = CARTESIAN_POINT ( 'NONE',  ( -16.61944027879212271, 8.075389651815111591, -0.2819988205870467279 ) ) ;
#1977 = LINE ( 'NONE', #1819, #677 ) ;
#1978 = VERTEX_POINT ( 'NONE', #2191 ) ;
#1979 = DIRECTION ( 'NONE',  ( 0.000000000000000000, -0.03489949670249675728, -0.9993908270190959842 ) ) ;
#1980 = CARTESIAN_POINT ( 'NONE',  ( -15.50957469999999994, -4.312904296347080724, 15.80750498476986543 ) ) ;
#1981 = DIRECTION ( 'NONE',  ( 0.9469058927224552891, -0.1060584220223809576, -0.3035141536166188203 ) ) ;
#1982 = ADVANCED_FACE ( 'NONE', ( #274 ), #1388, .F. ) ;
#1983 = AXIS2_PLACEMENT_3D ( 'NONE', #2056, #576, #2094 ) ;
#1984 = VERTEX_POINT ( 'NONE', #1061 ) ;
#1985 = VECTOR ( 'NONE', #1979, 39.37007874015748143 ) ;
#1986 = DIRECTION ( 'NONE',  ( -0.03489949670250101083, 0.000000000000000000, 0.9993908270190957621 ) ) ;
#1987 = CARTESIAN_POINT ( 'NONE',  ( 0.000000000000000000, 0.000000000000000000, 1.069817674256892559 ) ) ;
#1988 = AXIS2_PLACEMENT_3D ( 'NONE', #1269, #1627, #2216 ) ;
#1989 = ORIENTED_EDGE ( 'NONE', *, *, #2255, .F. ) ;
#1990 = CARTESIAN_POINT ( 'NONE',  ( 28.93346847110012021, -11.88856574491680540, 15.49183689619239246 ) ) ;
#1991 = COLOUR_RGB ( '',0.7921568627450980005, 0.8196078431372548767, 0.9333333333333333481 ) ;
#1992 = DIRECTION ( 'NONE',  ( -0.07104322844294129469, -0.7053200903463686666, -0.7053200903463578975 ) ) ;
#1993 = CARTESIAN_POINT ( 'NONE',  ( -16.65957470000000029, 9.449999999999997513, 6.149999999999998579 ) ) ;
#1994 = ORIENTED_EDGE ( 'NONE', *, *, #1165, .F. ) ;
#1995 = AXIS2_PLACEMENT_3D ( 'NONE', #671, #2397, #2205 ) ;
#1996 = PLANE ( 'NONE',  #793 ) ;
#1997 = LENGTH_MEASURE_WITH_UNIT ( LENGTH_MEASURE( 0.02539999999999999897 ), #1784 );
#1998 = DIRECTION ( 'NONE',  ( 0.000000000000000000, 0.5735764363510449382, -0.8191520442889924647 ) ) ;
#1999 = VERTEX_POINT ( 'NONE', #1767 ) ;
#2000 = ADVANCED_FACE ( 'NONE', ( #301 ), #2342, .F. ) ;
#2001 = LINE ( 'NONE', #297, #1873 ) ;
#2002 = CARTESIAN_POINT ( 'NONE',  ( -16.65957470000000029, -14.53986329357081075, 10.18092188269689125 ) ) ;
#2003 = EDGE_LOOP ( 'NONE', ( #1649, #1974, #862 ) ) ;
#2004 = CARTESIAN_POINT ( 'NONE',  ( 29.54740709017990952, -11.95209162170508854, 15.44505962149235856 ) ) ;
#2005 = EDGE_CURVE ( 'NONE', #18, #127, #1000, .T. ) ;
#2006 = CARTESIAN_POINT ( 'NONE',  ( 17.13642529999999553, 6.130117789947773232, 22.24268232574310744 ) ) ;
#2007 = B_SPLINE_CURVE_WITH_KNOTS ( 'NONE', 3,
 ( #452, #2347, #754, #624, #2363, #1378, #1313, #381, #1326, #1945, #1511, #639, #2276, #242, #1772, #1393, #2143, #1958, #1211, #1886, #256, #182, #567, #2085, #194, #2289 ),
 .UNSPECIFIED., .F., .F.,
 ( 4, 2, 2, 2, 2, 2, 2, 2, 2, 2, 2, 2, 4 ),
 ( 1.241267076623636559E-16, 0.01953783880512538831, 0.03907567761025065173, 0.05861351641537592555, 0.06349797611665702890, 0.06838243581793813919, 0.07815135522050034589, 0.09768919402562474541, 0.1172270328307491311, 0.1221114925320302830, 0.1269959522333114210, 0.1367648716358736971, 0.1563027104409980272 ),
 .UNSPECIFIED. ) ;
#2008 = LINE ( 'NONE', #923, #679 ) ;
#2009 = EDGE_LOOP ( 'NONE', ( #1333, #1180, #2331, #106, #1551, #1355, #299, #1502, #257, #1251 ) ) ;
#2010 = DIRECTION ( 'NONE',  ( -0.03489949670250101776, -0.7066760308408358560, 0.7066760308408330804 ) ) ;
#2011 = B_SPLINE_CURVE_WITH_KNOTS ( 'NONE', 3,
 ( #1050, #1205, #1964, #2006 ),
 .UNSPECIFIED., .F., .F.,
 ( 4, 4 ),
 ( 0.000000000000000000, 0.02976104898512897320 ),
 .UNSPECIFIED. ) ;
#2012 = CARTESIAN_POINT ( 'NONE',  ( 21.87550354309694001, 9.978099409781625795, 16.70636813097446094 ) ) ;
#2013 = ORIENTED_EDGE ( 'NONE', *, *, #2335, .F. ) ;
#2014 = FACE_OUTER_BOUND ( 'NONE', #137, .T. ) ;
#2015 = VERTEX_POINT ( 'NONE', #1625 ) ;
#2016 = CARTESIAN_POINT ( 'NONE',  ( 17.13642529999999553, 15.50661205833701572, 10.85784665534111149 ) ) ;
#2017 = DIRECTION ( 'NONE',  ( -0.000000000000000000, -1.000000000000000000, -0.000000000000000000 ) ) ;
#2018 = EDGE_CURVE ( 'NONE', #1052, #1510, #2381, .T. ) ;
#2019 = PLANE ( 'NONE',  #1946 ) ;
#2020 = ORIENTED_EDGE ( 'NONE', *, *, #878, .T. ) ;
#2021 = LINE ( 'NONE', #2208, #2029 ) ;
#2022 = CARTESIAN_POINT ( 'NONE',  ( 24.30615853381767266, 10.24460260580594451, 16.09171925109574630 ) ) ;
#2023 = ORIENTED_EDGE ( 'NONE', *, *, #892, .T. ) ;
#2024 = FACE_OUTER_BOUND ( 'NONE', #38, .T. ) ;
#2025 = ORIENTED_EDGE ( 'NONE', *, *, #1357, .F. ) ;
#2026 = LINE ( 'NONE', #517, #1585 ) ;
#2027 = AXIS2_PLACEMENT_3D ( 'NONE', #477, #1236, #1998 ) ;
#2028 = CARTESIAN_POINT ( 'NONE',  ( 24.32036781079709087, -12.46133856292459008, 15.15145032731811803 ) ) ;
#2029 = VECTOR ( 'NONE', #461, 39.37007874015748143 ) ;
#2030 = CARTESIAN_POINT ( 'NONE',  ( 27.58421616227151674, -10.59156782524604345, 15.61928742477592635 ) ) ;
#2031 = ORIENTED_EDGE ( 'NONE', *, *, #694, .T. ) ;
#2032 = DIRECTION ( 'NONE',  ( 0.1210582060863031190, 0.7079766041525179521, 0.6957830399713943459 ) ) ;
#2033 = MECHANICAL_DESIGN_GEOMETRIC_PRESENTATION_REPRESENTATION (  '', ( #994 ), #203 ) ;
#2034 = ADVANCED_FACE ( 'NONE', ( #849 ), #446, .F. ) ;
#2035 = VECTOR ( 'NONE', #87, 39.37007874015748143 ) ;
#2036 = CARTESIAN_POINT ( 'NONE',  ( 30.92037961975617577, 10.93702785735654537, 15.35770295696484844 ) ) ;
#2037 = EDGE_CURVE ( 'NONE', #1923, #1999, #2011, .T. ) ;
#2038 = PLANE ( 'NONE',  #2315 ) ;
#2039 = EDGE_LOOP ( 'NONE', ( #810, #15, #2166, #2259 ) ) ;
#2040 = CARTESIAN_POINT ( 'NONE',  ( -16.65957470000000029, -9.449999999999951328, 17.44999999999999929 ) ) ;
#2041 = ORIENTED_EDGE ( 'NONE', *, *, #2049, .T. ) ;
#2042 = CARTESIAN_POINT ( 'NONE',  ( 17.13642529999999553, -6.092357029870377971, 16.26118847723761007 ) ) ;
#2043 = LINE ( 'NONE', #532, #121 ) ;
#2044 = ORIENTED_EDGE ( 'NONE', *, *, #1684, .T. ) ;
#2045 = ORIENTED_EDGE ( 'NONE', *, *, #80, .F. ) ;
#2046 = DIRECTION ( 'NONE',  ( 0.000000000000000000, 0.03489949670250504232, -0.9993908270190955401 ) ) ;
#2047 = EDGE_CURVE ( 'NONE', #1224, #1270, #1602, .T. ) ;
#2048 = CARTESIAN_POINT ( 'NONE',  ( 40.35642529999999795, -12.42357780284719304, 15.15145032731811803 ) ) ;
#2049 = EDGE_CURVE ( 'NONE', #1738, #2252, #1795, .T. ) ;
#2050 = CARTESIAN_POINT ( 'NONE',  ( -16.65957470000000029, 5.550000000000016698, 2.250000000000000000 ) ) ;
#2051 = DIRECTION ( 'NONE',  ( 0.000000000000000000, 0.9418866831479494328, 0.3359307608846714421 ) ) ;
#2052 = CARTESIAN_POINT ( 'NONE',  ( 18.36962958155340075, 8.690238449658044928, 18.75848944801148832 ) ) ;
#2053 = CARTESIAN_POINT ( 'NONE',  ( 23.48087441540836906, -10.15532120784539316, 16.26590950511363687 ) ) ;
#2054 = ORIENTED_EDGE ( 'NONE', *, *, #2385, .T. ) ;
#2055 = CARTESIAN_POINT ( 'NONE',  ( 25.25934161968684677, 11.50311679195434422, 15.92289518168561635 ) ) ;
#2056 = CARTESIAN_POINT ( 'NONE',  ( 17.21232505182358352, -9.465758855278346928, 5.684138214991717675 ) ) ;
#2057 = EDGE_CURVE ( 'NONE', #2159, #1097, #2358, .T. ) ;
#2058 = CARTESIAN_POINT ( 'NONE',  ( 17.20387935514346722, -9.675289253702626269, 17.18375953798246414 ) ) ;
#2059 = ORIENTED_EDGE ( 'NONE', *, *, #413, .T. ) ;
#2060 = CARTESIAN_POINT ( 'NONE',  ( -16.69272843759379654, 5.072884492107785803, 3.401858729971948048 ) ) ;
#2061 = ORIENTED_EDGE ( 'NONE', *, *, #537, .F. ) ;
#2062 = FACE_OUTER_BOUND ( 'NONE', #1170, .T. ) ;
#2063 = CARTESIAN_POINT ( 'NONE',  ( 17.21246754288772607, -9.679343703456536829, 11.79999669452396560 ) ) ;
#2064 = VECTOR ( 'NONE', #951, 39.37007874015748854 ) ;
#2065 = ORIENTED_EDGE ( 'NONE', *, *, #1404, .T. ) ;
#2066 = VECTOR ( 'NONE', #2371, 39.37007874015748143 ) ;
#2067 = CARTESIAN_POINT ( 'NONE',  ( 22.25762047705309143, 11.17734904653949712, 16.58606046297949632 ) ) ;
#2068 = VECTOR ( 'NONE', #931, 39.37007874015748143 ) ;
#2069 = PLANE ( 'NONE',  #278 ) ;
#2070 = VECTOR ( 'NONE', #2464, 39.37007874015748854 ) ;
#2071 = AXIS2_PLACEMENT_3D ( 'NONE', #1960, #68, #1395 ) ;
#2072 = CARTESIAN_POINT ( 'NONE',  ( 19.44691944166542541, -10.85018174881642850, 17.84075540212126043 ) ) ;
#2073 = ORIENTED_EDGE ( 'NONE', *, *, #1758, .F. ) ;
#2074 = DIRECTION ( 'NONE',  ( -0.9907571504889542968, 0.03202032059657631408, 0.1318141412136797364 ) ) ;
#2075 = ORIENTED_EDGE ( 'NONE', *, *, #372, .F. ) ;
#2076 = LINE ( 'NONE', #392, #682 ) ;
#2077 = LINE ( 'NONE', #544, #1870 ) ;
#2078 = ORIENTED_EDGE ( 'NONE', *, *, #1758, .T. ) ;
#2079 = EDGE_CURVE ( 'NONE', #1882, #1279, #659, .T. ) ;
#2080 = CARTESIAN_POINT ( 'NONE',  ( 31.39130868540652486, 12.14191935980281656, 15.33222317316089978 ) ) ;
#2081 = ORIENTED_EDGE ( 'NONE', *, *, #1063, .F. ) ;
#2082 = DIRECTION ( 'NONE',  ( -0.000000000000000000, 0.000000000000000000, 1.000000000000000000 ) ) ;
#2083 = EDGE_LOOP ( 'NONE', ( #993, #225, #794, #2344, #717, #1244 ) ) ;
#2084 = VERTEX_POINT ( 'NONE', #1411 ) ;
#2085 = CARTESIAN_POINT ( 'NONE',  ( 19.06940731175277293, -10.62541779272479481, 18.10736927633109872 ) ) ;
#2086 = ORIENTED_EDGE ( 'NONE', *, *, #605, .T. ) ;
#2087 = LINE ( 'NONE', #792, #1912 ) ;
#2088 = ORIENTED_EDGE ( 'NONE', *, *, #268, .T. ) ;
#2089 = ADVANCED_FACE ( 'NONE', ( #1440 ), #2175, .T. ) ;
#2090 = DIRECTION ( 'NONE',  ( 0.000000000000000000, -0.03489949670249679892, -0.9993908270190959842 ) ) ;
#2091 = EDGE_CURVE ( 'NONE', #635, #2372, #1192, .T. ) ;
#2092 = CARTESIAN_POINT ( 'NONE',  ( 32.62276541350278336, 12.26800932449086012, 15.27654420432012650 ) ) ;
#2093 = ORIENTED_EDGE ( 'NONE', *, *, #1683, .T. ) ;
#2094 = DIRECTION ( 'NONE',  ( 0.9949574626218488094, -0.1002977944577658209, 0.000000000000000000 ) ) ;
#2095 = B_SPLINE_CURVE_WITH_KNOTS ( 'NONE', 3,
 ( #1250, #1644, #2220, #2036, #1068, #901, #1657, #1262, #653, #1618, #2386, #330, #2022, #1405, #2169, #1823, #1091, #1836, #1222, #116, #2012, #1633, #1846, #464, #1080, #1811 ),
 .UNSPECIFIED., .F., .F.,
 ( 4, 2, 2, 2, 2, 2, 2, 2, 2, 2, 2, 2, 4 ),
 ( 0.000000000000000000, 0.04248597711243017050, 0.08497195422486034100, 0.1274579313372905254, 0.1699439084497206820, 0.2124298855621508386, 0.2336728741183657920, 0.2442943683964733104, 0.2549158626745807732, 0.2761588512307958099, 0.2974018397870107355, 0.3186448283432257167, 0.3398878168994406979 ),
 .UNSPECIFIED. ) ;
#2096 = LINE ( 'NONE', #2120, #431 ) ;
#2097 = PLANE ( 'NONE',  #512 ) ;
#2098 = CARTESIAN_POINT ( 'NONE',  ( 19.06960222044604336, 10.62258446916770183, 18.11144375919626626 ) ) ;
#2099 = CARTESIAN_POINT ( 'NONE',  ( 15.53982351555520580, 4.332669082852375730, 24.71250000000000213 ) ) ;
#2100 = ORIENTED_EDGE ( 'NONE', *, *, #2108, .T. ) ;
#2101 = DIRECTION ( 'NONE',  ( 0.9949571670058384720, -0.1003006919069382857, 8.382544588870455781E-05 ) ) ;
#2102 = CARTESIAN_POINT ( 'NONE',  ( 0.000000000000000000, 0.000000000000000000, 2.219817674256892470 ) ) ;
#2103 = ORIENTED_EDGE ( 'NONE', *, *, #1384, .F. ) ;
#2104 = PLANE ( 'NONE',  #791 ) ;
#2105 = EDGE_CURVE ( 'NONE', #1248, #456, #1780, .T. ) ;
#2106 = AXIS2_PLACEMENT_3D ( 'NONE', #302, #112, #312 ) ;
#2107 = DIRECTION ( 'NONE',  ( -6.135754871689836567E-15, -0.7071067811865457964, 0.7071067811865493491 ) ) ;
#2108 = EDGE_CURVE ( 'NONE', #145, #1119, #2164, .T. ) ;
#2109 = AXIS2_PLACEMENT_3D ( 'NONE', #32, #958, #2302 ) ;
#2110 = VECTOR ( 'NONE', #973, 39.37007874015748854 ) ;
#2111 = ORIENTED_EDGE ( 'NONE', *, *, #1254, .F. ) ;
#2112 = CARTESIAN_POINT ( 'NONE',  ( 18.97978014780620981, 10.56363664395066593, 18.18269070438747548 ) ) ;
#2113 = PRESENTATION_STYLE_ASSIGNMENT (( #1361 ) ) ;
#2114 = VERTEX_POINT ( 'NONE', #647 ) ;
#2115 = CARTESIAN_POINT ( 'NONE',  ( 17.20387935514339972, 6.802987922390622444, 21.28583095905845113 ) ) ;
#2116 = DIRECTION ( 'NONE',  ( 0.000000000000000000, -1.000000000000000000, 0.000000000000000000 ) ) ;
#2117 = ORIENTED_EDGE ( 'NONE', *, *, #2232, .T. ) ;
#2118 = FACE_OUTER_BOUND ( 'NONE', #186, .T. ) ;
#2119 = EDGE_CURVE ( 'NONE', #247, #2015, #506, .T. ) ;
#2120 = CARTESIAN_POINT ( 'NONE',  ( 36.65132887819500240, -13.42214553902642038, -6.143621977922954613 ) ) ;
#2121 = EDGE_CURVE ( 'NONE', #1959, #570, #1267, .T. ) ;
#2122 = EDGE_LOOP ( 'NONE', ( #218, #1734, #904 ) ) ;
#2123 = PRODUCT_DEFINITION_CONTEXT ( 'detailed design', #2286, 'design' ) ;
#2124 = DIRECTION ( 'NONE',  ( 0.000000000000000000, -1.000000000000000000, 0.000000000000000000 ) ) ;
#2125 = CARTESIAN_POINT ( 'NONE',  ( 17.19736232454834735, 9.481155519989455271, 6.136453194360240282 ) ) ;
#2126 = ORIENTED_EDGE ( 'NONE', *, *, #2255, .T. ) ;
#2127 = PLANE ( 'NONE',  #2148 ) ;
#2128 = LINE ( 'NONE', #985, #1674 ) ;
#2129 = VERTEX_POINT ( 'NONE', #1122 ) ;
#2130 = LINE ( 'NONE', #1732, #1830 ) ;
#2131 = CARTESIAN_POINT ( 'NONE',  ( 19.69348869455816597, -9.579490450742301988, 17.67921383969947158 ) ) ;
#2132 = ORIENTED_EDGE ( 'NONE', *, *, #1273, .F. ) ;
#2133 = EDGE_CURVE ( 'NONE', #1769, #1815, #2215, .T. ) ;
#2134 = CARTESIAN_POINT ( 'NONE',  ( -16.65957470000000029, 4.514538163254539604, 16.43171165450023352 ) ) ;
#2135 = DIRECTION ( 'NONE',  ( 0.000000000000000000, 2.321210124542035954E-16, -1.000000000000000000 ) ) ;
#2136 = ORIENTED_EDGE ( 'NONE', *, *, #583, .T. ) ;
#2137 = CARTESIAN_POINT ( 'NONE',  ( 35.54493116167805056, -11.18800537997976541, 15.19243856884567023 ) ) ;
#2138 = CARTESIAN_POINT ( 'NONE',  ( 38.41653473282108422, 11.11437798067892579, 4.001913260154569940 ) ) ;
#2139 = ORIENTED_EDGE ( 'NONE', *, *, #1582, .T. ) ;
#2140 = CARTESIAN_POINT ( 'NONE',  ( 38.10647070091832944, -1.162334286321302370E-14, 2.219817674256892470 ) ) ;
#2141 = VECTOR ( 'NONE', #1506, 39.37007874015748854 ) ;
#2142 = CARTESIAN_POINT ( 'NONE',  ( -0.4300413910988259425, 4.269468596378786174, 1.069817674256892559 ) ) ;
#2143 = CARTESIAN_POINT ( 'NONE',  ( 18.25346199723440677, -9.997956381355088240, 18.88593644478433475 ) ) ;
#2144 = AXIS2_PLACEMENT_3D ( 'NONE', #2361, #651, #1403 ) ;
#2145 = ORIENTED_EDGE ( 'NONE', *, *, #1570, .T. ) ;
#2146 = AXIS2_PLACEMENT_3D ( 'NONE', #2241, #2465, #708 ) ;
#2147 = CARTESIAN_POINT ( 'NONE',  ( 26.81324684277588588, 10.44937378278565987, 6.136113365788446572 ) ) ;
#2148 = AXIS2_PLACEMENT_3D ( 'NONE', #1939, #419, #2305 ) ;
#2149 = EDGE_CURVE ( 'NONE', #1592, #609, #2453, .T. ) ;
#2150 = CARTESIAN_POINT ( 'NONE',  ( -16.65957470000000029, -4.900716284520176380, 16.43171165450023352 ) ) ;
#2151 = ORIENTED_EDGE ( 'NONE', *, *, #860, .F. ) ;
#2152 = CARTESIAN_POINT ( 'NONE',  ( 10.73473523250987682, 0.000000000000000000, 20.86842940659502688 ) ) ;
#2153 = DIRECTION ( 'NONE',  ( -0.1002431020034338927, 0.9943568698760766322, 0.03472370704548224246 ) ) ;
#2154 = ADVANCED_FACE ( 'NONE', ( #2062 ), #1302, .T. ) ;
#2155 = PLANE ( 'NONE',  #1509 ) ;
#2156 = ORIENTED_EDGE ( 'NONE', *, *, #1598, .F. ) ;
#2157 = CARTESIAN_POINT ( 'NONE',  ( 32.49538093647792181, -12.24173095987701565, 15.66131467946926215 ) ) ;
#2158 = CARTESIAN_POINT ( 'NONE',  ( -16.65957517244094532, -12.80892885256593061, 14.07099844755778051 ) ) ;
#2159 = VERTEX_POINT ( 'NONE', #1495 ) ;
#2160 = FACE_OUTER_BOUND ( 'NONE', #308, .T. ) ;
#2161 = CARTESIAN_POINT ( 'NONE',  ( -9.534408786524810608, 8.751458468998430718, -5.725228766728035268 ) ) ;
#2162 = ORIENTED_EDGE ( 'NONE', *, *, #429, .T. ) ;
#2163 = CARTESIAN_POINT ( 'NONE',  ( 34.93795212982290366, -12.40535952523912755, 15.20253095186031977 ) ) ;
#2164 = LINE ( 'NONE', #471, #1082 ) ;
#2165 = CARTESIAN_POINT ( 'NONE',  ( -16.66057470000000151, 4.514538163254539604, 16.43171165450023352 ) ) ;
#2166 = ORIENTED_EDGE ( 'NONE', *, *, #2311, .F. ) ;
#2167 = LINE ( 'NONE', #1443, #239 ) ;
#2168 = EDGE_CURVE ( 'NONE', #469, #779, #1679, .T. ) ;
#2169 = CARTESIAN_POINT ( 'NONE',  ( 23.76067018311994161, 10.18566116540217159, 16.20482301043977813 ) ) ;
#2170 = ORIENTED_EDGE ( 'NONE', *, *, #235, .T. ) ;
#2171 = CARTESIAN_POINT ( 'NONE',  ( 39.99891422410014030, -11.93121068574462207, 13.09665246391930005 ) ) ;
#2172 = PLANE ( 'NONE',  #283 ) ;
#2173 = ORIENTED_EDGE ( 'NONE', *, *, #1647, .F. ) ;
#2174 = CARTESIAN_POINT ( 'NONE',  ( 10.31384078945086280, 7.410839252368902841, 22.00443242471224892 ) ) ;
#2175 = PLANE ( 'NONE',  #1995 ) ;
#2176 = FACE_OUTER_BOUND ( 'NONE', #2225, .T. ) ;
#2177 = EDGE_LOOP ( 'NONE', ( #831, #709, #590 ) ) ;
#2178 = CARTESIAN_POINT ( 'NONE',  ( 19.44691944166542541, -10.85018174881642850, 17.84075540212126043 ) ) ;
#2179 = ADVANCED_FACE ( 'NONE', ( #543 ), #1086, .T. ) ;
#2180 = PLANE ( 'NONE',  #2027 ) ;
#2181 = VECTOR ( 'NONE', #1920, 39.37007874015748854 ) ;
#2182 = EDGE_CURVE ( 'NONE', #742, #700, #1842, .T. ) ;
#2183 = ORIENTED_EDGE ( 'NONE', *, *, #1295, .F. ) ;
#2184 = VECTOR ( 'NONE', #741, 39.37007874015748854 ) ;
#2185 = CARTESIAN_POINT ( 'NONE',  ( 17.13642529999999553, 11.22657876145290423, 0.3920407691096940983 ) ) ;
#2186 = LINE ( 'NONE', #684, #1309 ) ;
#2187 = VECTOR ( 'NONE', #739, 39.37007874015748143 ) ;
#2188 = LINE ( 'NONE', #1438, #1114 ) ;
#2189 = DIRECTION ( 'NONE',  ( -0.000000000000000000, -1.000000000000000000, -0.000000000000000000 ) ) ;
#2190 = VECTOR ( 'NONE', #1169, 39.37007874015748854 ) ;
#2191 = CARTESIAN_POINT ( 'NONE',  ( -16.65957470000000029, -3.811699451946192418, 7.738330755672702566 ) ) ;
#2192 = CARTESIAN_POINT ( 'NONE',  ( 26.81324684277565495, -10.44937378278563500, 6.136113365788445684 ) ) ;
#2193 = ORIENTED_EDGE ( 'NONE', *, *, #1193, .T. ) ;
#2194 = AXIS2_PLACEMENT_3D ( 'NONE', #868, #1620, #839 ) ;
#2195 = CARTESIAN_POINT ( 'NONE',  ( 37.42177888551693599, 5.296813938525614773, -1.715454193425406393 ) ) ;
#2196 = CARTESIAN_POINT ( 'NONE',  ( 17.09705214552262476, -10.82423487627877812, 11.79999668279964631 ) ) ;
#2197 = ADVANCED_FACE ( 'NONE', ( #148 ), #922, .T. ) ;
#2198 = ORIENTED_EDGE ( 'NONE', *, *, #428, .T. ) ;
#2199 = EDGE_CURVE ( 'NONE', #1279, #1923, #1149, .T. ) ;
#2200 = EDGE_CURVE ( 'NONE', #328, #874, #125, .T. ) ;
#2201 = DIRECTION ( 'NONE',  ( 0.000000000000000000, 0.2360552113388397211, 0.9717396447607640209 ) ) ;
#2202 = CARTESIAN_POINT ( 'NONE',  ( 36.61193249087499879, -1.116747461517063452E-14, -6.370053039637721959 ) ) ;
#2203 = ORIENTED_EDGE ( 'NONE', *, *, #1177, .T. ) ;
#2204 = CARTESIAN_POINT ( 'NONE',  ( 23.44030059213340067, -11.30744032125017995, 16.27498684137792395 ) ) ;
#2205 = DIRECTION ( 'NONE',  ( 0.9993908270190957621, 0.000000000000000000, 0.03489949670250101083 ) ) ;
#2206 = PLANE ( 'NONE',  #916 ) ;
#2207 = EDGE_LOOP ( 'NONE', ( #2198, #1024, #140, #1774 ) ) ;
#2208 = CARTESIAN_POINT ( 'NONE',  ( 17.13642529999999553, -5.799878505998573769E-17, 1.069817674256893003 ) ) ;
#2209 = DIRECTION ( 'NONE',  ( -3.709831394938734223E-15, -0.03489949670249693076, -0.9993908270190959842 ) ) ;
#2210 = ORIENTED_EDGE ( 'NONE', *, *, #25, .F. ) ;
#2211 = CARTESIAN_POINT ( 'NONE',  ( 38.51694266285376500, 10.07112156210902221, 4.579008667842690450 ) ) ;
#2212 = ORIENTED_EDGE ( 'NONE', *, *, #860, .T. ) ;
#2213 = EDGE_CURVE ( 'NONE', #609, #1959, #31, .T. ) ;
#2214 = DIRECTION ( 'NONE',  ( 0.000000000000000000, -0.5735764363510449382, 0.8191520442889924647 ) ) ;
#2215 = LINE ( 'NONE', #930, #998 ) ;
#2216 = DIRECTION ( 'NONE',  ( 0.000000000000000000, 0.3359307608846725524, 0.9418866831479489887 ) ) ;
#2217 = ORIENTED_EDGE ( 'NONE', *, *, #2446, .F. ) ;
#2218 = EDGE_CURVE ( 'NONE', #1747, #1362, #184, .T. ) ;
#2219 = CARTESIAN_POINT ( 'NONE',  ( -16.86540715709242022, 12.90103730647106062, 11.35683539344149651 ) ) ;
#2220 = CARTESIAN_POINT ( 'NONE',  ( 32.03004165099381595, 11.05084571065961718, 15.30184486101833841 ) ) ;
#2221 = CARTESIAN_POINT ( 'NONE',  ( -16.61944027879212271, 13.59841229872499824, 9.521710799250826085 ) ) ;
#2222 = VERTEX_POINT ( 'NONE', #229 ) ;
#2223 = DIRECTION ( 'NONE',  ( -0.9992864213068273216, -0.01445433466142401376, 0.03489585077468926322 ) ) ;
#2224 = VECTOR ( 'NONE', #1126, 39.37007874015748854 ) ;
#2225 = EDGE_LOOP ( 'NONE', ( #1951, #2414, #1071, #542 ) ) ;
#2226 = DIRECTION ( 'NONE',  ( 0.000000000000000000, 0.5735764363510413855, 0.8191520442889951292 ) ) ;
#2227 = EDGE_CURVE ( 'NONE', #469, #836, #1900, .T. ) ;
#2228 = AXIS2_PLACEMENT_3D ( 'NONE', #1876, #170, #2429 ) ;
#2229 = CARTESIAN_POINT ( 'NONE',  ( 40.35642529999999084, -13.16899030704432860, 15.15145032731811803 ) ) ;
#2230 = ORIENTED_EDGE ( 'NONE', *, *, #2018, .T. ) ;
#2231 = VECTOR ( 'NONE', #1456, 39.37007874015748854 ) ;
#2232 = EDGE_CURVE ( 'NONE', #2114, #1792, #2087, .T. ) ;
#2233 = FACE_OUTER_BOUND ( 'NONE', #599, .T. ) ;
#2234 = AXIS2_PLACEMENT_3D ( 'NONE', #1741, #224, #1722 ) ;
#2235 = LINE ( 'NONE', #6, #1666 ) ;
#2236 = DIRECTION ( 'NONE',  ( -0.9992259388286606203, 0.01816453062737671126, -0.03489373868001090923 ) ) ;
#2237 = ORIENTED_EDGE ( 'NONE', *, *, #1461, .T. ) ;
#2238 = CARTESIAN_POINT ( 'NONE',  ( -16.65957470000000029, 14.53986329357081075, 10.18092188269689125 ) ) ;
#2239 = ORIENTED_EDGE ( 'NONE', *, *, #9, .T. ) ;
#2240 = CARTESIAN_POINT ( 'NONE',  ( 18.44098306713139124, 8.751636229964979918, 18.68108312124013537 ) ) ;
#2241 = CARTESIAN_POINT ( 'NONE',  ( 17.13642529999999553, 14.91153719807240563, 22.24268232574310744 ) ) ;
#2242 = ORIENTED_EDGE ( 'NONE', *, *, #331, .F. ) ;
#2243 = CARTESIAN_POINT ( 'NONE',  ( 25.86756470583712186, 11.56766909193156501, 15.83022494694838933 ) ) ;
#2244 = LINE ( 'NONE', #1503, #591 ) ;
#2245 = EDGE_CURVE ( 'NONE', #1476, #522, #2290, .T. ) ;
#2246 = PLANE ( 'NONE',  #759 ) ;
#2247 = ORIENTED_EDGE ( 'NONE', *, *, #1268, .T. ) ;
#2248 = PLANE ( 'NONE',  #955 ) ;
#2249 = ORIENTED_EDGE ( 'NONE', *, *, #86, .F. ) ;
#2250 = CARTESIAN_POINT ( 'NONE',  ( 40.35642529999999795, -6.092357029870377971, 15.15145032731811803 ) ) ;
#2251 = DIRECTION ( 'NONE',  ( -0.9992259388286606203, 0.01816453062737670085, 0.03489373868001090923 ) ) ;
#2252 = VERTEX_POINT ( 'NONE', #22 ) ;
#2253 = CARTESIAN_POINT ( 'NONE',  ( 24.04963388357922938, 11.37349797040473831, 16.14241407343644852 ) ) ;
#2254 = CARTESIAN_POINT ( 'NONE',  ( 17.21421236375328334, -9.465948876135232837, 5.684131579317176275 ) ) ;
#2255 = EDGE_CURVE ( 'NONE', #807, #1787, #1142, .T. ) ;
#2256 = B_SPLINE_SURFACE_WITH_KNOTS ( 'NONE', 3, 1, ( 
 ( #180, #1839 ),
 ( #938, #2406 ),
 ( #1287, #1470 ),
 ( #903, #1447 ) ),
 .UNSPECIFIED., .F., .F., .F.,
 ( 4, 4 ),
 ( 2, 2 ),
 ( 0.000000000000000000, 1.000000000000000000 ),
 ( 0.000000000000000000, 1.000000000000000000 ),
 .UNSPECIFIED. ) ;
#2257 = ADVANCED_FACE ( 'NONE', ( #1348 ), #1318, .T. ) ;
#2258 = DIRECTION ( 'NONE',  ( -0.03489949670250101083, -0.8186530389963597720, 0.5732270290835358439 ) ) ;
#2259 = ORIENTED_EDGE ( 'NONE', *, *, #751, .F. ) ;
#2260 = CARTESIAN_POINT ( 'NONE',  ( -16.50491807794875498, -4.257591198722531445, 15.94709927175097697 ) ) ;
#2261 = ORIENTED_EDGE ( 'NONE', *, *, #751, .T. ) ;
#2262 = CARTESIAN_POINT ( 'NONE',  ( 17.76409024657442970, 9.449021720424404691, 19.59940018305393394 ) ) ;
#2263 = CARTESIAN_POINT ( 'NONE',  ( -5.142258906430637211, 6.687241674919938816, -9.350996185005799433 ) ) ;
#2264 = VECTOR ( 'NONE', #1981, 39.37007874015748143 ) ;
#2265 = ORIENTED_EDGE ( 'NONE', *, *, #738, .T. ) ;
#2266 = VECTOR ( 'NONE', #265, 39.37007874015748854 ) ;
#2267 = CARTESIAN_POINT ( 'NONE',  ( 36.56388176971369575, -0.2796316557680009196, -6.646224956629442460 ) ) ;
#2268 = ORIENTED_EDGE ( 'NONE', *, *, #1617, .T. ) ;
#2269 = ORIENTED_EDGE ( 'NONE', *, *, #2108, .F. ) ;
#2270 = VECTOR ( 'NONE', #1653, 39.37007874015748143 ) ;
#2271 = LINE ( 'NONE', #562, #1669 ) ;
#2272 = VECTOR ( 'NONE', #1553, 39.37007874015748854 ) ;
#2273 = CARTESIAN_POINT ( 'NONE',  ( 17.20387935514345656, -6.802987922390869358, 21.28583095905808875 ) ) ;
#2274 = CARTESIAN_POINT ( 'NONE',  ( -16.65957470000000029, -10.04711537089506024, 0.3508529999239896613 ) ) ;
#2275 = ORIENTED_EDGE ( 'NONE', *, *, #375, .F. ) ;
#2276 = CARTESIAN_POINT ( 'NONE',  ( 17.61720560481691322, -9.234329390166760021, 19.88485321273364193 ) ) ;
#2277 = VERTEX_POINT ( 'NONE', #781 ) ;
#2278 = ADVANCED_FACE ( 'NONE', ( #956 ), #1536, .T. ) ;
#2279 = CARTESIAN_POINT ( 'NONE',  ( 17.71280518434359053, 9.377893884727999563, 19.69359341575562183 ) ) ;
#2280 = DIRECTION ( 'NONE',  ( -0.000000000000000000, 1.000000000000000000, -0.000000000000000000 ) ) ;
#2281 = ORIENTED_EDGE ( 'NONE', *, *, #115, .F. ) ;
#2282 = DIRECTION ( 'NONE',  ( -0.9949574626218488094, -0.1002977944577658209, 0.000000000000000000 ) ) ;
#2283 = FACE_OUTER_BOUND ( 'NONE', #1139, .T. ) ;
#2284 = ORIENTED_EDGE ( 'NONE', *, *, #2037, .T. ) ;
#2285 = DIRECTION ( 'NONE',  ( -0.9993304072200711596, -0.03489324922004657936, 0.01100901286376307874 ) ) ;
#2286 = APPLICATION_CONTEXT ( 'automotive_design' ) ;
#2287 = CARTESIAN_POINT ( 'NONE',  ( 15.56180934465841048, 4.933114189031734931, 25.86250000000000071 ) ) ;
#2288 = ORIENTED_EDGE ( 'NONE', *, *, #2079, .F. ) ;
#2289 = CARTESIAN_POINT ( 'NONE',  ( 19.44691944166542541, -10.85018174881642850, 17.84075540212126043 ) ) ;
#2290 = LINE ( 'NONE', #607, #1160 ) ;
#2291 = EDGE_CURVE ( 'NONE', #1322, #2463, #2076, .T. ) ;
#2292 =( NAMED_UNIT ( * ) PLANE_ANGLE_UNIT ( ) SI_UNIT ( $, .RADIAN. ) );
#2293 = VERTEX_POINT ( 'NONE', #382 ) ;
#2294 = CARTESIAN_POINT ( 'NONE',  ( -16.65957470000000029, -5.550000000000016698, 2.250000000000000000 ) ) ;
#2295 = EDGE_CURVE ( 'NONE', #761, #1476, #195, .T. ) ;
#2296 = FACE_OUTER_BOUND ( 'NONE', #2207, .T. ) ;
#2297 = ORIENTED_EDGE ( 'NONE', *, *, #950, .T. ) ;
#2298 = DIRECTION ( 'NONE',  ( -0.08234565470292448675, 0.8163700643541040858, 0.5716284730294867167 ) ) ;
#2299 = CARTESIAN_POINT ( 'NONE',  ( 39.15357176488907243, 11.20262413551593284, 15.15145032731811803 ) ) ;
#2300 = ORIENTED_EDGE ( 'NONE', *, *, #2419, .F. ) ;
#2301 = LINE ( 'NONE', #13, #2070 ) ;
#2302 = DIRECTION ( 'NONE',  ( 0.000000000000000000, 0.7071067811865459074, 0.7071067811865490160 ) ) ;
#2303 = ORIENTED_EDGE ( 'NONE', *, *, #1120, .F. ) ;
#2304 = EDGE_CURVE ( 'NONE', #1263, #1638, #2301, .T. ) ;
#2305 = DIRECTION ( 'NONE',  ( 0.9993900848364122291, -0.03492074355835942528, 0.000000000000000000 ) ) ;
#2306 = VECTOR ( 'NONE', #64, 39.37007874015748143 ) ;
#2307 = LINE ( 'NONE', #1010, #1118 ) ;
#2308 = ORIENTED_EDGE ( 'NONE', *, *, #1316, .T. ) ;
#2309 = LINE ( 'NONE', #2140, #1943 ) ;
#2310 = VECTOR ( 'NONE', #1575, 39.37007874015748143 ) ;
#2311 = EDGE_CURVE ( 'NONE', #383, #2159, #371, .T. ) ;
#2312 = EDGE_CURVE ( 'NONE', #84, #1638, #1934, .T. ) ;
#2313 = VECTOR ( 'NONE', #349, 39.37007874015748854 ) ;
#2314 = FACE_OUTER_BOUND ( 'NONE', #776, .T. ) ;
#2315 = AXIS2_PLACEMENT_3D ( 'NONE', #1648, #2258, #550 ) ;
#2316 = VECTOR ( 'NONE', #336, 39.37007874015748143 ) ;
#2317 = EDGE_LOOP ( 'NONE', ( #2328, #1890, #621 ) ) ;
#2318 = DIRECTION ( 'NONE',  ( 0.000000000000000000, 0.7071067811865459074, 0.7071067811865490160 ) ) ;
#2319 = CARTESIAN_POINT ( 'NONE',  ( -16.65957470000000029, -9.223988980714562302, -0.3221087929898480140 ) ) ;
#2320 = ORIENTED_EDGE ( 'NONE', *, *, #1924, .T. ) ;
#2321 = CARTESIAN_POINT ( 'NONE',  ( 34.34272937080223187, -11.17809415790008920, 15.22022777179327946 ) ) ;
#2322 = CARTESIAN_POINT ( 'NONE',  ( 17.09705214552262476, 10.82423487627877812, 11.79999668279964631 ) ) ;
#2323 = EDGE_LOOP ( 'NONE', ( #612, #981, #959, #2288, #2203, #2376, #135 ) ) ;
#2324 = CARTESIAN_POINT ( 'NONE',  ( 17.09705214552262476, 6.034878354894930297, 1.069814357056572129 ) ) ;
#2325 = CARTESIAN_POINT ( 'NONE',  ( 17.67577381844239781, -7.913958957904592140, 19.76717841079347693 ) ) ;
#2326 = DIRECTION ( 'NONE',  ( -0.000000000000000000, -1.000000000000000000, -0.000000000000000000 ) ) ;
#2327 = CARTESIAN_POINT ( 'NONE',  ( 32.02780588327691902, -11.05061709174592011, 15.30193726175516922 ) ) ;
#2328 = ORIENTED_EDGE ( 'NONE', *, *, #1588, .T. ) ;
#2329 = CARTESIAN_POINT ( 'NONE',  ( 38.15479952671874031, -10.74894695279802548, 2.497587999960239280 ) ) ;
#2330 = DIRECTION ( 'NONE',  ( -0.000000000000000000, -0.000000000000000000, 1.000000000000000000 ) ) ;
#2331 = ORIENTED_EDGE ( 'NONE', *, *, #352, .F. ) ;
#2332 = PLANE ( 'NONE',  #513 ) ;
#2333 = CARTESIAN_POINT ( 'NONE',  ( -16.65957470000000029, 4.514538163254539604, 7.244569152799043010 ) ) ;
#2334 = FACE_OUTER_BOUND ( 'NONE', #150, .T. ) ;
#2335 = EDGE_CURVE ( 'NONE', #1159, #1654, #463, .T. ) ;
#2336 = ORIENTED_EDGE ( 'NONE', *, *, #2168, .T. ) ;
#2337 = EDGE_CURVE ( 'NONE', #1782, #2222, #2377, .T. ) ;
#2338 = DIRECTION ( 'NONE',  ( 0.000000000000000000, -1.000000000000000000, 0.000000000000000000 ) ) ;
#2339 = DIRECTION ( 'NONE',  ( 0.000000000000000000, -1.000000000000000000, -5.384687491366428102E-17 ) ) ;
#2340 = ORIENTED_EDGE ( 'NONE', *, *, #1223, .T. ) ;
#2341 = CARTESIAN_POINT ( 'NONE',  ( 25.26265591734102145, -11.50346982746208546, 15.92235354007469361 ) ) ;
#2342 = PLANE ( 'NONE',  #1042 ) ;
#2343 = CARTESIAN_POINT ( 'NONE',  ( 17.09705214552262476, -10.60926992630739463, 5.644205928469054889 ) ) ;
#2344 = ORIENTED_EDGE ( 'NONE', *, *, #206, .T. ) ;
#2345 = DIRECTION ( 'NONE',  ( -0.9488720523415139496, 0.1060402193532424125, 0.2973168346473493706 ) ) ;
#2346 = VECTOR ( 'NONE', #1883, 39.37007874015748143 ) ;
#2347 = CARTESIAN_POINT ( 'NONE',  ( 17.13642529999999553, -7.683346002189320068, 22.03062847964129745 ) ) ;
#2348 = VECTOR ( 'NONE', #2345, 39.37007874015748854 ) ;
#2349 = ORIENTED_EDGE ( 'NONE', *, *, #705, .F. ) ;
#2350 = AXIS2_PLACEMENT_3D ( 'NONE', #259, #484, #455 ) ;
#2351 = CARTESIAN_POINT ( 'NONE',  ( 17.21839707031551114, 8.279141960470289163, 21.19155207190396695 ) ) ;
#2352 = VECTOR ( 'NONE', #60, 39.37007874015748854 ) ;
#2353 = CARTESIAN_POINT ( 'NONE',  ( 39.84121094544007491, -13.10349094919256174, 12.19025156647547092 ) ) ;
#2354 = ORIENTED_EDGE ( 'NONE', *, *, #1268, .F. ) ;
#2355 = ADVANCED_FACE ( 'NONE', ( #667 ), #1802, .T. ) ;
#2356 = EDGE_CURVE ( 'NONE', #247, #565, #844, .T. ) ;
#2357 = CARTESIAN_POINT ( 'NONE',  ( 23.89394100537773724, -11.35662164948078079, 16.17622234674889370 ) ) ;
#2358 = LINE ( 'NONE', #99, #1352 ) ;
#2359 = DIRECTION ( 'NONE',  ( -0.000000000000000000, 1.000000000000000000, 2.321210124542035954E-16 ) ) ;
#2360 = ORIENTED_EDGE ( 'NONE', *, *, #2385, .F. ) ;
#2361 = CARTESIAN_POINT ( 'NONE',  ( 17.19174964843098863, 9.674468272989383166, 17.18318468109832509 ) ) ;
#2362 = CARTESIAN_POINT ( 'NONE',  ( 0.000000000000000000, 0.000000000000000000, 0.000000000000000000 ) ) ;
#2363 = CARTESIAN_POINT ( 'NONE',  ( 17.21402477631150774, -8.276313678256434159, 21.19496142887719614 ) ) ;
#2364 = ORIENTED_EDGE ( 'NONE', *, *, #1938, .T. ) ;
#2365 = PLANE ( 'NONE',  #440 ) ;
#2366 = DIRECTION ( 'NONE',  ( 0.000000000000000000, 0.5735764363510442720, 0.8191520442889929088 ) ) ;
#2367 = VERTEX_POINT ( 'NONE', #1242 ) ;
#2368 = CARTESIAN_POINT ( 'NONE',  ( 17.13642529999999553, 14.91153719807240563, 25.86250000000000071 ) ) ;
#2369 = CARTESIAN_POINT ( 'NONE',  ( -15.50957469999999994, -1.114969928047680749E-15, 7.778489640588212239 ) ) ;
#2370 = EDGE_CURVE ( 'NONE', #1069, #2407, #270, .T. ) ;
#2371 = DIRECTION ( 'NONE',  ( -0.9368232497939062986, 0.08257284128151763658, -0.3399175260681355226 ) ) ;
#2372 = VERTEX_POINT ( 'NONE', #1419 ) ;
#2373 = DIRECTION ( 'NONE',  ( -0.9992259388286606203, -0.01816453062737671126, -0.03489373868001090923 ) ) ;
#2374 = EDGE_CURVE ( 'NONE', #127, #582, #1370, .T. ) ;
#2375 = CARTESIAN_POINT ( 'NONE',  ( -16.03805626151657293, 8.398952165964566063, 8.401880890866006979 ) ) ;
#2376 = ORIENTED_EDGE ( 'NONE', *, *, #2227, .T. ) ;
#2377 = LINE ( 'NONE', #817, #1634 ) ;
#2378 = LINE ( 'NONE', #668, #1911 ) ;
#2379 = ORIENTED_EDGE ( 'NONE', *, *, #1223, .F. ) ;
#2380 = DIRECTION ( 'NONE',  ( 0.1713881501090771253, -0.01712089021603179287, 0.9850548091961172092 ) ) ;
#2381 = LINE ( 'NONE', #2369, #2035 ) ;
#2382 = PLANE ( 'NONE',  #1626 ) ;
#2383 = ORIENTED_EDGE ( 'NONE', *, *, #2415, .F. ) ;
#2384 = CARTESIAN_POINT ( 'NONE',  ( -16.65957470000000029, 3.811699451946195971, 7.738330755672703454 ) ) ;
#2385 = EDGE_CURVE ( 'NONE', #1880, #1913, #1030, .T. ) ;
#2386 = CARTESIAN_POINT ( 'NONE',  ( 25.40057803596091546, 10.36173649904675464, 15.89689887542052738 ) ) ;
#2387 = EDGE_CURVE ( 'NONE', #907, #1263, #1597, .T. ) ;
#2388 = VECTOR ( 'NONE', #826, 39.37007874015748143 ) ;
#2389 = VERTEX_POINT ( 'NONE', #2171 ) ;
#2390 = AXIS2_PLACEMENT_3D ( 'NONE', #1493, #2051, #136 ) ;
#2391 = PLANE ( 'NONE',  #2194 ) ;
#2392 = LINE ( 'NONE', #644, #1507 ) ;
#2393 = VECTOR ( 'NONE', #1599, 39.37007874015748143 ) ;
#2394 = ORIENTED_EDGE ( 'NONE', *, *, #880, .T. ) ;
#2395 = LINE ( 'NONE', #2368, #2310 ) ;
#2396 = VECTOR ( 'NONE', #1727, 39.37007874015748854 ) ;
#2397 = DIRECTION ( 'NONE',  ( -0.03489949670250101083, 0.000000000000000000, 0.9993908270190957621 ) ) ;
#2398 = CARTESIAN_POINT ( 'NONE',  ( 17.21421236375321939, 9.481704186734715378, 6.135304644195207047 ) ) ;
#2399 = ORIENTED_EDGE ( 'NONE', *, *, #143, .F. ) ;
#2400 =( GEOMETRIC_REPRESENTATION_CONTEXT ( 3 ) GLOBAL_UNCERTAINTY_ASSIGNED_CONTEXT ( ( #1775 ) ) GLOBAL_UNIT_ASSIGNED_CONTEXT ( ( #315, #1067, #91 ) ) REPRESENTATION_CONTEXT ( 'NONE', 'WORKASPACE' ) );
#2401 = CARTESIAN_POINT ( 'NONE',  ( -16.64562144743725725, 9.647789902950281160, 11.79999999999995985 ) ) ;
#2402 = PLANE ( 'NONE',  #1035 ) ;
#2403 = ADVANCED_FACE ( 'NONE', ( #617 ), #2365, .F. ) ;
#2404 = ORIENTED_EDGE ( 'NONE', *, *, #507, .F. ) ;
#2405 = EDGE_CURVE ( 'NONE', #1359, #1094, #1776, .T. ) ;
#2406 = CARTESIAN_POINT ( 'NONE',  ( 17.13642529999999553, 12.46133856292462205, 16.26118847723761007 ) ) ;
#2407 = VERTEX_POINT ( 'NONE', #2147 ) ;
#2408 = CARTESIAN_POINT ( 'NONE',  ( -16.65957470000000029, -6.920500268217389284, 21.06250000000000000 ) ) ;
#2409 = CARTESIAN_POINT ( 'NONE',  ( 11.03224009037439401, 14.91153719807240563, 21.10643329084151887 ) ) ;
#2410 = PLANE ( 'NONE',  #357 ) ;
#2411 = ORIENTED_EDGE ( 'NONE', *, *, #1647, .T. ) ;
#2412 = FACE_OUTER_BOUND ( 'NONE', #58, .T. ) ;
#2413 = DIRECTION ( 'NONE',  ( -0.9368232497939062986, 0.08257284128151763658, -0.3399175260681355226 ) ) ;
#2414 = ORIENTED_EDGE ( 'NONE', *, *, #176, .F. ) ;
#2415 = EDGE_CURVE ( 'NONE', #178, #1081, #2001, .T. ) ;
#2416 = DIRECTION ( 'NONE',  ( 0.000000000000000000, 0.2360552113388386386, -0.9717396447607642429 ) ) ;
#2417 = ORIENTED_EDGE ( 'NONE', *, *, #2199, .T. ) ;
#2418 = CARTESIAN_POINT ( 'NONE',  ( -0.4300413910988259425, -4.269468596378786174, 1.069817674256892559 ) ) ;
#2419 = EDGE_CURVE ( 'NONE', #379, #492, #425, .T. ) ;
#2420 = CARTESIAN_POINT ( 'NONE',  ( 8.279145985001095553, 8.463866325593748741, 20.37667659513939711 ) ) ;
#2421 = PLANE ( 'NONE',  #2146 ) ;
#2422 = EDGE_LOOP ( 'NONE', ( #1486, #1372, #1442, #1704 ) ) ;
#2423 = VERTEX_POINT ( 'NONE', #1572 ) ;
#2424 = CARTESIAN_POINT ( 'NONE',  ( 28.93115268409501084, 11.88832606900873756, 15.49201492190701757 ) ) ;
#2425 = DIRECTION ( 'NONE',  ( 1.078153023544999056E-13, 0.03489949670248570363, -0.9993908270190963172 ) ) ;
#2426 = FACE_OUTER_BOUND ( 'NONE', #1020, .T. ) ;
#2427 = EDGE_LOOP ( 'NONE', ( #1941, #1303, #2041, #1088 ) ) ;
#2428 = ORIENTED_EDGE ( 'NONE', *, *, #1837, .F. ) ;
#2429 = DIRECTION ( 'NONE',  ( -0.9993908270190957621, 0.000000000000000000, 0.03489949670250101083 ) ) ;
#2430 = VECTOR ( 'NONE', #665, 39.37007874015748143 ) ;
#2431 = DIRECTION ( 'NONE',  ( 0.6246950442813314908, 0.000000000000000000, -0.7808688120615046024 ) ) ;
#2432 = VECTOR ( 'NONE', #706, 39.37007874015748854 ) ;
#2433 = CARTESIAN_POINT ( 'NONE',  ( -16.65957517244094532, -11.72330057445263485, 13.69164209561312262 ) ) ;
#2434 = ORIENTED_EDGE ( 'NONE', *, *, #496, .T. ) ;
#2435 = VECTOR ( 'NONE', #1396, 39.37007874015748854 ) ;
#2436 = CARTESIAN_POINT ( 'NONE',  ( 27.08961661536251952, 11.69634590848714950, 15.67331767006562693 ) ) ;
#2437 = VECTOR ( 'NONE', #262, 39.37007874015748854 ) ;
#2438 = CARTESIAN_POINT ( 'NONE',  ( -16.66057470000000151, -4.900716284520176380, 16.43171165450023352 ) ) ;
#2439 = CARTESIAN_POINT ( 'NONE',  ( -16.78518503367645209, -6.918216847957247673, 21.05811359049190301 ) ) ;
#2440 = ORIENTED_EDGE ( 'NONE', *, *, #352, .T. ) ;
#2441 = CARTESIAN_POINT ( 'NONE',  ( 17.13642529999999553, -10.40345237127228728, -0.3632965621754559171 ) ) ;
#2442 = CARTESIAN_POINT ( 'NONE',  ( 17.33460680165163126, 7.256171636030612326, 20.65744941886944375 ) ) ;
#2443 = LINE ( 'NONE', #1855, #2068 ) ;
#2444 = PRODUCT ( '27_CH_Monocoque', '27_CH_Monocoque', '', ( #864 ) ) ;
#2445 = ORIENTED_EDGE ( 'NONE', *, *, #2227, .F. ) ;
#2446 = EDGE_CURVE ( 'NONE', #2084, #1978, #246, .T. ) ;
#2447 = PLANE ( 'NONE',  #361 ) ;
#2448 = LINE ( 'NONE', #936, #197 ) ;
#2449 = ADVANCED_FACE ( 'NONE', ( #1763 ), #1201, .T. ) ;
#2450 = CARTESIAN_POINT ( 'NONE',  ( 17.09705214552262476, 10.60926992630739463, 5.644205928469054889 ) ) ;
#2451 = ORIENTED_EDGE ( 'NONE', *, *, #413, .F. ) ;
#2452 = LINE ( 'NONE', #1107, #1307 ) ;
#2453 = LINE ( 'NONE', #743, #842 ) ;
#2454 = CARTESIAN_POINT ( 'NONE',  ( 22.14710025218797185, -10.00847847806334734, 16.62049197065399753 ) ) ;
#2455 = EDGE_LOOP ( 'NONE', ( #986, #661, #554, #1101, #1173, #1168, #303, #232 ) ) ;
#2456 = CARTESIAN_POINT ( 'NONE',  ( 20.52213332033509730, 10.97975038384074153, 17.23440632152570373 ) ) ;
#2457 = EDGE_LOOP ( 'NONE', ( #2440, #113, #2210, #851, #857 ) ) ;
#2458 = PLANE ( 'NONE',  #1504 ) ;
#2459 = ADVANCED_FACE ( 'NONE', ( #2160 ), #1225, .F. ) ;
#2460 = ADVANCED_FACE ( 'NONE', ( #683 ), #2391, .F. ) ;
#2461 = CARTESIAN_POINT ( 'NONE',  ( 17.13642529999999553, -6.038847525395529381, 1.069817674256889450 ) ) ;
#2462 = LINE ( 'NONE', #1140, #549 ) ;
#2463 = VERTEX_POINT ( 'NONE', #675 ) ;
#2464 = DIRECTION ( 'NONE',  ( -0.9992964041483339832, -0.03439521383019556594, 0.01495546461279635177 ) ) ;
#2465 = DIRECTION ( 'NONE',  ( 1.000000000000000000, 0.000000000000000000, 0.000000000000000000 ) ) ;
#2466 = VECTOR ( 'NONE', #54, 39.37007874015748143 ) ;
#2467 = VERTEX_POINT ( 'NONE', #1980 ) ;
ENDSEC;
END-ISO-10303-21;
